


                              Fusion Compiler (TM)

                Version X-2025.06-SP3 for linux64 - Feb 27, 2026
  This release has significant feature enhancements. Please review the Release
                       Notes associated with this release.

                    Copyright (c) 1988 - 2026 Synopsys, Inc.
   This software and the associated documentation are proprietary to Synopsys,
      Inc.  This software may only be used in accordance with the terms and
  conditions of a written license agreement with Synopsys, Inc.  All other use,
   reproduction, or distribution of this software is strictly prohibited.  By
   installing, accessing, using, or executing this software, you agree that it
  will reside on, operate within, and have access to the computers and networks
    where such software is used ("Host System"), and that Synopsys may access
     components and data of the Host System as necessary for it to function
 properly, to authenticate and validate license keys, to verify that it is used
 only in conformity with the applicable license restrictions, and to communicate
                 error messages and associated data to Synopsys.

 
Information: Term was not able to be set up using xterm-256color . Using "xterm" by default instead. (CLE-10)
set sh_continue_on_error false
false
# ============================================================
# cts.tcl
# Sintese da arvore de clock (CTS)
# Projeto: Filtro PDM CIC + FIR
# Ferramenta: Synopsys Fusion Compiler
# Tecnologia: SAED32 RVT
#
# Entrada:  filtro_pdm/place
# Saida:    filtro_pdm/cts
#
# ATENCAO:
# Versao candidata, ainda nao validada no Fusion Compiler.
# ============================================================
file mkdir pnr/reports/cts
# ------------------------------------------------------------
# 1. Abrir o checkpoint do placement
# ------------------------------------------------------------
open_lib pnr/work/filtro_pdm.dlib
Information: Loading library file '/home/raissa.crispim/tcc_filtro/pnr/work/filtro_pdm.dlib' (FILE-007)
Information: Loading library file '/Tools/PDK/SAED32/EDK_Digital/lib/stdcell_rvt/ndm/saed32rvt_base_frame_timing.ndm' (FILE-007)
{filtro_pdm.dlib}
open_block filtro_pdm/place
Information: User units loaded from library 'saed32rvt_base_frame_timing' (LNK-040)
Opening block 'filtro_pdm.dlib:filtro_pdm/place.design' in edit mode
{filtro_pdm.dlib:filtro_pdm/place.design}
# ------------------------------------------------------------
# 2. Ajustes de otimizacao
# ------------------------------------------------------------
# Transicao maxima (tambem definida no SDC fisico; reaplicada
# aqui porque o bloco foi criado antes dessa restricao).
set_max_transition 0.50 [current_design]
Using libraries: filtro_pdm.dlib saed32rvt_base_frame_timing
Warning: In library filtro_pdm.dlib, no block views exist for block filtro_pdm. (LNK-064)
Visiting block filtro_pdm.dlib:filtro_pdm/place.design
Design 'filtro_pdm' was successfully linked.
1
# Permite o uso das celulas TIE (TIEH/TIEL) caso a otimizacao
# gere redes constantes (aviso OPT-200 no placement).
set_lib_cell_purpose -include optimization [get_lib_cells */TIE*]
Information: The design specific attribute override for lib_cell 'saed32rvt_base_frame_timing:TIEH_RVT.timing' is set in the current block 'filtro_pdm', because the actual library setting may not be overwritten. (ATTR-12)
Information: The design specific attribute override for lib_cell 'saed32rvt_base_frame_timing:TIEL_RVT.timing' is set in the current block 'filtro_pdm', because the actual library setting may not be overwritten. (ATTR-12)
1
# ------------------------------------------------------------
# 3. Verificacoes antes do CTS
# ------------------------------------------------------------
check_clock_trees > pnr/reports/cts/check_clock_trees.rpt
# ------------------------------------------------------------
# 4. CTS, roteamento do clock e otimizacao
#
# clock_opt executa:
#   - construcao da arvore (buffers de clock)
#   - roteamento das redes de clock
#   - otimizacao com clock propagado, incluindo hold
# ------------------------------------------------------------
clock_opt
Information: Starting 'clock_opt' (FLW-8000)
Information: Time: 2026-10-09 21:14:08 / Session:  00:00:13 / Command:  00:00:00 / CPU:  00:00:00 / Memory: 611 MB (FLW-8100)
INFO: Running medium effort clock_opt flow.
INFO: clock_opt is running in balanced flow mode.
INFO: Total Power Aware Optimization Enabled (Dynamic + Leakage)
INFO: clock_opt is running with flow.common.io_priority high.
Information: The stitching and editing of coupling caps is turned OFF for design 'filtro_pdm.dlib:filtro_pdm/place.design'. (TIM-125)
Information: Design Average RC for design filtro_pdm  (NEX-011)
Information: r = 1.671985 ohm/um, via_r = 0.578740 ohm/cut, c = 0.085247 ff/um, cc = 0.000000 ff/um (X dir) (NEX-017)
Information: r = 1.786480 ohm/um, via_r = 0.461313 ohm/cut, c = 0.074912 ff/um, cc = 0.000000 ff/um (Y dir) (NEX-017)
Number of Site types in the design = 1
Setting up Chip Core
Chip Core shape: (100000 100000) (2304000 2273600)
Number of VARs = 1
Number of unique PDs = 1
Number of Power Domains = 1
Number of Voltage Areas = 1
Number of supply Nets = 2
Number of used supplies = 0
Blocked VAs: 
INFO: run stage build_clock (init -> end)


----------------------------------------------------------------------------------------------------------
Information: Starting clock_opt / build_clock (FLW-8000)
Information: Time: 2026-10-09 21:14:09 / Session:  00:00:14 / Command:  00:00:00 / CPU:  00:00:00 / Memory: 611 MB (FLW-8100)
----------------------------------------------------------------------------------------------------------

Information: Starting clock_opt / build_clock / Trial CTS (FLW-8000)
Information: Time: 2026-10-09 21:14:09 / Session:  00:00:14 / Command:  00:00:00 / CPU:  00:00:00 / Memory: 611 MB (FLW-8100)
Running clock synthesis step.
Info: Enabling GR in trial CTO
cts.compile.enable_local_skew turned off because cts.common.enable_max is true
Information: The value of option cts.compile.enable_cell_relocation has been overridden to "leaf_only" to support latency-driven placement. (CTS-973)
************************************************************
* CTS STEP: Design Initialization for Trial Synthesis
************************************************************
Information: All clock objects will be converted from ideal to propagated clock during CTS. (CTS-105)
Information: CTS will work on the following scenarios. (CTS-101)
   default	(Mode: default; Corner: default)
Information: CTS will work on all clocks in active scenarios, including 1 master clocks and 0 generated clocks. (CTS-107)
Output units used in this log:
   Time        : 1.00ns
   Resistance  : 1.00MOhm
   Capacitance : 1.00fF
   Power       : 1.00pW
   Length      : 1.00um
Information: Clock derating is enabled

CTS related app options set by user:
   cts.common.copy_balance_points_to_missing_modes = true
   cts.common.enable_ndr_enhancement = 1
   cts.compile.enable_local_skew = true
   cts.compile.tighten_target_tran = true
   cts.icg.timing_aware = true
   cts.optimize.enable_global_route = true
   cts.optimize.enable_improvement_mode = skew
   cts.optimize.enable_local_skew = true
   cts.optimize.enable_via_ladder = true
   cts.optimize.honor_max_net_length = true
   cts.optimize.patch_route_keep_topology = 1
   cts.optimize.problem_generator_enhancement_revision = 1
   cts.optimize.respect_preserved_hier_port = true

Buffer/Inverter reference list for clock tree synthesis:
   saed32rvt_base_frame_timing/DELLN1X2_RVT
   saed32rvt_base_frame_timing/DELLN2X2_RVT
   saed32rvt_base_frame_timing/DELLN3X2_RVT
   saed32rvt_base_frame_timing/NBUFFX16_RVT
   saed32rvt_base_frame_timing/NBUFFX2_RVT
   saed32rvt_base_frame_timing/NBUFFX32_RVT
   saed32rvt_base_frame_timing/NBUFFX4_RVT
   saed32rvt_base_frame_timing/NBUFFX8_RVT
   saed32rvt_base_frame_timing/AOBUFX1_RVT
   saed32rvt_base_frame_timing/AOBUFX2_RVT
   saed32rvt_base_frame_timing/AOBUFX4_RVT
   saed32rvt_base_frame_timing/IBUFFX16_RVT
   saed32rvt_base_frame_timing/IBUFFX2_RVT
   saed32rvt_base_frame_timing/IBUFFX32_RVT
   saed32rvt_base_frame_timing/IBUFFX4_RVT
   saed32rvt_base_frame_timing/IBUFFX8_RVT
   saed32rvt_base_frame_timing/INVX0_RVT
   saed32rvt_base_frame_timing/INVX16_RVT
   saed32rvt_base_frame_timing/INVX1_RVT
   saed32rvt_base_frame_timing/INVX2_RVT
   saed32rvt_base_frame_timing/INVX32_RVT
   saed32rvt_base_frame_timing/INVX4_RVT
   saed32rvt_base_frame_timing/INVX8_RVT
   saed32rvt_base_frame_timing/AOINVX1_RVT
   saed32rvt_base_frame_timing/AOINVX2_RVT
   saed32rvt_base_frame_timing/AOINVX4_RVT

ICG reference list:
   saed32rvt_base_frame_timing/CGLNPRX2_RVT
   saed32rvt_base_frame_timing/CGLNPRX8_RVT
   saed32rvt_base_frame_timing/CGLNPSX16_RVT
   saed32rvt_base_frame_timing/CGLNPSX2_RVT
   saed32rvt_base_frame_timing/CGLNPSX4_RVT
   saed32rvt_base_frame_timing/CGLNPSX8_RVT
   saed32rvt_base_frame_timing/CGLPPRX2_RVT
   saed32rvt_base_frame_timing/CGLPPRX8_RVT
   saed32rvt_base_frame_timing/CGLPPSX16_RVT
   saed32rvt_base_frame_timing/CGLPPSX2_RVT
   saed32rvt_base_frame_timing/CGLPPSX4_RVT
   saed32rvt_base_frame_timing/CGLPPSX8_RVT

Information: 'default' is identified as primary corner for initial clock tree building. (CTS-103)
Number of Site types in the design = 1
Setting up Chip Core
Chip Core shape: (100000 100000) (2304000 2273600)
Number of VARs = 1
Number of unique PDs = 1
Number of Power Domains = 1
Number of Voltage Areas = 1
Number of supply Nets = 2
Number of used supplies = 0
Blocked VAs: 
Warning: No clock routing rule is specified. (CTS-038)

Clock cell spacing rule list:
   No clock cell spacing rule is found.
Information: The run time for design initialization is 0 hr : 0 min : 0.22 sec, cpu time is 0 hr : 0 min : 0.21 sec. (CTS-104)
************************************************************
* CTS STEP: Existing Clock Tree Removal
************************************************************

No buffer or inverter has been removed.
Information: The run time for existing clock tree removal is 0 hr : 0 min : 0.00 sec, cpu time is 0 hr : 0 min : 0.00 sec. (CTS-104)
************************************************************
* CTS STEP: Clock Tree Initialization
************************************************************
Drc Mode Option: auto
Information: Initializing classic cellmap without advanced rules enabled and with PDC enabled
Information: The following app options are used in cellmap
        place.legalize.enable_color_aware_placement : false
        place.legalize.use_nll_query_cm : false
        place.legalize.enable_advanced_legalizer : false
        place.legalize.enable_prerouted_net_check : true
        place.legalize.enable_advanced_prerouted_net_check : false
        place.legalize.always_continue : true
        place.legalize.limit_legality_checks : false
        place.common.pnet_aware_density : 1.0000
        place.common.pnet_aware_min_width : 0.0000
        place.common.pnet_aware_layers : {}
        place.common.use_placement_model : false
        place.common.enable_advanced_placement_model : true
        cts.placement.cell_spacing_rule_style : maximum
Information: Creating classic rule checker.
Warning: Routing direction of metal layer PO is neither "horizontal" nor "vertical".  PDC checks will not be performed on this layer. (PDC-003)
PDC app_options settings =========
	place.legalize.enable_prerouted_net_check: 1
	place.legalize.num_tracks_for_access_check: 1
	place.legalize.use_eol_spacing_for_access_check: 0
	place.legalize.allow_touch_track_for_access_check: 1
	place.legalize.reduce_conservatism_in_eol_check: 0
	place.legalize.preroute_shape_merge_distance: 0.0
	place.legalize.enable_non_preferred_direction_span_check: 0

Layer M1: cached 0 shapes out of 131 total shapes.
Cached 1442 vias out of 1560 total vias.
Total 0.0672 seconds to build cellmap data
INFO: creating 29(r) x 29(c) GridCells YDim 8.36 XDim 8.36
INFO: number of GridCells (filtro_pdm/place): 841
INFO: creating 29(r) x 29(c) GridCells YDim 8.36 XDim 8.36
INFO: number of GridCells (filtro_pdm/place): 841
Total 0.1294 seconds to load 8136 cell instances into cellmap
Moveable cells: 8136; Application fixed cells: 0; Macro cells: 0; User fixed cells: 0
Average cell width 2.4219, cell height 1.6720, cell area 4.0494 for total 8136 placed and application fixed cells
Information: Legalizer's PDC rule check is enabled
Information: Legalizer's advanced rule check is enabled

Start Auto-Exception Derivations...
 No internal pin was found.
 No conflict pin was found.
 No macro pin was found for clock balance point settings.
 No macro pin was found for disabling self arcs.
Info: 1332 sinks and boundary insts are collected
Information: The run time for clock tree initialization is 0 hr : 0 min : 0.23 sec, cpu time is 0 hr : 0 min : 0.23 sec. (CTS-104)
Setting target skew for clock: clk (mode default corner default) as 31.249950
Target skew for clocks, modes and corners:
Information: Target skew for clock 'clk' in mode 'default' corner 'default' is 31.249950. (CTS-083)
Drc Mode Option: auto
Corner Scaling is off, multiplier is 1.000000
Automatic Zbuf-CTS Mode: total_powerInformation: Running Max-CTS
Enable multi-thread Tasks, number of thread is 1
Info: run cts with the following settings: _runCts 1 _runCto 1 _runSnapClockSinks 1
Information: The stitching and editing of coupling caps is turned OFF for design 'filtro_pdm.dlib:filtro_pdm/place.design'. (TIM-125)
Information: The RC mode used is VR for design 'filtro_pdm'. (NEX-022)
Information: Update timing completed net estimation for all the timing graph nets (TIM-111)
Information: Net estimation statistics: timing graph nets = 12051, routed nets = 0, across physical hierarchy nets = 0, parasitics cached nets = 0, delay annotated nets = 0, parasitics annotated nets = 0, multi-voltage nets = 0. (TIM-112)
************************************************************
Timer Settings:
Delay Calculation Style:                   auto
Signal Integrity Analysis:                 disabled
Timing Window Analysis:                    disabled
Advanced Waveform Propagation:             disabled
Variation Type:                            fixed_derate
Clock Reconvergence Pessimism Removal:     disabled
Advanced Receiver Model:                   disabled
LLE:                                       disabled
ML Acceleration:                           off
Smart Arc Optimization:                    disabled
************************************************************
************************************************************
* CTS STEP: Clock Cell Relocation
************************************************************
Warning: No clock routing rules were specified. Use set_clock_routing_rules to specify routing rules for accurate clock latency estimation. (OPT-902)
A total of 0 clock cells have been relocated
Information: The run time for clock cell relocation is 0 hr : 0 min : 0.33 sec, cpu time is 0 hr : 0 min : 0.33 sec. (CTS-104)
Information: The run time for netlink placement is 0 hr : 0 min : 0.00 sec, cpu time is 0 hr : 0 min : 0.00 sec. (CTS-104)
************************************************************
* CTS STEP: Gate-By-Gate Clock Tree Synthesis
************************************************************
Design rule constraints:
     max fanout  = 1000000
Computing criticality for all echelons
Warning: No clock routing rules were specified. Use set_clock_routing_rules to specify routing rules for accurate clock latency estimation. (OPT-902)
Num of echelons 1
  Level 0 Num Nodes: 1
Processing Echelon 1
Processing parameter set (max_tran 0.500000 max_cap 0.600000)
Warning: No default voltage defined in the design, taking it as zero for power calculations. (POW-080)
Warning: No default voltage defined in the design, taking it as zero for power calculations. (POW-080)
Warning: No default voltage defined in the design, taking it as zero for power calculations. (POW-080)
Warning: No default voltage defined in the design, taking it as zero for power calculations. (POW-080)
Warning: No default voltage defined in the design, taking it as zero for power calculations. (POW-080)
Warning: No default voltage defined in the design, taking it as zero for power calculations. (POW-080)
Warning: No default voltage defined in the design, taking it as zero for power calculations. (POW-080)
Warning: No default voltage defined in the design, taking it as zero for power calculations. (POW-080)
Warning: No default voltage defined in the design, taking it as zero for power calculations. (POW-080)
Warning: No default voltage defined in the design, taking it as zero for power calculations. (POW-080)
Note - message 'POW-080' limit (10) exceeded. Remainder will be suppressed.
Information: timingScenario CTS_DRC_OFF_SCEN0 timingCorner default.  Using corner default for worst leakage corner. Using corner default for worst dynamic corner. (OPT-078)
Information: Nominal = 0.0378744  Design MT = 0.475000  Target = 0.1513321  MaxRC = 0.105270 Fast Target = 0.049390 (OPT-081)
Using layer M4 for buffering distances in roi (originally M4)
bmap: stepx = stepy = 83600
creating bmap
DB units per micron : 10000
Core Area = 29 X 29 ()
Running regular buffering flow.
   10% ...Number of Drivers Sized: 0 [0.00%]

-------------------------------------------------------------
 Echelon 1 gate by gate clock synthesis
 Gate level 1 clock tree synthesis
 Driving pin = clk
 Clocks: 
     clk (default)
 Design rule constraints:
     max transition = 0.500000
     max capacitance = 600.000000
 Number of Sinks = 1332
 Number of Gates = 0
 Number of Loads = 1332
 Added 33 Repeaters (B: 0 I: 33). Built 2 Repeater Levels for driver clk
Information: The RC mode used is VR for design 'filtro_pdm'. (NEX-022)
 Phase delay: (max r/f: 0.183582/nan  min r/f: 0.183582/nan) : clk
Information: The run time for gate-by-gate clock tree synthesis is 0 hr : 0 min : 2.68 sec, cpu time is 0 hr : 0 min : 2.67 sec. (CTS-104)
************************************************************
* CTS STEP: Latency Bottleneck Analysis
************************************************************
The longest paths are reported for the primary corner.

Information: Latency Bottleneck Path for clock 'clk' and skew group 'default' in mode 'default' for clock root 'clk': (CTS-141)
(1) clk [Location: (221.89, 0.14)] [Pre-CTS Fanout: 1332] [Phase Delay: (Rise: 0.183582, Fall: nan)]
 (2) u_fir/delay_reg_25__0_/CLK [Location: (16.26, 227.19)] [SINK PIN]

Information: The run time for Latency Bottleneck Analysis is 0 hr : 0 min : 0.00 sec, cpu time is 0 hr : 0 min : 0.00 sec. (CTS-104)
************************************************************
* CTS STEP: DRC Fixing Beyond Exceptions
************************************************************
Warning: No clock routing rules were specified. Use set_clock_routing_rules to specify routing rules for accurate clock latency estimation. (OPT-902)
Design rule constraints:
     max fanout  = 1000000
Num of echelons 0
Information: The run time for DRC fixing beyond exceptions is 0 hr : 0 min : 0.30 sec, cpu time is 0 hr : 0 min : 0.30 sec. (CTS-104)
There are 0 buffers and 33 inverters added (total area 171.80) by Clock Tree Synthesis.
Information: 0 out of 33 clock cells have been moved due to NDR or via ladder related legalization rules.
Info: Clock cell and register co-legalization is disabled since advanced legalizer is disabled.
==============================Displacement Report for clock sink==============================
Clock sink moved: 37 out of 1332, orientation changed without moving: 622
Clock sink displacement max = 3.496000 um, average = 0.050667 um
Clock sink with large displacement: 0 (Threshold: 5.016000 um)
Largest displacement cells:
Clock sink inst 'u_fir/delay_reg_61__14_' snapped from (163.67, 30.06) (R180) to (163.82, 33.41) (MX) displacement = 3.496000 um.
Clock sink inst 'u_cic_u_combs_u_comb4_x_delay_reg_17_' snapped from (161.70, 26.72) (MX) to (161.70, 30.06) (MX) displacement = 3.344000 um.
Clock sink inst 'u_fir/delay_reg_40__11_' snapped from (141.48, 213.98) (R180) to (141.48, 217.33) (MX) displacement = 3.344000 um.
Clock sink inst 'u_fir/delay_reg_49__2_' snapped from (20.34, 157.14) (MX) to (20.34, 160.48) (MX) displacement = 3.344000 um.
Clock sink inst 'u_fir/delay_reg_55__3_' snapped from (49.98, 40.10) (R180) to (49.98, 36.75) (MX) displacement = 3.344000 um.
Clock sink inst 'u_fir/delay_reg_9__15_' snapped from (195.14, 55.14) (R0) to (194.07, 56.82) (MX) displacement = 2.736000 um.
Clock sink inst 'u_fir/delay_reg_34__12_' snapped from (142.39, 212.31) (R0) to (141.48, 213.98) (MX) displacement = 2.584000 um.
Clock sink inst 'u_cic_u_combs_u_comb3_x_delay_reg_4_' snapped from (166.86, 26.72) (MX) to (167.62, 25.05) (R0) displacement = 2.432000 um.
Clock sink inst 'u_fir/delay_reg_58__16_' snapped from (171.12, 53.47) (MX) to (170.36, 51.80) (R0) displacement = 2.432000 um.
Clock sink inst 'u_fir/delay_reg_28__11_' snapped from (130.99, 213.98) (R180) to (128.71, 213.98) (MX) displacement = 2.280000 um.
==============================================================================================
Information: The run time for snapping registers is 0 hr : 0 min : 0.06 sec, cpu time is 0 hr : 0 min : 0.06 sec. (CTS-104)
INFO: wire-opt feature for router enabled
NEX(Warning): extract.rc_techfile_for_diode_mode_26_thickness not set, will igonre it
Cell Min-Routing-Layer = M1
Cell Max-Routing-Layer = MRDL
Turn off antenna since no rule is specified
Information: Option route.detail.force_end_on_preferred_grid will be ignored since none of the layers have preferred grid. (ZRT-703)
Warning: Cannot find a default contact code for layer CO. (ZRT-022)
Info: number of net_type_blockage: 0 
Information: Via ladder engine would be activated for pattern must join connection in certain commands. Please refer to man-page for the command list. (ZRT-619)
Information: AutoNdr rule can't be found. Check the settings.
Information: When applicable Min-max layer allow_pin_connection mode will allow paths of length 3.55 outside the layer range. (ZRT-707)
Information: When applicable Min-max layer allow_pin_connection mode will allow paths of length 3.55 outside the layer range on clock nets. (ZRT-718)
Information: When applicable layer based tapering will taper up to 0.00 in distance from the pin. (ZRT-706)
Warning: Cell u_fir/delay_reg_57__4_ is placed overlapping with other cells at {{50.888 33.408} {56.056 35.080}}. (ZRT-763)
Warning: Cell u_fir/intadd_31_U9 is placed overlapping with other cells at {{108.952 23.376} {111.840 25.048}}. (ZRT-763)
Warning: Cell u_fir/delay_reg_61__14_ is placed overlapping with other cells at {{163.824 33.408} {168.992 35.080}}. (ZRT-763)
Warning: Cell u_fir/delay_reg_49__2_ is placed overlapping with other cells at {{20.336 160.480} {25.504 162.152}}. (ZRT-763)
Warning: Cell u_fir/delay_reg_31__10_ is placed overlapping with other cells at {{110.776 180.544} {115.944 182.216}}. (ZRT-763)
CTO: setting route_reuse..
************************************************************
* CTS STEP: Clock Net Global Routing
************************************************************
Performing initial clock net global routing ...
Loading parastics information to the router ...
parastics information loaded to the router.
[End of Loading Timing] Elapsed real time: 0:00:00 
[End of Loading Timing] Elapsed cpu  time: sys=0:00:00 usr=0:00:00 total=0:00:00
Information: The net parasitics of block filtro_pdm are cleared. (TIM-123)
Total number of global routed clock nets: 34
Information: The run time for clock net global routing is 0 hr : 0 min : 0.69 sec, cpu time is 0 hr : 0 min : 0.68 sec. (CTS-104)
Information: The stitching and editing of coupling caps is turned OFF for design 'filtro_pdm.dlib:filtro_pdm/place.design'. (TIM-125)
Information: Design filtro_pdm has 12086 nets, 34 global routed, 0 detail routed. (NEX-024)
Information: The RC mode used is CTO for design 'filtro_pdm'. (NEX-022)
Information: Update timing completed net estimation for all the timing graph nets (TIM-111)
Information: Net estimation statistics: timing graph nets = 12084, routed nets = 34, across physical hierarchy nets = 0, parasitics cached nets = 34, delay annotated nets = 0, parasitics annotated nets = 0, multi-voltage nets = 0. (TIM-112)
Information: The netlist change observers are disabled for incremental timing updates. (TIM-119)
Information: The netlist change observers are disabled for incremental extraction. (TIM-126)
CTSSC route status detected: clock (VR 0, GR 2787, DR 0), data (VR 12050, GR 0, DR 0); stage = auto, isPostRoute = FALSE
Information: 'default' is identified as primary corner for initial clock tree building. (CTS-103)
INFO: wire-opt feature for router enabled
Cell Min-Routing-Layer = M1
Cell Max-Routing-Layer = MRDL
Turn off antenna since no rule is specified
Information: Option route.detail.force_end_on_preferred_grid will be ignored since none of the layers have preferred grid. (ZRT-703)
Warning: Cannot find a default contact code for layer CO. (ZRT-022)
Info: number of net_type_blockage: 0 
Information: Via ladder engine would be activated for pattern must join connection in certain commands. Please refer to man-page for the command list. (ZRT-619)
Information: AutoNdr rule can't be found. Check the settings.
Information: When applicable Min-max layer allow_pin_connection mode will allow paths of length 3.55 outside the layer range. (ZRT-707)
Information: When applicable Min-max layer allow_pin_connection mode will allow paths of length 3.55 outside the layer range on clock nets. (ZRT-718)
Information: When applicable layer based tapering will taper up to 0.00 in distance from the pin. (ZRT-706)
Warning: Standard cell pin AOINVX4_RVT/VDDG has no valid via regions. (ZRT-044)
Warning: Standard cell pin AOINVX1_RVT/VDDG has no valid via regions. (ZRT-044)
Warning: Standard cell pin AOBUFX4_RVT/VDDG has no valid via regions. (ZRT-044)
Warning: Standard cell pin AOINVX2_RVT/VDDG has no valid via regions. (ZRT-044)
Warning: Standard cell pin AOBUFX1_RVT/VDDG has no valid via regions. (ZRT-044)
Warning: Standard cell pin AOBUFX2_RVT/VDDG has no valid via regions. (ZRT-044)
Warning: Cell u_fir/delay_reg_57__4_ is placed overlapping with other cells at {{50.888 33.408} {56.056 35.080}}. (ZRT-763)
Warning: Cell u_fir/intadd_31_U9 is placed overlapping with other cells at {{108.952 23.376} {111.840 25.048}}. (ZRT-763)
Warning: Cell u_fir/delay_reg_61__14_ is placed overlapping with other cells at {{163.824 33.408} {168.992 35.080}}. (ZRT-763)
Warning: Cell u_fir/delay_reg_49__2_ is placed overlapping with other cells at {{20.336 160.480} {25.504 162.152}}. (ZRT-763)
Warning: Cell u_fir/delay_reg_31__10_ is placed overlapping with other cells at {{110.776 180.544} {115.944 182.216}}. (ZRT-763)
GR Routing Service: Started IMRD 
GR Routing Service: ndmAttrDef 'usr_tmng_crit' created with default value 0 
GR Routing Service: ndmAttrDef 'rted_by_minDly' created with default value 0 
GR Routing Service: ndmAttrDef 'port_subnet_crit_blkConn' created with default value 0 
GR Routing Service: ndmAttrDef 'port_subnet_crit_blkPort' created with default value 0 
Loading timing information to the router ...
Design  Scenario default (Mode default Corner default)
Timing information loaded to the router.
Information: Design Average RC for design filtro_pdm  (NEX-011)
Information: r = 1.671985 ohm/um, via_r = 0.578740 ohm/cut, c = 0.085596 ff/um, cc = 0.000000 ff/um (X dir) (NEX-017)
Information: r = 1.786445 ohm/um, via_r = 0.461268 ohm/cut, c = 0.075170 ff/um, cc = 0.000000 ff/um (Y dir) (NEX-017)
GR Routing Service: Setting costIdx to 3 
GR Routing Service: rebuildCongmap: itr = 3 
Number of partitions: 1 (1 x 1)
Size of partitions: 144 gCells x 142 gCells
Average gCell capacity  1.75	 on layer (1)	 M1
Average gCell capacity  10.94	 on layer (2)	 M2
Average gCell capacity  5.43	 on layer (3)	 M3
Average gCell capacity  5.49	 on layer (4)	 M4
Average gCell capacity  2.74	 on layer (5)	 M5
Average gCell capacity  2.74	 on layer (6)	 M6
Average gCell capacity  1.36	 on layer (7)	 M7
Average gCell capacity  1.36	 on layer (8)	 M8
Average gCell capacity  0.67	 on layer (9)	 M9
Average gCell capacity  0.33	 on layer (10)	 MRDL
Average number of tracks per gCell 10.99	 on layer (1)	 M1
Average number of tracks per gCell 11.00	 on layer (2)	 M2
Average number of tracks per gCell 5.50	 on layer (3)	 M3
Average number of tracks per gCell 5.51	 on layer (4)	 M4
Average number of tracks per gCell 2.76	 on layer (5)	 M5
Average number of tracks per gCell 2.76	 on layer (6)	 M6
Average number of tracks per gCell 1.39	 on layer (7)	 M7
Average number of tracks per gCell 1.39	 on layer (8)	 M8
Average number of tracks per gCell 0.70	 on layer (9)	 M9
Average number of tracks per gCell 0.35	 on layer (10)	 MRDL
Number of gCells = 204480
[updNetsDmd] Elapsed real time: 0:00:00 
[updNetsDmd] Elapsed cpu  time: sys=0:00:00 usr=0:00:00 total=0:00:00
Created 1 thread routing service with costIdx = 3. (tbbMode 1)
GR Routing Service: Setting costIdx to 1 
rtapi Thread-server 0: startup 

************************************************************
* CTS STEP: Initial DRC fixing
************************************************************

[cto] Starting InitDrc.1
start cto; name: filtro_pdm; type: design; tot_drc_vio: 1; buf_ct: 33; buf_area: 171.801344; cell_area: 171.801344
start cto; name: default:clk; type: clock; latency: 0.168858; gskew: 0.024261; tot_drc_vio: 1; wtran: 0.000000; wcap: 254.587234; buf_ct: 33; buf_area: 171.801344; cell_area: 171.801344
-------------------------------------------------------------
Optimizing clock tree DRC
clock: clk mode: default root: clk
Clock QoR Before DRC Optimization:
Clock: clk, Mode: default, Root: clk
Information: CTS QoR Pre Initial DRC Fixing: GlobalSkew = 0.0243; ID = 0.1689; NetsWithDRC = 1; Worst Tran/Cap cost = 0.0000/254.5872; ClockBufCount = 33; ClockBufArea = 171.8013; ClockCellArea = 171.8013; ClockWireLen = 6733.4260; Clock = clk; Mode = default; Corner = default; ClockRoot = clk. (CTS-037)

Begin Pre-Opt Drc Fixing
Starting multithread based drc fixing Pre opt drc fixing
Info: message level of flow 16 ctoDrc is set as 0/1 for verbose/tMessage
Iteration 1 (effort: high)
Corner Scaling is off, multiplier is 1.000000
Information: timingScenario default timingCorner default.  Using corner default for worst leakage corner. (OPT-078)
Information: Nominal = 0.0378744  Design MT = 0.500000  Target = 0.1510302  MaxRC = 0.105045 Fast Target = 0.049263 (OPT-081)
Using layer M4 for buffering distances in roi (originally M4)
ndr _snps_autoNdr_delay_1w3s is auto ndr
bmap: stepx = stepy = 83600
creating bmap
DB units per micron : 10000
Core Area = 29 X 29 ()
Information: run flow for exception tree
Iteration 2 (effort: high)
Information: run flow for exception tree

    Optimization Summary 		

-------------------------------------------------

	# Drivers Attempted               =         10
	# Skipped during isValid and estimate          =          0
	# Failed subgraph evaluation           =          7
	# Failed main graph committ          =          0
	# Successful main graph commit      =          3
	# Subgraph evaluation success rate in percent =     0.3000
	# Sg2Main acceptance ratio in percent      =     1.0000
	# NumCTCells changed               =          2

	# Accepted        cloning moves =        2
	# Accepted     relocation moves =        1

	# Total CPU time                  = 00h:00m:00s
	# Total elapsed time              = 00h:00m:00s
	# Flow total speed up             =     0.9957
	# Commit CPU time                 = 00h:00m:00s
	# Commit elapsed time             = 00h:00m:00s
	# Commit speed up                 =     0.9955
	# Generator CPU time              = 00h:00m:00s
	# Generator elapsed time          = 00h:00m:00s
	# Generator speed up              =     0.9971
	# Sg CPU time                     = 00h:00m:00s
	# Sg elapsed time                 = 00h:00m:00s
	# Sg speed up                     =     0.9956
	# The rest of flow speed up       =     0.9957

-------------------------------------------------

HARNESS Summary: 
	Margin used: 0.005

Info: message level of flow 16 ctoDrc is set back as 0/1 for verbose/tMessage
Pre-Opt drc fixing cpu time 00:00:01.03u 00:00:00.01s 00:00:01.04e: 
Clock QoR After Pre-Opt Drc Fixing:
Clock: clk, Mode: default, Root: clk
Information: CTS QoR Post Initial DRC Fixing: GlobalSkew = 0.0353; ID = 0.1397; NetsWithDRC = 2; Worst Tran/Cap cost = 0.0000/70.6299; ClockBufCount = 35; ClockBufArea = 186.0334; ClockCellArea = 186.0334; ClockWireLen = 7280.3640; Clock = clk; Mode = default; Corner = default; ClockRoot = clk. (CTS-037)
The elapsed time for optimization of clock tree is 0 hr : 0 min : 1.07 sec, cpu time is 0 hr : 0 min : 1.06 sec.
Information: The run time for Initial DRC fixing is 0 hr : 0 min : 1.07 sec, cpu time is 0 hr : 0 min : 1.07 sec. (CTS-104)
[cto] Finished InitDrc.1: PASS

************************************************************
* CTS STEP: Path-based global latency and skew optimization
************************************************************

[cto] Starting GLS.1
No corner selected from constraint nor user primary corner
Selecting clock clk mode default corner:  default	
-------------------------------------------------------------
Optimizing clock tree global latency and skew
clock: clk mode: default root: clk
Clock QoR Before Global latency and skew opt:
Clock: clk, Mode: default, Root: clk
Information: CTS QoR Pre Optimization: GlobalSkew = 0.0353; ID = 0.1397; NetsWithDRC = 2; Worst Tran/Cap cost = 0.0000/70.6299; ClockBufCount = 35; ClockBufArea = 186.0334; ClockCellArea = 186.0334; ClockWireLen = 7280.3640; Clock = clk; Mode = default; Corner = default; ClockRoot = clk. (CTS-037)

Begin Global Latency and Skew Optimization
Starting multithread based global latency and skew optimization
Info: message level of flow 17 ctoLatency is set as 0/1 for verbose/tMessage

    Optimization Summary 		

-------------------------------------------------

	# Drivers Attempted               =          1
	# Skipped during isValid and estimate          =          0
	# Failed subgraph evaluation           =          1
	# Failed main graph committ          =          0
	# Successful main graph commit      =          0
	# Subgraph evaluation success rate in percent =     0.0000
	# NumCTCells changed               =          0


	# Total CPU time                  = 00h:00m:00s
	# Total elapsed time              = 00h:00m:00s
	# Flow total speed up             =     0.9939

-------------------------------------------------


    Optimization Summary 		

-------------------------------------------------

	# Drivers Attempted               =          0
	# Skipped during isValid and estimate          =          0
	# Failed subgraph evaluation           =          0
	# Failed main graph committ          =          0
	# Successful main graph commit      =          0
	# NumCTCells changed               =          0


	# Total CPU time                  = 00h:00m:00s
	# Total elapsed time              = 00h:00m:00s
	# Flow total speed up             =     0.9977

-------------------------------------------------

Info: message level of flow 17 ctoLatency is set back as 0/1 for verbose/tMessage
Global latency and skew opt cpu time 00:00:00.11u 00:00:00.00s 00:00:00.12e: 
Clock QoR After Global latency and skew opt:
Clock: clk, Mode: default, Root: clk
Information: CTS QoR Post Network Flow Optimization: GlobalSkew = 0.0353; ID = 0.1397; NetsWithDRC = 2; Worst Tran/Cap cost = 0.0000/70.6299; ClockBufCount = 35; ClockBufArea = 186.0334; ClockCellArea = 186.0334; ClockWireLen = 7280.3640; Clock = clk; Mode = default; Corner = default; ClockRoot = clk. (CTS-037)
Longest path:
  (0) 0.0188		0.0000		ZCTSINV_49310_f_1969/A
  (1) 0.0648		0.0461		ZCTSINV_49310_f_1969/Y
  (2) 0.0817		0.0169		ZCTSINV_44983_1961/A
  (3) 0.1393		0.0575		ZCTSINV_44983_1961/Y
  (4) 0.1397		0.0005		u_fir/delay_reg_63__14_/CLK
Shortest path:
  (0) 0.0191		0.0000		ctosc_drc_cln_inst_2108/A
  (1) 0.0468		0.0277		ctosc_drc_cln_inst_2108/Y
  (2) 0.0610		0.0142		ZCTSINV_47645_1963/A
  (3) 0.1043		0.0433		ZCTSINV_47645_1963/Y
  (4) 0.1044		0.0001		u_cic_u_combs_u_comb3_x_delay_reg_8_/CLK
The elapsed time for optimization of clock tree is 0 hr : 0 min : 0.14 sec, cpu time is 0 hr : 0 min : 0.14 sec.
Information: The run time for Path-based global latency and skew optimization is 0 hr : 0 min : 0.15 sec, cpu time is 0 hr : 0 min : 0.14 sec. (CTS-104)
[cto] Finished GLS.1: PASS

************************************************************
* CTS STEP: Area recovery
************************************************************

[cto] Starting AR.1
No corner selected from constraint nor user primary corner
Selecting clock clk mode default corner:  default	
-------------------------------------------------------------
Optimizing clock tree area
clock: clk mode: default root: clk
Starting multithread based area recovery and subtree balancing
Info: message level of flow 19 ctoAreaRecovery is set as 0/1 for verbose/tMessage
Iteration 2 (effort: low)

    Optimization Summary 		

-------------------------------------------------

	# Drivers Attempted               =         44
	# Skipped during isValid and estimate          =          0
	# Failed subgraph evaluation           =         35
	# Failed main graph committ          =          0
	# Successful main graph commit      =          9
	# Subgraph evaluation success rate in percent =     0.2045
	# Sg2Main acceptance ratio in percent      =     1.0000
	# NumCTCells changed               =          0

	# Accepted         sizing moves =        9

	# Total CPU time                  = 00h:00m:00s
	# Total elapsed time              = 00h:00m:00s
	# Flow total speed up             =     0.9954
	# Commit CPU time                 = 00h:00m:00s
	# Commit elapsed time             = 00h:00m:00s
	# Commit speed up                 =     0.9960
	# Generator CPU time              = 00h:00m:00s
	# Generator elapsed time          = 00h:00m:00s
	# Generator speed up              =     0.9950
	# Sg CPU time                     = 00h:00m:00s
	# Sg elapsed time                 = 00h:00m:00s
	# Sg speed up                     =     0.9953
	# The rest of flow speed up       =     0.9953

-------------------------------------------------

Info: message level of flow 19 ctoAreaRecovery is set back as 0/1 for verbose/tMessage
Clock QoR After Area Recovery and Subtree Balancing:
Clock: clk, Mode: default, Root: clk
Information: CTS QoR Post Area Recovery Resizing: GlobalSkew = 0.0385; ID = 0.1397; NetsWithDRC = 2; Worst Tran/Cap cost = 0.0000/70.6299; ClockBufCount = 35; ClockBufArea = 167.7350; ClockCellArea = 167.7350; ClockWireLen = 7280.3640; Clock = clk; Mode = default; Corner = default; ClockRoot = clk. (CTS-037)
Area recovery and subtree balancing cpu time 00:00:00.53u 00:00:00.00s 00:00:00.54e: 
The elapsed time for optimization of clock tree is 0 hr : 0 min : 0.54 sec, cpu time is 0 hr : 0 min : 0.53 sec.
Information: The run time for Area recovery is 0 hr : 0 min : 0.54 sec, cpu time is 0 hr : 0 min : 0.54 sec. (CTS-104)
[cto] Finished AR.1: PASS

************************************************************
* CTS STEP: Final DRC fixing
************************************************************

[cto] Starting PostDrc.1
-------------------------------------------------------------
Optimizing clock tree DRC
clock: clk mode: default root: clk
Clock QoR Before DRC Optimization:
Clock: clk, Mode: default, Root: clk
Information: CTS QoR Pre Final DRC Fixing: GlobalSkew = 0.0385; ID = 0.1397; NetsWithDRC = 2; Worst Tran/Cap cost = 0.0000/70.6299; ClockBufCount = 35; ClockBufArea = 167.7350; ClockCellArea = 167.7350; ClockWireLen = 7280.3640; Clock = clk; Mode = default; Corner = default; ClockRoot = clk. (CTS-037)

Begin Post-Opt Drc Fixing
Starting multithread based drc fixing Post opt drc fixing
Info: message level of flow 16 ctoDrc is set as 0/1 for verbose/tMessage

    Optimization Summary 		

-------------------------------------------------

	# Drivers Attempted               =          4
	# Skipped during isValid and estimate          =          0
	# Failed subgraph evaluation           =          4
	# Failed main graph committ          =          0
	# Successful main graph commit      =          0
	# Subgraph evaluation success rate in percent =     0.0000
	# NumCTCells changed               =          0


	# Total CPU time                  = 00h:00m:00s
	# Total elapsed time              = 00h:00m:00s
	# Flow total speed up             =     0.9936

-------------------------------------------------

Info: message level of flow 16 ctoDrc is set back as 0/1 for verbose/tMessage
Post-Opt drc fixing cpu time 00:00:00.08u 00:00:00.00s 00:00:00.08e: 
Clock QoR After Post-Opt Drc Fixing:
Clock: clk, Mode: default, Root: clk
Information: CTS QoR Post Final DRC Fixing: GlobalSkew = 0.0385; ID = 0.1397; NetsWithDRC = 2; Worst Tran/Cap cost = 0.0000/70.6299; ClockBufCount = 35; ClockBufArea = 167.7350; ClockCellArea = 167.7350; ClockWireLen = 7280.3640; Clock = clk; Mode = default; Corner = default; ClockRoot = clk. (CTS-037)
The elapsed time for optimization of clock tree is 0 hr : 0 min : 0.10 sec, cpu time is 0 hr : 0 min : 0.10 sec.
Information: The run time for Final DRC fixing is 0 hr : 0 min : 0.10 sec, cpu time is 0 hr : 0 min : 0.10 sec. (CTS-104)
[cto] Finished PostDrc.1: PASS
[cto] Starting CtoAppOptionReset.1
[cto] Finished CtoAppOptionReset.1: PASS

************************************************************
* CTS STEP: Local skew optimization
************************************************************

[cto] Starting SolverBasedCto.1
Information: The stitching and editing of coupling caps is turned OFF for design 'filtro_pdm.dlib:filtro_pdm/place.design'. (TIM-125)
Information: Update timing completed net estimation for all the timing graph nets (TIM-111)
Information: Net estimation statistics: timing graph nets = 12086, routed nets = 36, across physical hierarchy nets = 0, parasitics cached nets = 12086, delay annotated nets = 0, parasitics annotated nets = 0, multi-voltage nets = 0. (TIM-112)

Mode:default          Latency(early)   Latency(late)
Clock        Updated   rise    fall    rise    fall   Corner
------------------------------------------------------------
clk          Yes     0.0998  0.0998  0.1304  0.1304   default

Clock: clk, Mode: default, Root: clk
Information: CTS QoR Pre Local Skew Optimization: GlobalSkew = nan; ID = nan; NetsWithDRC = 2; Worst Tran/Cap cost = 0.0000/70.6299; ClockBufCount = 35; ClockBufArea = 167.7350; ClockCellArea = 167.7350; ClockWireLen = 7280.3640; Clock = clk; Mode = default; Corner = default; ClockRoot = clk. (CTS-037)
CCD MOO settings for (cto1, last_qor_strategy): 4 engines
    Engine R2R_TNS has 9 objectives, 3 enabled moves, iterationLimit = 1, solverType = CG_LP, estimateFanoutPower = 0, mergeIOWithR2R = 1, areaOnly = 0, useOldEngine = 0, preponeOpt = 1
                tns300Cutoff = 300, capAllowance = 1.600000, cgccdScaleBack = 5, powerccdScaleBack = 0, needTrialSeedGeneration = 0, drcMargin = 0.000000, commitOneByOne = 0, offRoute=0
            R2R_TNS: priority 10, weight 10.000000, degradationPercentAllowed 0.010000, step back 0.090000, isTargeted 1, isMaximize 1
            ICG_TNS: priority 15, weight 10.000000, degradationPercentAllowed 0.000000, step back 0.090000, isTargeted 1, isMaximize 1
            HOLD_TNS: priority 20, weight 5.000000, degradationPercentAllowed 0.050000, step back 0.050000, isTargeted 1, isMaximize 1
            NONE_POWER: priority 30, weight 1.000000, degradationPercentAllowed 0.005000, step back 0.050000, isTargeted 1, isMaximize 0
            R2R_WNS: priority 50, weight 5.000000, degradationPercentAllowed 0.050000, step back 0.050000, isTargeted 1, isMaximize 1
            ICG_WNS: priority 55, weight 5.000000, degradationPercentAllowed 0.000000, step back 0.050000, isTargeted 1, isMaximize 1
            HOLD_WNS: priority 60, weight 5.000000, degradationPercentAllowed 0.050000, step back 0.050000, isTargeted 0, isMaximize 1
            IO_TNS: priority 70, weight 1.000000, degradationPercentAllowed 0.050000, step back 0.050000, isTargeted 0, isMaximize 1
            NONE_TOTAL_OFFSET: priority 99, weight 1.000000, degradationPercentAllowed nan, step back 0.050000, isTargeted 0, isMaximize 1
        Moves enabled: SIZE_CLOCK_TIMING, BUFFER_REMOVAL_CLOCK_TIMING, REPARENTING_CLOCK_TIMING, 
    Engine HOLD_TNS has 10 objectives, 2 enabled moves, iterationLimit = 1, solverType = CG_LP, estimateFanoutPower = 0, mergeIOWithR2R = 1, areaOnly = 0, useOldEngine = 0, preponeOpt = 0
                tns300Cutoff = 300, capAllowance = 1.600000, cgccdScaleBack = 5, powerccdScaleBack = 0, needTrialSeedGeneration = 0, drcMargin = 0.000000, commitOneByOne = 0, offRoute=1
            HOLD_TNS: priority 10, weight 2.000000, degradationPercentAllowed 0.010000, step back 0.090000, isTargeted 1, isMaximize 1
            R2R_TNS: priority 20, weight 2.000000, degradationPercentAllowed 0.025000, step back 0.050000, isTargeted 1, isMaximize 1
            ICG_TNS: priority 25, weight 2.000000, degradationPercentAllowed 0.000000, step back 0.050000, isTargeted 1, isMaximize 1
            NONE_POWER: priority 30, weight 1.000000, degradationPercentAllowed 0.004000, step back 0.050000, isTargeted 1, isMaximize 0
            NONE_BUFFER_COUNT: priority 40, weight 5.000000, degradationPercentAllowed 0.005000, step back 0.100000, isTargeted 1, isMaximize 0
            R2R_WNS: priority 50, weight 1.000000, degradationPercentAllowed 0.010000, step back 0.050000, isTargeted 1, isMaximize 1
            ICG_WNS: priority 55, weight 1.000000, degradationPercentAllowed 0.000000, step back 0.050000, isTargeted 1, isMaximize 1
            HOLD_WNS: priority 60, weight 1.000000, degradationPercentAllowed 0.050000, step back 0.050000, isTargeted 0, isMaximize 1
            IO_TNS: priority 70, weight 1.000000, degradationPercentAllowed 0.050000, step back 0.050000, isTargeted 0, isMaximize 1
            NONE_TOTAL_OFFSET: priority 100, weight 1.000000, degradationPercentAllowed nan, step back 0.050000, isTargeted 0, isMaximize 1
        Moves enabled: SIZE_CLOCK_TIMING, BUFFER_CLOCK, 
    Engine R2R_TNS has 10 objectives, 2 enabled moves, iterationLimit = 1, solverType = CG_LP, estimateFanoutPower = 0, mergeIOWithR2R = 1, areaOnly = 0, useOldEngine = 0, preponeOpt = 0
                tns300Cutoff = 300, capAllowance = 1.600000, cgccdScaleBack = 5, powerccdScaleBack = 0, needTrialSeedGeneration = 1, drcMargin = 0.000000, commitOneByOne = 0, offRoute=1
            R2R_TNS: priority 10, weight 10.000000, degradationPercentAllowed 0.010000, step back 0.090000, isTargeted 1, isMaximize 1
            ICG_TNS: priority 15, weight 10.000000, degradationPercentAllowed 0.000000, step back 0.090000, isTargeted 1, isMaximize 1
            HOLD_TNS: priority 20, weight 5.000000, degradationPercentAllowed 0.050000, step back 0.050000, isTargeted 1, isMaximize 1
            NONE_POWER: priority 30, weight 1.000000, degradationPercentAllowed 0.005000, step back 0.050000, isTargeted 1, isMaximize 0
            NONE_BUFFER_COUNT: priority 40, weight 5.000000, degradationPercentAllowed 0.005000, step back 0.100000, isTargeted 1, isMaximize 0
            R2R_WNS: priority 50, weight 5.000000, degradationPercentAllowed 0.050000, step back 0.050000, isTargeted 1, isMaximize 1
            ICG_WNS: priority 55, weight 5.000000, degradationPercentAllowed 0.000000, step back 0.050000, isTargeted 1, isMaximize 1
            HOLD_WNS: priority 60, weight 5.000000, degradationPercentAllowed 0.050000, step back 0.050000, isTargeted 0, isMaximize 1
            IO_TNS: priority 70, weight 1.000000, degradationPercentAllowed 0.050000, step back 0.050000, isTargeted 0, isMaximize 1
            NONE_TOTAL_OFFSET: priority 100, weight 1.000000, degradationPercentAllowed nan, step back 0.050000, isTargeted 0, isMaximize 1
          Objectives for trial seed generation: 
            R2R_TNS: priority 10, weight 10.000000, degradationPercentAllowed 0.010000, step back 0.070000, isTargeted 1, isMaximize 1
            ICG_TNS: priority 15, weight 10.000000, degradationPercentAllowed 0.000000, step back 0.070000, isTargeted 1, isMaximize 1
            NONE_BUFFER_COUNT: priority 20, weight 1.000000, degradationPercentAllowed 0.100000, step back 0.050000, isTargeted 1, isMaximize 0
            NONE_TOTAL_OFFSET: priority 30, weight 1.000000, degradationPercentAllowed nan, step back 0.050000, isTargeted 1, isMaximize 1
            R2R_WNS: priority 40, weight 5.000000, degradationPercentAllowed 0.010000, step back 0.050000, isTargeted 0, isMaximize 1
            ICG_WNS: priority 45, weight 5.000000, degradationPercentAllowed 0.000000, step back 0.050000, isTargeted 0, isMaximize 1
            HOLD_TNS: priority 50, weight 10.000000, degradationPercentAllowed 0.010000, step back 0.030000, isTargeted 0, isMaximize 1
            HOLD_WNS: priority 60, weight 1.000000, degradationPercentAllowed 0.010000, step back 0.030000, isTargeted 0, isMaximize 1
            IO_TNS: priority 70, weight 1.000000, degradationPercentAllowed 0.050000, step back 0.050000, isTargeted 0, isMaximize 1
        Moves enabled: SIZE_CLOCK_TIMING, BUFFER_CLOCK, 
    Engine NONE_POWER has 10 objectives, 2 enabled moves, iterationLimit = 1, solverType = CG_LP, estimateFanoutPower = 1, mergeIOWithR2R = 1, areaOnly = 0, useOldEngine = 0, preponeOpt = 0
                tns300Cutoff = 300, capAllowance = 100.000000, cgccdScaleBack = 5, powerccdScaleBack = 0, needTrialSeedGeneration = 0, drcMargin = 0.000000, commitOneByOne = 0, offRoute=0
            NONE_POWER: priority 10, weight 20.000000, degradationPercentAllowed 0.005000, step back 0.050000, isTargeted 1, isMaximize 0
            NONE_BUFFER_COUNT: priority 20, weight 10.000000, degradationPercentAllowed 0.005000, step back 0.050000, isTargeted 1, isMaximize 0
            R2R_TNS: priority 30, weight 2.000000, degradationPercentAllowed 0.050000, step back 0.100000, isTargeted 1, isMaximize 1
            ICG_TNS: priority 35, weight 2.000000, degradationPercentAllowed 0.000000, step back 0.100000, isTargeted 1, isMaximize 1
            HOLD_TNS: priority 40, weight 1.000000, degradationPercentAllowed 0.000000, step back 0.050000, isTargeted 1, isMaximize 1
            R2R_WNS: priority 50, weight 1.000000, degradationPercentAllowed 0.005000, step back 0.050000, isTargeted 1, isMaximize 1
            ICG_WNS: priority 55, weight 1.000000, degradationPercentAllowed 0.000000, step back 0.050000, isTargeted 1, isMaximize 1
            HOLD_WNS: priority 60, weight 1.000000, degradationPercentAllowed 0.100000, step back 0.050000, isTargeted 0, isMaximize 1
            IO_TNS: priority 70, weight 1.000000, degradationPercentAllowed 0.050000, step back 0.050000, isTargeted 0, isMaximize 1
            NONE_TOTAL_OFFSET: priority 100, weight 1.000000, degradationPercentAllowed nan, step back 0.050000, isTargeted 0, isMaximize 1
        Moves enabled: SIZE_CLOCK_POWER, BUFFER_REMOVAL_CLOCK_POWER, 
DBG: ccdInfra::ccdInfra
Drc Mode Option: auto
CCD blasted path groups
DBG: ccdInfra::initAppOptions
DBG: ccdInfra::initCtsFixedBalancePins

CCD-Info: App options set by user
   clock_opt.flow.optimize_ndr = true
CCD: using 1 threads
CTSSC route status detected: clock (VR 0, GR 2799, DR 0), data (VR 12050, GR 0, DR 0); stage = auto, isPostRoute = FALSE
Information: Activity propagation will be performed for scenario default.
Information: Doing activity propagation for mode 'default' and corner 'default' with effort level 'low'. (POW-024)
Information: Timer-derived activity data is cached on scenario default (POW-052)
Information: Running switching activity propagation in scalar mode!

 **** Information : No. of simulation cycles = 4 ****
Total power = 1.077476, Leakage = 0.964105, Internal = 0.079163, Switching = 0.034208
Information: 'default' is identified as primary corner for initial clock tree building. (CTS-103)

CCD: Initial QOR:
---------------------------------------------------------------------------------------------
 Design (setup) WNS = 60.062393, TNS = 0.000000, NVP = 0
 Design (hold) WNHS = -0.029326, TNHS = -0.188033, NHVP = 9

    Scenario default  WNS = 60.062393, TNS = 0.000000, NVP = 0
    Scenario default  WNHS = -0.029326, TNHS = -0.188033, NHVP = 9
---------------------------------------------------------------------------------------------
CCD-QoR: Timing: WNS = 60.062, TNS = 0.000, NVP = 0, UNWEIGHTED_TNS = 0.000, WNHS = -0.029, TNHS = -0.188, NHVP = 9, UNWEIGHTED_TNHS = -0.188, R2R(wns=201.738281, tns=0.000000, nvp=0)
 All scenarios used by CCD
    scenario 0: default , isDynamicPower, isLeakagePower, isMaxTran, isMaxCap
          mode: default, id = 0
          corner: default, id = 0
          isSetup: wns = 60.062393, unweighted tns = 0.000000
          isHold: wns = -0.029326, unweighted tns = -0.188033

Skip R2R TNS optimization because wns violation is under threshold.
Info: message level of flow 22 cto1 is set as 0/1 for verbose/tMessage
Enable clock slack update

    Optimization Summary 		

-------------------------------------------------

  # Seeds generated                              1
  # Valid linear regressions                     1
  # Seeds with valid budget                      0
  # Seeds with accepted implementation           0
  # NumCTCells changed                           0

  # Total number of cells sized                  0
  #   Number of clock gates sized                0
  #   Number of clock repeaters sized            0
  # Number of cells added                        0
  # Number of cells removed                      0
  # Number of cells relocated                    0
  # Number of cells flipped rotated              0

  # Total CPU time                               00h:00m:00s
  # Total elapsed time                           00h:00m:00s
  # Flow total speed up                          0.989818
  # Init lazy tns CPU time                       00h:00m:00s
  # Init lazy tns elapsed time                   00h:00m:00s
  # Init lazy tns speed up                       0.997857
  # Seed generation CPU time                     00h:00m:00s
  # Seed generation elapsed time                 00h:00m:00s
  # Seed generation speed up                     0.996413
  # Linear regression CPU time                   00h:00m:00s
  # Linear regression elapsed time               00h:00m:00s
  # Linear regression speed up                   0.996642
  # LP solver CPU time                           00h:00m:00s
  # LP solver elapsed time                       00h:00m:00s
  # LP solver speed up                           0.731402
  # Breakdown of elapsed runtime for solver:     
     Lazy model initializations:                 20.01%
     Prepare moo/get initial QOR:                23.92%
     Commit/annotate budget:                     0.00%
     Solve runtime: 54.97% of which 34.55% is incremental-LP runtime
     Other:                                      1.09%

-------------------------------------------------

Info: message level of flow 22 cto1 is set back as 0/1 for verbose/tMessage

CCD: After FMAX optimization:cto1_HOLD_TNS1
---------------------------------------------------------------------------------------------
 Design (setup) WNS = 60.062393, TNS = 0.000000, NVP = 0
 Design (hold) WNHS = -0.029326, TNHS = -0.188033, NHVP = 9

    Scenario default  WNS = 60.062393, TNS = 0.000000, NVP = 0
    Scenario default  WNHS = -0.029326, TNHS = -0.188033, NHVP = 9
---------------------------------------------------------------------------------------------
CCD-QoR: Timing: WNS = 60.062, TNS = 0.000, NVP = 0, UNWEIGHTED_TNS = 0.000, WNHS = -0.029, TNHS = -0.188, NHVP = 9, UNWEIGHTED_TNHS = -0.188, R2R(wns=201.738281, tns=0.000000, nvp=0)
Skip R2R TNS optimization because wns violation is under threshold.
Info: message level of flow 22 cto1 is set as 0/1 for verbose/tMessage

    Optimization Summary 		

-------------------------------------------------

  # Seeds generated                              35
  # Valid linear regressions                     23
  # Seeds with valid budget                      22
  # Seeds with accepted implementation           22
  # NumCTCells changed                           0

  # Total number of cells sized                  22
  #   Number of clock gates sized                0
  #   Number of clock repeaters sized            22
  # Number of cells added                        0
  # Number of cells removed                      0
  # Number of cells relocated                    0
  # Number of cells flipped rotated              0

  # Total CPU time                               00h:00m:02s
  # Total elapsed time                           00h:00m:02s
  # Flow total speed up                          0.997326
  # Init lazy tns CPU time                       00h:00m:00s
  # Init lazy tns elapsed time                   00h:00m:00s
  # Init lazy tns speed up                       0.997874
  # Seed generation CPU time                     00h:00m:00s
  # Seed generation elapsed time                 00h:00m:00s
  # Seed generation speed up                     0.997605
  # Linear regression CPU time                   00h:00m:00s
  # Linear regression elapsed time               00h:00m:00s
  # Linear regression speed up                   0.996645
  # LP solver CPU time                           00h:00m:00s
  # LP solver elapsed time                       00h:00m:00s
  # LP solver speed up                           0.997352
  # Breakdown of elapsed runtime for solver:     
     Lazy model initializations:                 77.46%
     Prepare moo/get initial QOR:                10.65%
     Commit/annotate budget:                     0.00%
     Solve runtime: 11.37% of which 2.29% is incremental-LP runtime
     Other:                                      0.52%
  # Sg implementation CPU time                   00h:00m:00s
  # Sg implementation elapsed time               00h:00m:00s
  # Sg speed up                                  0.996876
  # Commit CPU time                              00h:00m:00s
  # Commit elapsed time                          00h:00m:00s
  # Commit speed up                              0.997859

-------------------------------------------------

Info: message level of flow 22 cto1 is set back as 0/1 for verbose/tMessage

CCD: After FMAX optimization:cto1_NONE_POWER3
---------------------------------------------------------------------------------------------
 Design (setup) WNS = 60.062454, TNS = 0.000000, NVP = 0
 Design (hold) WNHS = -0.031907, TNHS = -0.031907, NHVP = 1

    Scenario default  WNS = 60.062454, TNS = 0.000000, NVP = 0
    Scenario default  WNHS = -0.031907, TNHS = -0.031907, NHVP = 1
---------------------------------------------------------------------------------------------
CCD-QoR: Timing: WNS = 60.062, TNS = 0.000, NVP = 0, UNWEIGHTED_TNS = 0.000, WNHS = -0.032, TNHS = -0.032, NHVP = 1, UNWEIGHTED_TNHS = -0.032, R2R(wns=201.729416, tns=0.000000, nvp=0)
Mark clock trees...
Marking clock synthesized attributes

Marking spacing rules

Clock cell spacing rule list:
   No clock cell spacing rule is found.
CCD unblasted path groups
Clock: clk, Mode: default, Root: clk
Information: CTS QoR Post Local Skew Optimization: GlobalSkew = nan; ID = nan; NetsWithDRC = 0; Worst Tran/Cap cost = 0.0000/0.0000; ClockBufCount = 35; ClockBufArea = 123.0057; ClockCellArea = 123.0057; ClockWireLen = 7280.3640; Clock = clk; Mode = default; Corner = default; ClockRoot = clk. (CTS-037)
Information: The run time for Local skew optimization is 0 hr : 0 min : 9.88 sec, cpu time is 0 hr : 0 min : 9.85 sec. (CTS-104)
[cto] Finished SolverBasedCto.1: PASS
rtapi Thread-server 0: shutdown 

No. startProblems      =   117 

No. doRoutes           =    96 
No. doUnroutes         =    66 
No. redoRoutes         =     8 
No. redoUnroutes       =     6 
No. undoRoutes         =   104 
No. undoUnroutes       =    72 
No. commitRoutes       =     8 
No. commitUnroutes     =     6 
No. uncommitRoutes     =     0 
No. uncommitUnroutes   =     0 
No. doRoute fails      =     0 
No. doUnroute fails    =     0 

No. viaLadderQueries   =     0 
No. doDelVias          =     0 
No. doAddVias          =     0 
No. redoDelVias        =     0 
No. redoAddVias        =     0 
No. undoDelVias        =     0 
No. undoAddVias        =     0 
No. commitChangeVias   =     0 
No. uncommitChangeVias =     0 
No. doDelVias fails    =     0 
No. doAddVias fails    =     0 

Updating congestion ...
Updating congestion ...
GR Routing Service: Wrote GR congmap to NDM 
Information: The netlist change observers are enabled for incremental timing updates. (TIM-120)
Information: The netlist change observers are enabled for incremental extraction. (TIM-127)
INFO: wire-opt feature for router enabled
Information: The net parasitics of block filtro_pdm are cleared. (TIM-123)
Cell Min-Routing-Layer = M1
Cell Max-Routing-Layer = MRDL
Turn off antenna since no rule is specified
Information: Option route.detail.force_end_on_preferred_grid will be ignored since none of the layers have preferred grid. (ZRT-703)
Warning: Cannot find a default contact code for layer CO. (ZRT-022)
Info: number of net_type_blockage: 0 
Information: Via ladder engine would be activated for pattern must join connection in certain commands. Please refer to man-page for the command list. (ZRT-619)
Information: AutoNdr rule can't be found. Check the settings.
Information: When applicable Min-max layer allow_pin_connection mode will allow paths of length 3.55 outside the layer range. (ZRT-707)
Information: When applicable Min-max layer allow_pin_connection mode will allow paths of length 3.55 outside the layer range on clock nets. (ZRT-718)
Information: When applicable layer based tapering will taper up to 0.00 in distance from the pin. (ZRT-706)
Warning: Standard cell pin AOINVX4_RVT/VDDG has no valid via regions. (ZRT-044)
Warning: Standard cell pin AOINVX1_RVT/VDDG has no valid via regions. (ZRT-044)
Warning: Standard cell pin AOBUFX4_RVT/VDDG has no valid via regions. (ZRT-044)
Warning: Standard cell pin AOINVX2_RVT/VDDG has no valid via regions. (ZRT-044)
Warning: Standard cell pin AOBUFX1_RVT/VDDG has no valid via regions. (ZRT-044)
Warning: Standard cell pin AOBUFX2_RVT/VDDG has no valid via regions. (ZRT-044)
Warning: Cell u_fir/delay_reg_57__4_ is placed overlapping with other cells at {{50.888 33.408} {56.056 35.080}}. (ZRT-763)
Warning: Cell u_fir/delay_reg_61__14_ is placed overlapping with other cells at {{163.824 33.408} {168.992 35.080}}. (ZRT-763)
Warning: Cell u_fir/delay_reg_49__2_ is placed overlapping with other cells at {{20.336 160.480} {25.504 162.152}}. (ZRT-763)
Warning: Cell u_fir/delay_reg_31__10_ is placed overlapping with other cells at {{110.776 180.544} {115.944 182.216}}. (ZRT-763)
Start Global Route ... 
[Init] Elapsed real time: 0:00:00 
[Init] Elapsed cpu  time: sys=0:00:00 usr=0:00:00 total=0:00:00
[Init] Stage (MB): Used    0  Alloctr    0  Proc    0 
[Init] Total (MB): Used    0  Alloctr    0  Proc 5606 
Printing options for 'route.common.*'
common.verbose_level                                    :	 0                   

Printing options for 'route.global.*'

Begin global routing.
Loading parastics information to the router ...
parastics information loaded to the router.
[End of Loading Timing] Elapsed real time: 0:00:00 
[End of Loading Timing] Elapsed cpu  time: sys=0:00:00 usr=0:00:00 total=0:00:00
Constructing data structure ...
Design statistics:
Design Bounding Box (0.00um,0.00um,240.40um,237.36um)
Number of routing layers = 10
layer M1, dir Ver, min width = 0.05um, min space = 0.05um pitch = 0.152um
layer M2, dir Hor, min width = 0.056um, min space = 0.056um pitch = 0.152um
layer M3, dir Ver, min width = 0.056um, min space = 0.056um pitch = 0.304um
layer M4, dir Hor, min width = 0.056um, min space = 0.056um pitch = 0.304um
layer M5, dir Ver, min width = 0.056um, min space = 0.056um pitch = 0.608um
layer M6, dir Hor, min width = 0.056um, min space = 0.056um pitch = 0.608um
layer M7, dir Ver, min width = 0.056um, min space = 0.056um pitch = 1.216um
layer M8, dir Hor, min width = 0.056um, min space = 0.056um pitch = 1.216um
layer M9, dir Ver, min width = 0.16um, min space = 0.16um pitch = 2.432um
layer MRDL, dir Hor, min width = 2um, min space = 2um pitch = 4.864um
Current Stage stats:
[End of Build Tech Data] Elapsed real time: 0:00:00 
[End of Build Tech Data] Elapsed cpu  time: sys=0:00:00 usr=0:00:00 total=0:00:00
[End of Build Tech Data] Stage (MB): Used    0  Alloctr    0  Proc    0 
[End of Build Tech Data] Total (MB): Used    0  Alloctr    0  Proc 5606 
Net statistics:
Total number of nets     = 12088
Number of nets to route  = 36
31 nets are with PSV shapes
 of which 0 are open nets
 and 0 are open nets with PSV only
12050 open nets
 of which 12050 are without routing or PSV shapes
38 nets are fully connected,
 of which 2 are detail routed and 36 are global routed.
Current Stage stats:
[End of Build All Nets] Elapsed real time: 0:00:00 
[End of Build All Nets] Elapsed cpu  time: sys=0:00:00 usr=0:00:00 total=0:00:00
[End of Build All Nets] Stage (MB): Used    0  Alloctr    0  Proc    0 
[End of Build All Nets] Total (MB): Used    0  Alloctr    0  Proc 5606 
Net length statistics: 
Net Count(Ignore Fully Rted) 31, Total Half Perimeter Wire Length (HPWL) 2050 microns
HPWL   0 ~   50 microns: Net Count        2	Total HPWL           94 microns
HPWL  50 ~  100 microns: Net Count       29	Total HPWL         1956 microns
HPWL 100 ~  200 microns: Net Count        0	Total HPWL            0 microns
HPWL 200 ~  300 microns: Net Count        0	Total HPWL            0 microns
HPWL 300 ~  400 microns: Net Count        0	Total HPWL            0 microns
HPWL 400 ~  500 microns: Net Count        0	Total HPWL            0 microns
HPWL 500 ~  600 microns: Net Count        0	Total HPWL            0 microns
HPWL 600 ~  700 microns: Net Count        0	Total HPWL            0 microns
HPWL 700 ~  800 microns: Net Count        0	Total HPWL            0 microns
HPWL 800 ~  900 microns: Net Count        0	Total HPWL            0 microns
HPWL 900 ~ 1000 microns: Net Count        0	Total HPWL            0 microns
HPWL     > 1000 microns: Net Count        0	Total HPWL            0 microns
Number of partitions: 1 (1 x 1)
Size of partitions: 144 gCells x 142 gCells
Average gCell capacity  1.75	 on layer (1)	 M1
Average gCell capacity  10.94	 on layer (2)	 M2
Average gCell capacity  5.43	 on layer (3)	 M3
Average gCell capacity  5.49	 on layer (4)	 M4
Average gCell capacity  2.74	 on layer (5)	 M5
Average gCell capacity  2.74	 on layer (6)	 M6
Average gCell capacity  1.36	 on layer (7)	 M7
Average gCell capacity  1.36	 on layer (8)	 M8
Average gCell capacity  0.67	 on layer (9)	 M9
Average gCell capacity  0.33	 on layer (10)	 MRDL
Average number of tracks per gCell 10.99	 on layer (1)	 M1
Average number of tracks per gCell 11.00	 on layer (2)	 M2
Average number of tracks per gCell 5.50	 on layer (3)	 M3
Average number of tracks per gCell 5.51	 on layer (4)	 M4
Average number of tracks per gCell 2.76	 on layer (5)	 M5
Average number of tracks per gCell 2.76	 on layer (6)	 M6
Average number of tracks per gCell 1.39	 on layer (7)	 M7
Average number of tracks per gCell 1.39	 on layer (8)	 M8
Average number of tracks per gCell 0.70	 on layer (9)	 M9
Average number of tracks per gCell 0.35	 on layer (10)	 MRDL
Number of gCells = 204480
Current Stage stats:
[End of Build Congestion Map] Elapsed real time: 0:00:00 
[End of Build Congestion Map] Elapsed cpu  time: sys=0:00:00 usr=0:00:00 total=0:00:00
[End of Build Congestion Map] Stage (MB): Used    0  Alloctr    0  Proc    0 
[End of Build Congestion Map] Total (MB): Used    0  Alloctr    0  Proc 5606 
Current Stage stats:
[End of Add Nets Demand] Elapsed real time: 0:00:00 
[End of Add Nets Demand] Elapsed cpu  time: sys=0:00:00 usr=0:00:00 total=0:00:00
[End of Add Nets Demand] Stage (MB): Used    0  Alloctr    0  Proc    0 
[End of Add Nets Demand] Total (MB): Used    0  Alloctr    0  Proc 5606 
Number of user frozen nets = 0
Information: RC layer preference is turned on for this design. (ZRT-613)
Total stats:
[End of Build Data] Elapsed real time: 0:00:00 
[End of Build Data] Elapsed cpu  time: sys=0:00:00 usr=0:00:00 total=0:00:00
[End of Build Data] Stage (MB): Used    0  Alloctr    0  Proc    0 
[End of Build Data] Total (MB): Used    0  Alloctr    0  Proc 5606 
Number of partitions: 1 (1 x 1)
Size of partitions: 144 gCells x 142 gCells
Current Stage stats:
[End of Blocked Pin Detection] Elapsed real time: 0:00:00 
[End of Blocked Pin Detection] Elapsed cpu  time: sys=0:00:00 usr=0:00:00 total=0:00:00
[End of Blocked Pin Detection] Stage (MB): Used    0  Alloctr    0  Proc    0 
[End of Blocked Pin Detection] Total (MB): Used    0  Alloctr    0  Proc 5606 
Information: Using 1 threads for routing. (ZRT-444)
Information: Multiple gcell levels ON
Information: Buffer distance is estimated to be ~862.0000um (515 gCells)

Start GR phase 0
Number of partitions: 1 (1 x 1)
Size of partitions: 144 gCells x 142 gCells
[rtAllBotParts] Elapsed real time: 0:00:00 
[rtAllBotParts] Elapsed cpu  time: sys=0:00:00 usr=0:00:00 total=0:00:00
[rtTop] Elapsed real time: 0:00:00 
[rtTop] Elapsed cpu  time: sys=0:00:00 usr=0:00:00 total=0:00:00
Current Stage stats:
[End of Initial Routing] Elapsed real time: 0:00:00 
[End of Initial Routing] Elapsed cpu  time: sys=0:00:00 usr=0:00:00 total=0:00:00
[End of Initial Routing] Stage (MB): Used    0  Alloctr    0  Proc    0 
[End of Initial Routing] Total (MB): Used    0  Alloctr    0  Proc 5606 
Initial. Routing result:
Initial. Both Dirs: Dmd-Cap  =     0 Max = 0 GRCs =     0 (0.00%)
Initial. H routing: Dmd-Cap  =     0 Max = 0 (GRCs =  0) GRCs =     0 (0.00%)
Initial. V routing: Dmd-Cap  =     0 Max = 0 (GRCs =  0) GRCs =     0 (0.00%)
Initial. Both Dirs: Overflow =     0 Max = 0 GRCs =     0 (0.00%)
Initial. H routing: Overflow =     0 Max = 0 (GRCs =  0) GRCs =     0 (0.00%)
Initial. V routing: Overflow =     0 Max = 0 (GRCs =  0) GRCs =     0 (0.00%)
Initial. M1         Overflow =     0 Max = 0 (GRCs =  0) GRCs =     0 (0.00%)
Initial. M2         Overflow =     0 Max = 0 (GRCs =  0) GRCs =     0 (0.00%)
Initial. M3         Overflow =     0 Max = 0 (GRCs =  0) GRCs =     0 (0.00%)
Initial. M4         Overflow =     0 Max = 0 (GRCs =  0) GRCs =     0 (0.00%)
Initial. M5         Overflow =     0 Max = 0 (GRCs =  0) GRCs =     0 (0.00%)
Initial. M6         Overflow =     0 Max = 0 (GRCs =  0) GRCs =     0 (0.00%)
Initial. M7         Overflow =     0 Max = 0 (GRCs =  0) GRCs =     0 (0.00%)
Initial. M8         Overflow =     0 Max = 0 (GRCs =  0) GRCs =     0 (0.00%)
Initial. M9         Overflow =     0 Max = 0 (GRCs =  0) GRCs =     0 (0.00%)
Initial. MRDL       Overflow =     0 Max = 0 (GRCs =  0) GRCs =     0 (0.00%)

Initial. Total Wire Length = 6839.45
Initial. Layer M1 wire length = 0.00
Initial. Layer M2 wire length = 24.73
Initial. Layer M3 wire length = 3508.16
Initial. Layer M4 wire length = 3259.90
Initial. Layer M5 wire length = 46.66
Initial. Layer M6 wire length = 0.00
Initial. Layer M7 wire length = 0.00
Initial. Layer M8 wire length = 0.00
Initial. Layer M9 wire length = 0.00
Initial. Layer MRDL wire length = 0.00
Initial. Total Number of Contacts = 4113
Initial. Via VIA12SQ_C count = 1415
Initial. Via VIA23SQ_C count = 1415
Initial. Via VIA34SQ_C count = 1262
Initial. Via VIA45SQ_C count = 21
Initial. Via VIA56SQ_C count = 0
Initial. Via VIA67SQ_C count = 0
Initial. Via VIA78SQ_C count = 0
Initial. Via VIA89_C count = 0
Initial. Via VIA9RDL count = 0
Initial. completed.
[End of Whole Chip Routing] Elapsed real time: 0:00:00 
[End of Whole Chip Routing] Elapsed cpu  time: sys=0:00:00 usr=0:00:00 total=0:00:00
[End of Whole Chip Routing] Stage (MB): Used    0  Alloctr    0  Proc    0 
[End of Whole Chip Routing] Total (MB): Used    0  Alloctr    0  Proc 5606 

Congestion utilization per direction:
Average vertical track utilization   =  1.24 %
Peak    vertical track utilization   = 33.33 %
Average horizontal track utilization =  0.92 %
Peak    horizontal track utilization = 27.78 %

[End of Global Routing] Elapsed real time: 0:00:00 
[End of Global Routing] Elapsed cpu  time: sys=0:00:00 usr=0:00:00 total=0:00:00
[End of Global Routing] Stage (MB): Used    0  Alloctr    0  Proc    0 
[End of Global Routing] Total (MB): Used    0  Alloctr    0  Proc 5606 
Total number of open nets = 0, of which 0 are frozen
Updating congestion ...
Updating congestion ...
[End of dbOut] Elapsed real time: 0:00:00 
[End of dbOut] Elapsed cpu  time: sys=0:00:00 usr=0:00:00 total=0:00:00
[End of dbOut] Stage (MB): Used    0  Alloctr    0  Proc    0 
[End of dbOut] Total (MB): Used    0  Alloctr    0  Proc 5606 
Information: Maximum hot spot size per layer
	M4	0
	M5	0
	M6	0
	M7	0
	M8	0
	M9	0
	MRDL	0
Maximum hot spot size is 0 
CONG_HS metric is 0.000 

Skip track assign
Skip detail route
Updating the database ...
There are 0 buffers added and 2 inverters added by Clock Tree Optimization.
************************************************************
* CTS STEP: Postlude
************************************************************
Info: 1332 sinks and boundary insts are set as application_fixed
Information: The run time for postlude is 0 hr : 0 min : 0.01 sec, cpu time is 0 hr : 0 min : 0.01 sec. (CTS-104)
************************************************************
* CTS STEP: Summary report
************************************************************
There are 36 flat clock tree nets.
There are 35 non-sink instances (total area 123.01) on clock trees including 0 instances dont_touch.
Clock tree synthesize and optimization added 0 buffers and 35 inverters (total area 123.01).
 Compilation of clock trees finished successfully
 Run time for cts 00:00:18.76u 00:00:00.14s 00:00:18.96e: 

Summary of messages during CTS:
===============================================================
  Tag   Count  Type           Description
---------------------------------------------------------------
CTS-038    1  Warning  No clock routing rule is specified.

No clock balance group was found, so skip the balance
Info: clearing CTS-GR option
Info: clearinf CTO-GR option
Information: Ending   clock_opt / build_clock / Trial CTS (FLW-8001)
Information: Time: 2026-10-09 21:14:28 / Session:  00:00:34 / Command:  00:00:20 / CPU:  00:00:20 / Memory: 1477 MB (FLW-8100)

Information: The stitching and editing of coupling caps is turned OFF for design 'filtro_pdm.dlib:filtro_pdm/place.design'. (TIM-125)
Information: Design filtro_pdm has 12088 nets, 36 global routed, 0 detail routed. (NEX-024)
Information: The RC mode used is CTO for design 'filtro_pdm'. (NEX-022)
Information: Design Average RC for design filtro_pdm  (NEX-011)
Information: r = 1.671985 ohm/um, via_r = 0.578740 ohm/cut, c = 0.085838 ff/um, cc = 0.000000 ff/um (X dir) (NEX-017)
Information: r = 1.786445 ohm/um, via_r = 0.461268 ohm/cut, c = 0.075274 ff/um, cc = 0.000000 ff/um (Y dir) (NEX-017)
Information: Update timing completed net estimation for all the timing graph nets (TIM-111)
Information: Net estimation statistics: timing graph nets = 12086, routed nets = 36, across physical hierarchy nets = 0, parasitics cached nets = 12086, delay annotated nets = 0, parasitics annotated nets = 0, multi-voltage nets = 0. (TIM-112)
Clock-opt command begin                   CPU:    34 s (  0.01 hr )  ELAPSE:    36 s (  0.01 hr )  MEM-PEAK:  1476 MB
Info: update em.

Clock-opt timing update complete          CPU:    34 s (  0.01 hr )  ELAPSE:    36 s (  0.01 hr )  MEM-PEAK:  1476 MB
INFO: Propagating Switching Activities
Information: Activity propagation will be performed for scenario default.
Information: Doing activity propagation for mode 'default' and corner 'default' with effort level 'medium'. (POW-024)
Information: Timer-derived activity data is cached on scenario default (POW-052)
Information: Running switching activity propagation in scalar mode!

 **** Information : No. of simulation cycles = 6 ****
INFO: Switching Activity propagation took     0.00001 sec
INFO: Propagating Switching Activity for all power flows 

Clock-opt initial QoR
_____________________
Scenario Mapping Table
1: default

Pathgroup Mapping Table
1: **default**
2: **async_default**
3: **clock_gating_default**
4: **in2reg_default**
5: **reg2out_default**
6: **in2out_default**
7: clk

-------------------------------------------------------------------------------------------------------------------------------------------------------------
PATHGROUP QOR 
-------------------------------------------------------------------------------------------------------------------------------------------------------------
Scene  PG      WNS        TNS    NSV       WHV        THV    NHV
    1   1   0.0000     0.0000      0   0.0000     0.0000      0
    1   2   0.0000     0.0000      0   0.0000     0.0000      0
    1   3   0.0000     0.0000      0   0.0000     0.0000      0
    1   4   0.0000     0.0000      0   0.0317     0.0317      1
    1   5   0.0000     0.0000      0   0.0000     0.0000      0
    1   6   0.0000     0.0000      0   0.0000     0.0000      0
    1   7   0.0000     0.0000      0   0.0000     0.0000      0
----------------------------------------------------------------------------------------------------------------------------------------------------------------------
SCENARIO QOR 
----------------------------------------------------------------------------------------------------------------------------------------------------------------------
Scene  PG      WNS        TNS   R2RTNS    NSV       WHV        THV    NHV  MaxTrnV   MaxTranC  MaxCapV    Leakage
    1   *   0.0000     0.0000   0.0000      0   0.0317     0.0317      1        0     0.0000        8  960593408
----------------------------------------------------------------------------------------------------------------------------------------------------------------------
DESIGN QOR 
----------------------------------------------------------------------------------------------------------------------------------------------------------------------
Scene  PG      WNS        TNS   R2RTNS    NSV       WHV        THV    NHV  MaxTrnV   MaxTranC  MaxCapV    Leakage         Area    InstCnt     BufCnt     InvCnt
    *   *   0.0000     0.0000   0.0000      0   0.0317     0.0317      1        0     0.0000        8  960593408     33069.22       8171        374       1652
----------------------------------------------------------------------------------------------------------------------------------------------------------------------

Clock-opt initial QoR Summary       WNS        TNS   R2RTNS    NSV      WHV        THV    NHV  MaxTrnV  MaxCapV    Leakage         Area    InstCnt
Clock-opt initial QoR Summary    0.0000     0.0000   0.0000      0   0.0317     0.0317      1        0        8  960593408     33069.22       8171
Information: The netlist change observers are disabled for incremental extraction. (TIM-126)
INFO: using 1 threads
Clock-opt initialization complete         CPU:    37 s (  0.01 hr )  ELAPSE:    39 s (  0.01 hr )  MEM-PEAK:  1476 MB
Clock-opt optimization summary            SETUP-COST    R2R-COST HOLD-COST LDRC-COST          AREA     LEAKAGE     INSTCNT            ELAPSE       MEM
Number of Site types in the design = 1
Setting up Chip Core
Chip Core shape: (100000 100000) (2304000 2273600)
Number of VARs = 1
Number of unique PDs = 1
Number of Power Domains = 1
Number of Voltage Areas = 1
Number of supply Nets = 2
Number of used supplies = 0
Blocked VAs: 

    Scenario default  WNS = 0.000000, TNS = 0.000000, NVP = 0
    Scenario default  WNHS = invalid, TNHS = 0.000000, NHVP = 0

     ELAPSED  WORST NEG TOTAL NEG              MAX       MAX     BUFFER    INVERTER   LVTH      LVTH      PEAK   
      TIME      SLACK     SLACK     AREA    TRAN COST CAP COST    COUNT     COUNT     COUNT    PERCENT   MEMORY  
    --------- --------- --------- --------- --------- --------- --------- --------- --------- --------- ---------
      0:00:39     0.000     0.000 33069.219     0.000     1.515       374      1652         0     0.000      1476 

Information: The netlist change observers are enabled for incremental extraction. (TIM-127)

Information: Initializing classic cellmap without advanced rules enabled and without PDC enabled
Information: The following app options are used in cellmap
        place.legalize.enable_color_aware_placement : false
        place.legalize.use_nll_query_cm : false
        place.legalize.enable_advanced_legalizer : false
        place.legalize.enable_prerouted_net_check : true
        place.legalize.enable_advanced_prerouted_net_check : false
        place.legalize.always_continue : true
        place.legalize.limit_legality_checks : false
        place.common.pnet_aware_density : 1.0000
        place.common.pnet_aware_min_width : 0.0000
        place.common.pnet_aware_layers : {}
        place.common.use_placement_model : false
        place.common.enable_advanced_placement_model : true
        cts.placement.cell_spacing_rule_style : maximum
Total 0.0177 seconds to build cellmap data
INFO: creating 48(r) x 48(c) GridCells YDim 5.016 XDim 5.016
INFO: number of GridCells (filtro_pdm/place): 2304
INFO: creating 48(r) x 48(c) GridCells YDim 5.016 XDim 5.016
INFO: number of GridCells (filtro_pdm/place): 2304
Total 0.0622 seconds to load 8171 cell instances into cellmap
Moveable cells: 6804; Application fixed cells: 1367; Macro cells: 0; User fixed cells: 0
Average cell width 2.4205, cell height 1.6720, cell area 4.0471 for total 8171 placed and application fixed cells
Clock-opt optimization Phase 5 Iter  1          0.00        0.00      0.03         7      33069.22  960593408.00        8171              0.01      1476

APSINFO: No multi-Vth libcells found, turning off percentage LVT optimization flow
Clock-opt optimization Phase 6 Iter  1          0.00        0.00      0.03         7      33064.90  959931456.00        8171              0.01      1476
Corner Scaling is off, multiplier is 1.000000
Corner Scaling is off, multiplier is 1.000000
ndr _snps_autoNdr_delay_1w3s is auto ndr
bmap: stepx = stepy = 83600
creating bmap
DB units per micron : 10000
Core Area = 29 X 29 ()
Clock-opt optimization Phase 6 Iter  2          0.00        0.00      0.03         7      33064.90  959931456.00        8171              0.01      1476
Clock-opt optimization Phase 6 Iter  3          0.00        0.00      0.03         7      33064.90  959931456.00        8171              0.01      1476
Clock-opt optimization Phase 6 Iter  4          0.00        0.00      0.03         7      33064.90  959931456.00        8171              0.01      1476
INFO: Restore MV PD Boundary Restriction

Layer name: M1, Mask name: metal1, Layer number: 11
Layer name: M2, Mask name: metal2, Layer number: 13
Layer name: M3, Mask name: metal3, Layer number: 15
Layer name: M4, Mask name: metal4, Layer number: 17
Layer name: M5, Mask name: metal5, Layer number: 19
Layer name: M6, Mask name: metal6, Layer number: 21
Layer name: M7, Mask name: metal7, Layer number: 23
Layer name: M8, Mask name: metal8, Layer number: 25
Layer name: M9, Mask name: metal9, Layer number: 27
Layer name: MRDL, Mask name: metal10, Layer number: 41
Clock-opt optimization Phase 7 Iter  1          0.00        0.00      0.03         5      33074.30  960852416.00        8174              0.01      1476
Clock-opt optimization Phase 7 Iter  2          0.00        0.00      0.03         5      33074.30  960852416.00        8174              0.01      1476
Clock-opt optimization Phase 7 Iter  3          0.00        0.00      0.03         5      33074.30  960852416.00        8174              0.01      1476
Clock-opt optimization Phase 7 Iter  4          0.00        0.00      0.03         5      33074.30  960852416.00        8174              0.01      1476
Clock-opt optimization Phase 7 Iter  5          0.00        0.00      0.03         5      33074.30  960852416.00        8174              0.01      1476
Clock-opt optimization Phase 7 Iter  6          0.00        0.00      0.03         5      33074.30  960852416.00        8174              0.01      1476
Clock-opt optimization Phase 7 Iter  7          0.00        0.00      0.03         5      33074.30  960852416.00        8174              0.01      1476
Clock-opt optimization Phase 7 Iter  8          0.00        0.00      0.03         5      33074.30  960852416.00        8174              0.01      1476
Clock-opt optimization Phase 7 Iter  9          0.00        0.00      0.03         5      33074.30  960852416.00        8174              0.01      1476
Clock-opt optimization Phase 7 Iter 10          0.00        0.00      0.03         5      33074.30  960852416.00        8174              0.01      1476
PBO-MultiScenePg: 0 total problems
Corner Scaling is off, multiplier is 1.000000
ndr _snps_autoNdr_delay_1w3s is auto ndr
bmap: stepx = stepy = 83600
creating bmap
DB units per micron : 10000
Core Area = 29 X 29 ()
Clock-opt optimization Phase 7 Iter 11          0.00        0.00      0.03         5      33074.30  960852416.00        8174              0.01      1476
PBO-MultiScenePg: 0 total problems
Clock-opt optimization Phase 7 Iter 12          0.00        0.00      0.03         5      33074.30  960852416.00        8174              0.01      1476
Clock-opt optimization Phase 7 Iter 13          0.00        0.00      0.03         5      33074.30  960852416.00        8174              0.01      1476

Clock-opt optimization Phase 8 Iter  1          0.00        0.00      0.03         5      33074.30  960852416.00        8174              0.01      1476

Information: Starting clock_opt / build_clock / CTS (FLW-8000)
Information: Time: 2026-10-09 21:14:36 / Session:  00:00:41 / Command:  00:00:27 / CPU:  00:00:27 / Memory: 1477 MB (FLW-8100)
Clock-opt optimization Phase 9 Iter  1          0.00        0.00      0.03         5      33074.30  960852416.00        8174              0.01      1476
Info: Enabling GR in final CTS
Info: Enabling GR in final CTO
cts.compile.enable_local_skew turned off because cts.common.enable_max is true
************************************************************
* CTS STEP: Design Initialization for Clock Synthesis
************************************************************
Information: The stitching and editing of coupling caps is turned OFF for design 'filtro_pdm.dlib:filtro_pdm/place.design'. (TIM-125)
Information: Update timing completed net estimation for all the timing graph nets (TIM-111)
Information: Net estimation statistics: timing graph nets = 12089, routed nets = 36, across physical hierarchy nets = 0, parasitics cached nets = 36, delay annotated nets = 0, parasitics annotated nets = 0, multi-voltage nets = 0. (TIM-112)
Information: CTS will work on the following scenarios. (CTS-101)
   default	(Mode: default; Corner: default)
Information: CTS will work on all clocks in active scenarios, including 1 master clocks and 0 generated clocks. (CTS-107)
Output units used in this log:
   Time        : 1.00ns
   Resistance  : 1.00MOhm
   Capacitance : 1.00fF
   Power       : 1.00pW
   Length      : 1.00um
Information: Clock derating is enabled

CTS related app options set by user:
   cts.common.copy_balance_points_to_missing_modes = true
   cts.common.enable_ndr_enhancement = 1
   cts.compile.enable_cell_relocation = none
   cts.compile.enable_global_route = true
   cts.compile.enable_local_skew = true
   cts.compile.tighten_target_tran = true
   cts.icg.timing_aware = true
   cts.optimize.enable_global_route = true
   cts.optimize.enable_improvement_mode = skew
   cts.optimize.enable_local_skew = true
   cts.optimize.enable_via_ladder = true
   cts.optimize.honor_max_net_length = true
   cts.optimize.patch_route_keep_topology = 1
   cts.optimize.problem_generator_enhancement_revision = 1
   cts.optimize.respect_preserved_hier_port = true

Buffer/Inverter reference list for clock tree synthesis:
   saed32rvt_base_frame_timing/DELLN1X2_RVT
   saed32rvt_base_frame_timing/DELLN2X2_RVT
   saed32rvt_base_frame_timing/DELLN3X2_RVT
   saed32rvt_base_frame_timing/NBUFFX16_RVT
   saed32rvt_base_frame_timing/NBUFFX2_RVT
   saed32rvt_base_frame_timing/NBUFFX32_RVT
   saed32rvt_base_frame_timing/NBUFFX4_RVT
   saed32rvt_base_frame_timing/NBUFFX8_RVT
   saed32rvt_base_frame_timing/AOBUFX1_RVT
   saed32rvt_base_frame_timing/AOBUFX2_RVT
   saed32rvt_base_frame_timing/AOBUFX4_RVT
   saed32rvt_base_frame_timing/IBUFFX16_RVT
   saed32rvt_base_frame_timing/IBUFFX2_RVT
   saed32rvt_base_frame_timing/IBUFFX32_RVT
   saed32rvt_base_frame_timing/IBUFFX4_RVT
   saed32rvt_base_frame_timing/IBUFFX8_RVT
   saed32rvt_base_frame_timing/INVX0_RVT
   saed32rvt_base_frame_timing/INVX16_RVT
   saed32rvt_base_frame_timing/INVX1_RVT
   saed32rvt_base_frame_timing/INVX2_RVT
   saed32rvt_base_frame_timing/INVX32_RVT
   saed32rvt_base_frame_timing/INVX4_RVT
   saed32rvt_base_frame_timing/INVX8_RVT
   saed32rvt_base_frame_timing/AOINVX1_RVT
   saed32rvt_base_frame_timing/AOINVX2_RVT
   saed32rvt_base_frame_timing/AOINVX4_RVT

ICG reference list:
   saed32rvt_base_frame_timing/CGLNPRX2_RVT
   saed32rvt_base_frame_timing/CGLNPRX8_RVT
   saed32rvt_base_frame_timing/CGLNPSX16_RVT
   saed32rvt_base_frame_timing/CGLNPSX2_RVT
   saed32rvt_base_frame_timing/CGLNPSX4_RVT
   saed32rvt_base_frame_timing/CGLNPSX8_RVT
   saed32rvt_base_frame_timing/CGLPPRX2_RVT
   saed32rvt_base_frame_timing/CGLPPRX8_RVT
   saed32rvt_base_frame_timing/CGLPPSX16_RVT
   saed32rvt_base_frame_timing/CGLPPSX2_RVT
   saed32rvt_base_frame_timing/CGLPPSX4_RVT
   saed32rvt_base_frame_timing/CGLPPSX8_RVT

Information: 'default' is identified as primary corner for initial clock tree building. (CTS-103)
Number of Site types in the design = 1
Setting up Chip Core
Chip Core shape: (100000 100000) (2304000 2273600)
Number of VARs = 1
Number of unique PDs = 1
Number of Power Domains = 1
Number of Voltage Areas = 1
Number of supply Nets = 2
Number of used supplies = 0
Blocked VAs: 
Warning: No clock routing rule is specified. (CTS-038)

Clock cell spacing rule list:
   No clock cell spacing rule is found.
************************************************************
* CTS STEP: Clock Tree Initialization
************************************************************
Drc Mode Option: auto
Information: Initializing classic cellmap without advanced rules enabled and with PDC enabled
Information: The following app options are used in cellmap
        place.legalize.enable_color_aware_placement : false
        place.legalize.use_nll_query_cm : false
        place.legalize.enable_advanced_legalizer : false
        place.legalize.enable_prerouted_net_check : true
        place.legalize.enable_advanced_prerouted_net_check : false
        place.legalize.always_continue : true
        place.legalize.limit_legality_checks : false
        place.common.pnet_aware_density : 1.0000
        place.common.pnet_aware_min_width : 0.0000
        place.common.pnet_aware_layers : {}
        place.common.use_placement_model : false
        place.common.enable_advanced_placement_model : true
        cts.placement.cell_spacing_rule_style : maximum
Information: Creating classic rule checker.
Warning: Routing direction of metal layer PO is neither "horizontal" nor "vertical".  PDC checks will not be performed on this layer. (PDC-003)
PDC app_options settings =========
	place.legalize.enable_prerouted_net_check: 1
	place.legalize.num_tracks_for_access_check: 1
	place.legalize.use_eol_spacing_for_access_check: 0
	place.legalize.allow_touch_track_for_access_check: 1
	place.legalize.reduce_conservatism_in_eol_check: 0
	place.legalize.preroute_shape_merge_distance: 0.0
	place.legalize.enable_non_preferred_direction_span_check: 0

Layer M1: cached 0 shapes out of 895 total shapes.
Cached 1442 vias out of 5673 total vias.
Total 0.0361 seconds to build cellmap data
INFO: creating 29(r) x 29(c) GridCells YDim 8.36 XDim 8.36
INFO: number of GridCells (filtro_pdm/place): 841
INFO: creating 29(r) x 29(c) GridCells YDim 8.36 XDim 8.36
INFO: number of GridCells (filtro_pdm/place): 841
Total 0.0934 seconds to load 8174 cell instances into cellmap
Moveable cells: 6807; Application fixed cells: 1367; Macro cells: 0; User fixed cells: 0
Average cell width 2.4200, cell height 1.6720, cell area 4.0463 for total 8174 placed and application fixed cells
Information: Legalizer's PDC rule check is enabled
Information: Legalizer's advanced rule check is enabled

Start Auto-Exception Derivations...
 No internal pin was found.
 No conflict pin was found.
 No macro pin was found for clock balance point settings.
 No macro pin was found for disabling self arcs.
Information: The run time for clock tree initialization is 0 hr : 0 min : 0.14 sec, cpu time is 0 hr : 0 min : 0.14 sec. (CTS-104)
Drc Mode Option: auto
Enable multi-thread Tasks, number of thread is 1
CTS checksum info: ctsSch::runFinalCtsInitDesign end
Design checksums     = 0x478E38A5 (loc)  0xAE6748C (lcell)  0xEE8D0101 (name), 0xF0A1A2E1 (net)
CTS: Design checksums = 0x478E38A5 (loc)  0xAE6748C (lcell)  0xEE8D0101 (name), 0xF0A1A2E1 (net)
CTS: Clock tree checksums = 0x92DBA86 (loc)  0x17E30EFB (lcell)  0x1ED2F112 (term), 0xF1336D0E (net)  0x488E66F7 (netLen)
CTS: Placement checksums = 80d78d4e (loc) 1a2d5774 (lcell) ee8d0101 (name) 927e325b (net) 61b9063c (graph) 0 (slack) 3142ab04 (para) 
Information: The netlist change observers are disabled for incremental timing updates. (TIM-119)
Information: The netlist change observers are disabled for incremental extraction. (TIM-126)
CTSSC route status detected: clock (VR 0, GR 2836, DR 0), data (VR 12053, GR 0, DR 0); stage = auto, isPostRoute = FALSE
Information: 'default' is identified as primary corner for initial clock tree building. (CTS-103)
INFO: wire-opt feature for router enabled
Cell Min-Routing-Layer = M1
Cell Max-Routing-Layer = MRDL
Turn off antenna since no rule is specified
Information: Option route.detail.force_end_on_preferred_grid will be ignored since none of the layers have preferred grid. (ZRT-703)
Warning: Cannot find a default contact code for layer CO. (ZRT-022)
Info: number of net_type_blockage: 0 
Information: Via ladder engine would be activated for pattern must join connection in certain commands. Please refer to man-page for the command list. (ZRT-619)
Information: AutoNdr rule can't be found. Check the settings.
Information: When applicable Min-max layer allow_pin_connection mode will allow paths of length 3.55 outside the layer range. (ZRT-707)
Information: When applicable Min-max layer allow_pin_connection mode will allow paths of length 3.55 outside the layer range on clock nets. (ZRT-718)
Information: When applicable layer based tapering will taper up to 0.00 in distance from the pin. (ZRT-706)
Warning: Standard cell pin AOINVX4_RVT/VDDG has no valid via regions. (ZRT-044)
Warning: Standard cell pin AOINVX1_RVT/VDDG has no valid via regions. (ZRT-044)
Warning: Standard cell pin AOBUFX4_RVT/VDDG has no valid via regions. (ZRT-044)
Warning: Standard cell pin AOINVX2_RVT/VDDG has no valid via regions. (ZRT-044)
Warning: Standard cell pin AOBUFX1_RVT/VDDG has no valid via regions. (ZRT-044)
Warning: Standard cell pin AOBUFX2_RVT/VDDG has no valid via regions. (ZRT-044)
Warning: Cell u_fir/delay_reg_57__4_ is placed overlapping with other cells at {{50.888 33.408} {56.056 35.080}}. (ZRT-763)
Warning: Cell u_fir/delay_reg_61__14_ is placed overlapping with other cells at {{163.824 33.408} {168.992 35.080}}. (ZRT-763)
Warning: Cell u_fir/delay_reg_49__2_ is placed overlapping with other cells at {{20.336 160.480} {25.504 162.152}}. (ZRT-763)
Warning: Cell u_fir/delay_reg_31__10_ is placed overlapping with other cells at {{110.776 180.544} {115.944 182.216}}. (ZRT-763)
GR Routing Service: Started IMRD 
GR Routing Service: ndmAttrDef 'usr_tmng_crit' created with default value 0 
GR Routing Service: ndmAttrDef 'rted_by_minDly' created with default value 0 
GR Routing Service: ndmAttrDef 'port_subnet_crit_blkConn' created with default value 0 
GR Routing Service: ndmAttrDef 'port_subnet_crit_blkPort' created with default value 0 
Loading timing information to the router ...
Design  Scenario default (Mode default Corner default)
Timing information loaded to the router.
GR Routing Service: Setting costIdx to 3 
GR Routing Service: rebuildCongmap: itr = 3 
Number of partitions: 1 (1 x 1)
Size of partitions: 144 gCells x 142 gCells
Average gCell capacity  1.75	 on layer (1)	 M1
Average gCell capacity  10.94	 on layer (2)	 M2
Average gCell capacity  5.43	 on layer (3)	 M3
Average gCell capacity  5.49	 on layer (4)	 M4
Average gCell capacity  2.74	 on layer (5)	 M5
Average gCell capacity  2.74	 on layer (6)	 M6
Average gCell capacity  1.36	 on layer (7)	 M7
Average gCell capacity  1.36	 on layer (8)	 M8
Average gCell capacity  0.67	 on layer (9)	 M9
Average gCell capacity  0.33	 on layer (10)	 MRDL
Average number of tracks per gCell 10.99	 on layer (1)	 M1
Average number of tracks per gCell 11.00	 on layer (2)	 M2
Average number of tracks per gCell 5.50	 on layer (3)	 M3
Average number of tracks per gCell 5.51	 on layer (4)	 M4
Average number of tracks per gCell 2.76	 on layer (5)	 M5
Average number of tracks per gCell 2.76	 on layer (6)	 M6
Average number of tracks per gCell 1.39	 on layer (7)	 M7
Average number of tracks per gCell 1.39	 on layer (8)	 M8
Average number of tracks per gCell 0.70	 on layer (9)	 M9
Average number of tracks per gCell 0.35	 on layer (10)	 MRDL
Number of gCells = 204480
[updNetsDmd] Elapsed real time: 0:00:00 
[updNetsDmd] Elapsed cpu  time: sys=0:00:00 usr=0:00:00 total=0:00:00
Created 1 thread routing service with costIdx = 3. (tbbMode 1)
GR Routing Service: Setting costIdx to 1 
rtapi Thread-server 0: startup 

************************************************************
* CTS STEP: Initial DRC fixing
************************************************************

[cto] Starting InitDrc.1
start cto; name: filtro_pdm; type: design; name: filtro_pdm; type: design; tot_drc_vio: 0; buf_ct: 35; buf_area: 123.005696; cell_area: 123.005696
start cto; name: default:clk; type: clock; name: default:clk; type: clock; latency: 0.138454; gskew: 0.035534; tot_drc_vio: 0; wtran: 0.000000; wcap: 0.000000; buf_ct: 35; buf_area: 123.005696; cell_area: 123.005696
-------------------------------------------------------------
Optimizing clock tree DRC
clock: clk mode: default root: clk
Clock QoR Before DRC Optimization:
Clock: clk, Mode: default, Root: clk
Information: CTS QoR Pre Initial DRC Fixing: GlobalSkew = 0.0355; ID = 0.1385; NetsWithDRC = 0; Worst Tran/Cap cost = 0.0000/0.0000; ClockBufCount = 35; ClockBufArea = 123.0057; ClockCellArea = 123.0057; ClockWireLen = 7290.2750; Clock = clk; Mode = default; Corner = default; ClockRoot = clk. (CTS-037)

Begin Pre-Opt Drc Fixing
Starting multithread based drc fixing Pre opt drc fixing
Info: message level of flow 16 ctoDrc is set as 0/1 for verbose/tMessage
Iteration 1 (effort: high)
Information: run flow for exception tree
Iteration 2 (effort: high)
Information: run flow for exception tree

    Optimization Summary 		

-------------------------------------------------

	# Drivers Attempted               =          0
	# Skipped during isValid and estimate          =          0
	# Failed subgraph evaluation           =          0
	# Failed main graph committ          =          0
	# Successful main graph commit      =          0
	# NumCTCells changed               =          0


	# Total CPU time                  = 00h:00m:00s
	# Total elapsed time              = 00h:00m:00s
	# Flow total speed up             =     0.9994

-------------------------------------------------

HARNESS Summary: 
	Margin used: 0.005

Info: message level of flow 16 ctoDrc is set back as 0/1 for verbose/tMessage
Pre-Opt drc fixing cpu time 00:00:00.20u 00:00:00.00s 00:00:00.20e: 
Clock QoR After Pre-Opt Drc Fixing:
Clock: clk, Mode: default, Root: clk
Information: CTS QoR Post Initial DRC Fixing: GlobalSkew = 0.0355; ID = 0.1385; NetsWithDRC = 0; Worst Tran/Cap cost = 0.0000/0.0000; ClockBufCount = 35; ClockBufArea = 123.0057; ClockCellArea = 123.0057; ClockWireLen = 7290.2750; Clock = clk; Mode = default; Corner = default; ClockRoot = clk. (CTS-037)
The elapsed time for optimization of clock tree is 0 hr : 0 min : 0.22 sec, cpu time is 0 hr : 0 min : 0.22 sec.
Information: The run time for Initial DRC fixing is 0 hr : 0 min : 0.22 sec, cpu time is 0 hr : 0 min : 0.22 sec. (CTS-104)
[cto] Finished InitDrc.1: PASS

************************************************************
* CTS STEP: Multi-objective Clock Optimization
************************************************************

[cto] Starting MultiObjectiveCto.1
Mark clock trees...
Marking clock synthesized attributes

Marking spacing rules

Clock cell spacing rule list:
   No clock cell spacing rule is found.
Information: The stitching and editing of coupling caps is turned OFF for design 'filtro_pdm.dlib:filtro_pdm/place.design'. (TIM-125)
Information: Update timing completed net estimation for all the timing graph nets (TIM-111)
Information: Net estimation statistics: timing graph nets = 12089, routed nets = 12089, across physical hierarchy nets = 0, parasitics cached nets = 12089, delay annotated nets = 0, parasitics annotated nets = 0, multi-voltage nets = 0. (TIM-112)
Information: 'default' is identified as primary corner for initial clock tree building. (CTS-103)
CCD app option: ccd.targeted_ccd_path_groups:  **clock_gating_default**
Target path group: scenario default pathgroup **clock_gating_default**
Information: CCD will use corner default for honoring max prepone/postpone limits
CCD-Info: Adjusting IO clock latencies to improve timing (ccd.adjust_io_clock_latency = true)
@ CG solver holdWeight = 0.100000
@ CG solver setupWeight = 1.000000
@ CG solver delayCostWeight = 5.000000
@ CG solver zeroDirWeight = 5.000000
@ CG solver wnsWeight = 10.000000
INFO: Clock latency adjustments are made on following clocks

Mode:default          Latency(early)   Latency(late)
Clock        Updated   rise    fall    rise    fall   Corner
------------------------------------------------------------
clk          Yes     0.1240  0.1240  0.1546  0.1546   default
CCD MOO settings for (budget_implementation, last_qor_strategy): 5 engines
    Engine R2R_TNS has 8 objectives, 3 enabled moves, iterationLimit = 2, solverType = CG_LP, estimateFanoutPower = 0, mergeIOWithR2R = 1, areaOnly = 0, useOldEngine = 0, preponeOpt = 1
                tns300Cutoff = 300, capAllowance = 1.600000, cgccdScaleBack = 5, powerccdScaleBack = 0, needTrialSeedGeneration = 0, drcMargin = 0.000000, commitOneByOne = 0, offRoute=0
            R2R_TNS: priority 10, weight 10.000000, degradationPercentAllowed 0.010000, step back 0.100000, isTargeted 1, isMaximize 1
            IO_TNS: priority 10, weight 10.000000, degradationPercentAllowed 0.010000, step back 0.050000, isTargeted 0, isMaximize 1
            ICG_TNS: priority 10, weight 10.000000, degradationPercentAllowed 0.000000, step back 0.100000, isTargeted 1, isMaximize 1
            R2R_WNS: priority 20, weight 5.000000, degradationPercentAllowed 0.050000, step back 0.050000, isTargeted 1, isMaximize 1
            ICG_WNS: priority 25, weight 5.000000, degradationPercentAllowed 0.000000, step back 0.050000, isTargeted 1, isMaximize 1
            HOLD_TNS: priority 30, weight 5.000000, degradationPercentAllowed 0.500000, step back 0.050000, isTargeted 1, isMaximize 1
            NONE_POWER: priority 40, weight 1.000000, degradationPercentAllowed 0.010000, step back 0.010000, isTargeted 1, isMaximize 0
            NONE_TOTAL_OFFSET: priority 99, weight 1.000000, degradationPercentAllowed nan, step back 0.050000, isTargeted 0, isMaximize 1
        Moves enabled: SIZE_CLOCK_TIMING, BUFFER_REMOVAL_CLOCK_TIMING, REPARENTING_CLOCK_TIMING, 
    Engine R2R_TNS has 9 objectives, 2 enabled moves, iterationLimit = 1, solverType = CG_LP, estimateFanoutPower = 0, mergeIOWithR2R = 1, areaOnly = 0, useOldEngine = 0, preponeOpt = 0
                tns300Cutoff = 300, capAllowance = 1.600000, cgccdScaleBack = 5, powerccdScaleBack = 0, needTrialSeedGeneration = 1, drcMargin = 0.000000, commitOneByOne = 0, offRoute=1
            R2R_TNS: priority 10, weight 10.000000, degradationPercentAllowed 0.010000, step back 0.100000, isTargeted 1, isMaximize 1
            IO_TNS: priority 10, weight 10.000000, degradationPercentAllowed 0.010000, step back 0.050000, isTargeted 0, isMaximize 1
            ICG_TNS: priority 10, weight 10.000000, degradationPercentAllowed 0.000000, step back 0.100000, isTargeted 1, isMaximize 1
            R2R_WNS: priority 11, weight 5.000000, degradationPercentAllowed 0.050000, step back 0.050000, isTargeted 1, isMaximize 1
            ICG_WNS: priority 11, weight 5.000000, degradationPercentAllowed 0.000000, step back 0.050000, isTargeted 1, isMaximize 1
            HOLD_TNS: priority 20, weight 5.000000, degradationPercentAllowed 0.500000, step back 0.050000, isTargeted 1, isMaximize 1
            NONE_POWER: priority 30, weight 1.000000, degradationPercentAllowed 0.010000, step back 0.010000, isTargeted 1, isMaximize 0
            NONE_BUFFER_COUNT: priority 40, weight 1.000000, degradationPercentAllowed 0.010000, step back 0.100000, isTargeted 1, isMaximize 0
            NONE_TOTAL_OFFSET: priority 100, weight 1.000000, degradationPercentAllowed nan, step back 0.050000, isTargeted 0, isMaximize 1
          Objectives for trial seed generation: 
            R2R_TNS: priority 10, weight 10.000000, degradationPercentAllowed 0.010000, step back 0.070000, isTargeted 1, isMaximize 1
            ICG_TNS: priority 15, weight 10.000000, degradationPercentAllowed 0.000000, step back 0.070000, isTargeted 1, isMaximize 1
            NONE_BUFFER_COUNT: priority 20, weight 1.000000, degradationPercentAllowed 0.100000, step back 0.050000, isTargeted 1, isMaximize 0
            NONE_TOTAL_OFFSET: priority 30, weight 1.000000, degradationPercentAllowed nan, step back 0.050000, isTargeted 1, isMaximize 1
            R2R_WNS: priority 40, weight 5.000000, degradationPercentAllowed 0.010000, step back 0.050000, isTargeted 0, isMaximize 1
            ICG_WNS: priority 45, weight 5.000000, degradationPercentAllowed 0.000000, step back 0.050000, isTargeted 0, isMaximize 1
            HOLD_TNS: priority 50, weight 10.000000, degradationPercentAllowed 0.010000, step back 0.030000, isTargeted 0, isMaximize 1
            HOLD_WNS: priority 60, weight 1.000000, degradationPercentAllowed 0.010000, step back 0.030000, isTargeted 0, isMaximize 1
            IO_TNS: priority 70, weight 1.000000, degradationPercentAllowed 0.050000, step back 0.050000, isTargeted 0, isMaximize 1
        Moves enabled: SIZE_CLOCK_TIMING, BUFFER_CLOCK, 
    Engine R2R_TNS has 9 objectives, 2 enabled moves, iterationLimit = 1, solverType = CG_LP, estimateFanoutPower = 0, mergeIOWithR2R = 1, areaOnly = 0, useOldEngine = 0, preponeOpt = 0
                tns300Cutoff = 300, capAllowance = 1.600000, cgccdScaleBack = 5, powerccdScaleBack = 0, needTrialSeedGeneration = 0, drcMargin = 0.000000, commitOneByOne = 0, offRoute=1
            R2R_TNS: priority 10, weight 10.000000, degradationPercentAllowed 0.010000, step back 0.100000, isTargeted 1, isMaximize 1
            IO_TNS: priority 10, weight 10.000000, degradationPercentAllowed 0.010000, step back 0.050000, isTargeted 0, isMaximize 1
            ICG_TNS: priority 10, weight 10.000000, degradationPercentAllowed 0.000000, step back 0.100000, isTargeted 1, isMaximize 1
            R2R_WNS: priority 11, weight 5.000000, degradationPercentAllowed 0.050000, step back 0.050000, isTargeted 1, isMaximize 1
            ICG_WNS: priority 11, weight 5.000000, degradationPercentAllowed 0.000000, step back 0.050000, isTargeted 1, isMaximize 1
            HOLD_TNS: priority 20, weight 5.000000, degradationPercentAllowed 0.500000, step back 0.050000, isTargeted 1, isMaximize 1
            NONE_POWER: priority 30, weight 1.000000, degradationPercentAllowed 0.010000, step back 0.010000, isTargeted 1, isMaximize 0
            NONE_BUFFER_COUNT: priority 40, weight 1.000000, degradationPercentAllowed 0.010000, step back 0.100000, isTargeted 1, isMaximize 0
            NONE_TOTAL_OFFSET: priority 100, weight 1.000000, degradationPercentAllowed nan, step back 0.050000, isTargeted 0, isMaximize 1
        Moves enabled: SIZE_CLOCK_TIMING, BUFFER_CLOCK, 
    Engine HOLD_TNS has 10 objectives, 2 enabled moves, iterationLimit = 1, solverType = CG_LP, estimateFanoutPower = 0, mergeIOWithR2R = 1, areaOnly = 0, useOldEngine = 0, preponeOpt = 0
                tns300Cutoff = 300, capAllowance = 1.600000, cgccdScaleBack = 5, powerccdScaleBack = 0, needTrialSeedGeneration = 0, drcMargin = 0.000000, commitOneByOne = 0, offRoute=1
            HOLD_TNS: priority 10, weight 2.000000, degradationPercentAllowed 0.010000, step back 0.090000, isTargeted 1, isMaximize 1
            R2R_TNS: priority 20, weight 2.000000, degradationPercentAllowed 0.025000, step back 0.050000, isTargeted 1, isMaximize 1
            R2R_WNS: priority 25, weight 1.000000, degradationPercentAllowed 0.010000, step back 0.050000, isTargeted 1, isMaximize 1
            ICG_TNS: priority 25, weight 2.000000, degradationPercentAllowed 0.000000, step back 0.050000, isTargeted 1, isMaximize 1
            ICG_WNS: priority 28, weight 1.000000, degradationPercentAllowed 0.000000, step back 0.050000, isTargeted 1, isMaximize 1
            NONE_POWER: priority 30, weight 1.000000, degradationPercentAllowed 0.004000, step back 0.010000, isTargeted 1, isMaximize 0
            NONE_BUFFER_COUNT: priority 40, weight 5.000000, degradationPercentAllowed 0.005000, step back 0.100000, isTargeted 1, isMaximize 0
            HOLD_WNS: priority 60, weight 1.000000, degradationPercentAllowed 0.050000, step back 0.050000, isTargeted 0, isMaximize 1
            IO_TNS: priority 70, weight 1.000000, degradationPercentAllowed nan, step back 0.050000, isTargeted 0, isMaximize 1
            NONE_TOTAL_OFFSET: priority 100, weight 1.000000, degradationPercentAllowed nan, step back 0.050000, isTargeted 0, isMaximize 1
        Moves enabled: SIZE_CLOCK_TIMING, BUFFER_CLOCK, 
    Engine R2R_WNS has 10 objectives, 4 enabled moves, iterationLimit = 1, solverType = LP_ONLY, estimateFanoutPower = 0, mergeIOWithR2R = 1, areaOnly = 0, useOldEngine = 0, preponeOpt = 0
                tns300Cutoff = 300, capAllowance = 1.600000, cgccdScaleBack = 5, powerccdScaleBack = 0, needTrialSeedGeneration = 0, drcMargin = 0.000000, commitOneByOne = 0, offRoute=1
            R2R_WNS: priority 10, weight 10.000000, degradationPercentAllowed 0.000000, step back 0.005000, isTargeted 1, isMaximize 1
            ICG_WNS: priority 15, weight 10.000000, degradationPercentAllowed 0.000000, step back 0.005000, isTargeted 1, isMaximize 1
            R2R_TNS: priority 20, weight 5.000000, degradationPercentAllowed 0.050000, step back 0.050000, isTargeted 1, isMaximize 1
            ICG_TNS: priority 25, weight 5.000000, degradationPercentAllowed 0.000000, step back 0.050000, isTargeted 1, isMaximize 1
            NONE_BUFFER_COUNT: priority 30, weight 1.000000, degradationPercentAllowed 0.010000, step back 0.100000, isTargeted 1, isMaximize 0
            NONE_TOTAL_OFFSET: priority 33, weight 1.000000, degradationPercentAllowed nan, step back 0.000000, isTargeted 1, isMaximize 1
            NONE_POWER: priority 35, weight 20.000000, degradationPercentAllowed 0.010000, step back 0.010000, isTargeted 0, isMaximize 0
            HOLD_TNS: priority 60, weight 1.000000, degradationPercentAllowed 0.100000, step back 0.100000, isTargeted 0, isMaximize 1
            IO_TNS: priority 70, weight 1.000000, degradationPercentAllowed 0.100000, step back 0.050000, isTargeted 0, isMaximize 1
            IO_WNS: priority 80, weight 1.000000, degradationPercentAllowed 0.100000, step back 0.050000, isTargeted 0, isMaximize 1
        Moves enabled: SIZE_CLOCK_TIMING, BUFFER_CLOCK, BUFFER_REMOVAL_CLOCK_TIMING, REPARENTING_CLOCK_TIMING, 
DBG: ccdInfra::ccdInfra
Drc Mode Option: auto
CCD blasted path groups
DBG: ccdInfra::initAppOptions
DBG: ccdInfra::initCtsFixedBalancePins

CCD-Info: App options set by user
   clock_opt.flow.optimize_ndr = true
CCD: using 1 threads
CTSSC route status detected: clock (VR 0, GR 2836, DR 0), data (VR 12053, GR 0, DR 0); stage = auto, isPostRoute = FALSE
Total power = 1.074238, Leakage = 0.960852, Internal = 0.079285, Switching = 0.034101
Information: 'default' is identified as primary corner for initial clock tree building. (CTS-103)

CCD: Initial QOR:
---------------------------------------------------------------------------------------------
 Design (setup) WNS = 60.038250, TNS = 0.000000, NVP = 0
 Design (hold) WNHS = -0.007504, TNHS = -0.009487, NHVP = 2

    Scenario default  WNS = 60.038250, TNS = 0.000000, NVP = 0
    Scenario default  WNHS = -0.007504, TNHS = -0.009487, NHVP = 2
---------------------------------------------------------------------------------------------
CCD-QoR: Timing: WNS = 60.038, TNS = 0.000, NVP = 0, UNWEIGHTED_TNS = 0.000, WNHS = -0.008, TNHS = -0.009, NHVP = 2, UNWEIGHTED_TNHS = -0.009, R2R(wns=201.729340, tns=0.000000, nvp=0)
 All scenarios used by CCD
    scenario 0: default , isDynamicPower, isLeakagePower, isMaxTran, isMaxCap
          mode: default, id = 0
          corner: default, id = 0
          isSetup: wns = 60.038250, unweighted tns = 0.000000
          isHold: wns = -0.007504, unweighted tns = -0.009487

Skip R2R TNS optimization because wns violation is under threshold.
Skip R2R TNS optimization because wns violation is under threshold.
Skip R2R TNS optimization because wns violation is under threshold.
Skip HOLD TNS optimization because hold wns violation is under threshold.
Skip R2R WNS optimization because wns violation is under threshold.
Mark clock trees...
Marking clock synthesized attributes

Marking spacing rules

Clock cell spacing rule list:
   No clock cell spacing rule is found.
CCD unblasted path groups
Information: The run time for Multi-objective Clock Optimization is 0 hr : 0 min : 2.37 sec, cpu time is 0 hr : 0 min : 2.36 sec. (CTS-104)
[cto] Finished MultiObjectiveCto.1: PASS
rtapi Thread-server 0: shutdown 

No. startProblems      =     0 

No. doRoutes           =     0 
No. doUnroutes         =     0 
No. redoRoutes         =     0 
No. redoUnroutes       =     0 
No. undoRoutes         =     0 
No. undoUnroutes       =     0 
No. commitRoutes       =     0 
No. commitUnroutes     =     0 
No. uncommitRoutes     =     0 
No. uncommitUnroutes   =     0 
No. doRoute fails      =     0 
No. doUnroute fails    =     0 

No. viaLadderQueries   =     0 
No. doDelVias          =     0 
No. doAddVias          =     0 
No. redoDelVias        =     0 
No. redoAddVias        =     0 
No. undoDelVias        =     0 
No. undoAddVias        =     0 
No. commitChangeVias   =     0 
No. uncommitChangeVias =     0 
No. doDelVias fails    =     0 
No. doAddVias fails    =     0 

Updating congestion ...
Updating congestion ...
GR Routing Service: Wrote GR congmap to NDM 
Information: The netlist change observers are enabled for incremental timing updates. (TIM-120)
Information: The netlist change observers are enabled for incremental extraction. (TIM-127)
INFO: wire-opt feature for router enabled
Information: The net parasitics of block filtro_pdm are cleared. (TIM-123)
Cell Min-Routing-Layer = M1
Cell Max-Routing-Layer = MRDL
Turn off antenna since no rule is specified
Information: Option route.detail.force_end_on_preferred_grid will be ignored since none of the layers have preferred grid. (ZRT-703)
Warning: Cannot find a default contact code for layer CO. (ZRT-022)
Info: number of net_type_blockage: 0 
Information: Via ladder engine would be activated for pattern must join connection in certain commands. Please refer to man-page for the command list. (ZRT-619)
Information: AutoNdr rule can't be found. Check the settings.
Information: When applicable Min-max layer allow_pin_connection mode will allow paths of length 3.55 outside the layer range. (ZRT-707)
Information: When applicable Min-max layer allow_pin_connection mode will allow paths of length 3.55 outside the layer range on clock nets. (ZRT-718)
Information: When applicable layer based tapering will taper up to 0.00 in distance from the pin. (ZRT-706)
Warning: Standard cell pin AOINVX4_RVT/VDDG has no valid via regions. (ZRT-044)
Warning: Standard cell pin AOINVX1_RVT/VDDG has no valid via regions. (ZRT-044)
Warning: Standard cell pin AOBUFX4_RVT/VDDG has no valid via regions. (ZRT-044)
Warning: Standard cell pin AOINVX2_RVT/VDDG has no valid via regions. (ZRT-044)
Warning: Standard cell pin AOBUFX1_RVT/VDDG has no valid via regions. (ZRT-044)
Warning: Standard cell pin AOBUFX2_RVT/VDDG has no valid via regions. (ZRT-044)
Warning: Cell u_fir/delay_reg_57__4_ is placed overlapping with other cells at {{50.888 33.408} {56.056 35.080}}. (ZRT-763)
Warning: Cell u_fir/delay_reg_61__14_ is placed overlapping with other cells at {{163.824 33.408} {168.992 35.080}}. (ZRT-763)
Warning: Cell u_fir/delay_reg_49__2_ is placed overlapping with other cells at {{20.336 160.480} {25.504 162.152}}. (ZRT-763)
Warning: Cell u_fir/delay_reg_31__10_ is placed overlapping with other cells at {{110.776 180.544} {115.944 182.216}}. (ZRT-763)
Start Global Route ... 
[Init] Elapsed real time: 0:00:00 
[Init] Elapsed cpu  time: sys=0:00:00 usr=0:00:00 total=0:00:00
[Init] Stage (MB): Used    0  Alloctr    0  Proc    0 
[Init] Total (MB): Used    0  Alloctr    0  Proc 5606 
Printing options for 'route.common.*'
common.verbose_level                                    :	 0                   

Printing options for 'route.global.*'

Begin global routing.
Loading parastics information to the router ...
parastics information loaded to the router.
[End of Loading Timing] Elapsed real time: 0:00:00 
[End of Loading Timing] Elapsed cpu  time: sys=0:00:00 usr=0:00:00 total=0:00:00
Constructing data structure ...
Design statistics:
Design Bounding Box (0.00um,0.00um,240.40um,237.36um)
Number of routing layers = 10
layer M1, dir Ver, min width = 0.05um, min space = 0.05um pitch = 0.152um
layer M2, dir Hor, min width = 0.056um, min space = 0.056um pitch = 0.152um
layer M3, dir Ver, min width = 0.056um, min space = 0.056um pitch = 0.304um
layer M4, dir Hor, min width = 0.056um, min space = 0.056um pitch = 0.304um
layer M5, dir Ver, min width = 0.056um, min space = 0.056um pitch = 0.608um
layer M6, dir Hor, min width = 0.056um, min space = 0.056um pitch = 0.608um
layer M7, dir Ver, min width = 0.056um, min space = 0.056um pitch = 1.216um
layer M8, dir Hor, min width = 0.056um, min space = 0.056um pitch = 1.216um
layer M9, dir Ver, min width = 0.16um, min space = 0.16um pitch = 2.432um
layer MRDL, dir Hor, min width = 2um, min space = 2um pitch = 4.864um
Current Stage stats:
[End of Build Tech Data] Elapsed real time: 0:00:00 
[End of Build Tech Data] Elapsed cpu  time: sys=0:00:00 usr=0:00:00 total=0:00:00
[End of Build Tech Data] Stage (MB): Used    0  Alloctr    0  Proc    0 
[End of Build Tech Data] Total (MB): Used    0  Alloctr    0  Proc 5606 
Net statistics:
Total number of nets     = 12091
Number of nets to route  = 36
12053 open nets
 of which 12053 are without routing or PSV shapes
38 nets are fully connected,
 of which 2 are detail routed and 36 are global routed.
Current Stage stats:
[End of Build All Nets] Elapsed real time: 0:00:00 
[End of Build All Nets] Elapsed cpu  time: sys=0:00:00 usr=0:00:00 total=0:00:00
[End of Build All Nets] Stage (MB): Used    0  Alloctr    0  Proc    0 
[End of Build All Nets] Total (MB): Used    0  Alloctr    0  Proc 5606 
Net length statistics: 
Net Count(Ignore Fully Rted) 0, Total Half Perimeter Wire Length (HPWL) 0 microns
HPWL   0 ~   50 microns: Net Count        0	Total HPWL            0 microns
HPWL  50 ~  100 microns: Net Count        0	Total HPWL            0 microns
HPWL 100 ~  200 microns: Net Count        0	Total HPWL            0 microns
HPWL 200 ~  300 microns: Net Count        0	Total HPWL            0 microns
HPWL 300 ~  400 microns: Net Count        0	Total HPWL            0 microns
HPWL 400 ~  500 microns: Net Count        0	Total HPWL            0 microns
HPWL 500 ~  600 microns: Net Count        0	Total HPWL            0 microns
HPWL 600 ~  700 microns: Net Count        0	Total HPWL            0 microns
HPWL 700 ~  800 microns: Net Count        0	Total HPWL            0 microns
HPWL 800 ~  900 microns: Net Count        0	Total HPWL            0 microns
HPWL 900 ~ 1000 microns: Net Count        0	Total HPWL            0 microns
HPWL     > 1000 microns: Net Count        0	Total HPWL            0 microns
Number of partitions: 1 (1 x 1)
Size of partitions: 144 gCells x 142 gCells
Average gCell capacity  1.75	 on layer (1)	 M1
Average gCell capacity  10.94	 on layer (2)	 M2
Average gCell capacity  5.43	 on layer (3)	 M3
Average gCell capacity  5.49	 on layer (4)	 M4
Average gCell capacity  2.74	 on layer (5)	 M5
Average gCell capacity  2.74	 on layer (6)	 M6
Average gCell capacity  1.36	 on layer (7)	 M7
Average gCell capacity  1.36	 on layer (8)	 M8
Average gCell capacity  0.67	 on layer (9)	 M9
Average gCell capacity  0.33	 on layer (10)	 MRDL
Average number of tracks per gCell 10.99	 on layer (1)	 M1
Average number of tracks per gCell 11.00	 on layer (2)	 M2
Average number of tracks per gCell 5.50	 on layer (3)	 M3
Average number of tracks per gCell 5.51	 on layer (4)	 M4
Average number of tracks per gCell 2.76	 on layer (5)	 M5
Average number of tracks per gCell 2.76	 on layer (6)	 M6
Average number of tracks per gCell 1.39	 on layer (7)	 M7
Average number of tracks per gCell 1.39	 on layer (8)	 M8
Average number of tracks per gCell 0.70	 on layer (9)	 M9
Average number of tracks per gCell 0.35	 on layer (10)	 MRDL
Number of gCells = 204480
Current Stage stats:
[End of Build Congestion Map] Elapsed real time: 0:00:00 
[End of Build Congestion Map] Elapsed cpu  time: sys=0:00:00 usr=0:00:00 total=0:00:00
[End of Build Congestion Map] Stage (MB): Used    0  Alloctr    0  Proc    0 
[End of Build Congestion Map] Total (MB): Used    0  Alloctr    0  Proc 5606 
Current Stage stats:
[End of Add Nets Demand] Elapsed real time: 0:00:00 
[End of Add Nets Demand] Elapsed cpu  time: sys=0:00:00 usr=0:00:00 total=0:00:00
[End of Add Nets Demand] Stage (MB): Used    0  Alloctr    0  Proc    0 
[End of Add Nets Demand] Total (MB): Used    0  Alloctr    0  Proc 5606 
Number of user frozen nets = 0
Information: RC layer preference is turned on for this design. (ZRT-613)
Total stats:
[End of Build Data] Elapsed real time: 0:00:00 
[End of Build Data] Elapsed cpu  time: sys=0:00:00 usr=0:00:00 total=0:00:00
[End of Build Data] Stage (MB): Used    0  Alloctr    0  Proc    0 
[End of Build Data] Total (MB): Used    0  Alloctr    0  Proc 5606 
Current Stage stats:
[End of Blocked Pin Detection] Elapsed real time: 0:00:00 
[End of Blocked Pin Detection] Elapsed cpu  time: sys=0:00:00 usr=0:00:00 total=0:00:00
[End of Blocked Pin Detection] Stage (MB): Used    0  Alloctr    0  Proc    0 
[End of Blocked Pin Detection] Total (MB): Used    0  Alloctr    0  Proc 5606 
Information: Using 1 threads for routing. (ZRT-444)
Information: Multiple gcell levels ON
Information: Buffer distance is estimated to be ~862.0000um (515 gCells)

Start GR phase 0
Number of partitions: 1 (1 x 1)
Size of partitions: 144 gCells x 142 gCells
[rtAllBotParts] Elapsed real time: 0:00:00 
[rtAllBotParts] Elapsed cpu  time: sys=0:00:00 usr=0:00:00 total=0:00:00
[rtTop] Elapsed real time: 0:00:00 
[rtTop] Elapsed cpu  time: sys=0:00:00 usr=0:00:00 total=0:00:00
Current Stage stats:
[End of Initial Routing] Elapsed real time: 0:00:00 
[End of Initial Routing] Elapsed cpu  time: sys=0:00:00 usr=0:00:00 total=0:00:00
[End of Initial Routing] Stage (MB): Used    0  Alloctr    0  Proc    0 
[End of Initial Routing] Total (MB): Used    0  Alloctr    0  Proc 5606 
Initial. Routing result:
Initial. Both Dirs: Dmd-Cap  =     0 Max = 0 GRCs =     0 (0.00%)
Initial. H routing: Dmd-Cap  =     0 Max = 0 (GRCs =  0) GRCs =     0 (0.00%)
Initial. V routing: Dmd-Cap  =     0 Max = 0 (GRCs =  0) GRCs =     0 (0.00%)
Initial. Both Dirs: Overflow =     0 Max = 0 GRCs =     0 (0.00%)
Initial. H routing: Overflow =     0 Max = 0 (GRCs =  0) GRCs =     0 (0.00%)
Initial. V routing: Overflow =     0 Max = 0 (GRCs =  0) GRCs =     0 (0.00%)
Initial. M1         Overflow =     0 Max = 0 (GRCs =  0) GRCs =     0 (0.00%)
Initial. M2         Overflow =     0 Max = 0 (GRCs =  0) GRCs =     0 (0.00%)
Initial. M3         Overflow =     0 Max = 0 (GRCs =  0) GRCs =     0 (0.00%)
Initial. M4         Overflow =     0 Max = 0 (GRCs =  0) GRCs =     0 (0.00%)
Initial. M5         Overflow =     0 Max = 0 (GRCs =  0) GRCs =     0 (0.00%)
Initial. M6         Overflow =     0 Max = 0 (GRCs =  0) GRCs =     0 (0.00%)
Initial. M7         Overflow =     0 Max = 0 (GRCs =  0) GRCs =     0 (0.00%)
Initial. M8         Overflow =     0 Max = 0 (GRCs =  0) GRCs =     0 (0.00%)
Initial. M9         Overflow =     0 Max = 0 (GRCs =  0) GRCs =     0 (0.00%)
Initial. MRDL       Overflow =     0 Max = 0 (GRCs =  0) GRCs =     0 (0.00%)

Initial. Total Wire Length = 6839.45
Initial. Layer M1 wire length = 0.00
Initial. Layer M2 wire length = 24.73
Initial. Layer M3 wire length = 3508.16
Initial. Layer M4 wire length = 3259.90
Initial. Layer M5 wire length = 46.66
Initial. Layer M6 wire length = 0.00
Initial. Layer M7 wire length = 0.00
Initial. Layer M8 wire length = 0.00
Initial. Layer M9 wire length = 0.00
Initial. Layer MRDL wire length = 0.00
Initial. Total Number of Contacts = 4113
Initial. Via VIA12SQ_C count = 1415
Initial. Via VIA23SQ_C count = 1415
Initial. Via VIA34SQ_C count = 1262
Initial. Via VIA45SQ_C count = 21
Initial. Via VIA56SQ_C count = 0
Initial. Via VIA67SQ_C count = 0
Initial. Via VIA78SQ_C count = 0
Initial. Via VIA89_C count = 0
Initial. Via VIA9RDL count = 0
Initial. completed.
[End of Whole Chip Routing] Elapsed real time: 0:00:00 
[End of Whole Chip Routing] Elapsed cpu  time: sys=0:00:00 usr=0:00:00 total=0:00:00
[End of Whole Chip Routing] Stage (MB): Used    0  Alloctr    0  Proc    0 
[End of Whole Chip Routing] Total (MB): Used    0  Alloctr    0  Proc 5606 

Congestion utilization per direction:
Average vertical track utilization   =  1.24 %
Peak    vertical track utilization   = 33.33 %
Average horizontal track utilization =  0.92 %
Peak    horizontal track utilization = 27.78 %

[End of Global Routing] Elapsed real time: 0:00:00 
[End of Global Routing] Elapsed cpu  time: sys=0:00:00 usr=0:00:00 total=0:00:00
[End of Global Routing] Stage (MB): Used    0  Alloctr    0  Proc    0 
[End of Global Routing] Total (MB): Used    0  Alloctr    0  Proc 5606 
Total number of open nets = 0, of which 0 are frozen
Updating congestion ...
Updating congestion ...
[End of dbOut] Elapsed real time: 0:00:00 
[End of dbOut] Elapsed cpu  time: sys=0:00:00 usr=0:00:00 total=0:00:00
[End of dbOut] Stage (MB): Used    0  Alloctr    0  Proc    0 
[End of dbOut] Total (MB): Used    0  Alloctr    0  Proc 5606 
Information: Maximum hot spot size per layer
	M4	0
	M5	0
	M6	0
	M7	0
	M8	0
	M9	0
	MRDL	0
Maximum hot spot size is 0 
CONG_HS metric is 0.000 

Skip track assign
Skip detail route
Updating the database ...
************************************************************
* CTS STEP: Postlude
************************************************************
nplDplc2Placer::setParam(effort,1)
nplDplc2Placer::setParam(debug,0)
nplDplc2Placer::setParam(site_check,2)
nplDplc2Placer::setParam(app_firm_wgt,0)
Warning: Routing direction of metal layer PO is neither "horizontal" nor "vertical".  PDC checks will not be performed on this layer. (PDC-003)
PDC app_options settings =========
	place.legalize.enable_prerouted_net_check: 1
	place.legalize.num_tracks_for_access_check: 1
	place.legalize.use_eol_spacing_for_access_check: 0
	place.legalize.allow_touch_track_for_access_check: 1
	place.legalize.reduce_conservatism_in_eol_check: 0
	place.legalize.preroute_shape_merge_distance: 0.0
	place.legalize.enable_non_preferred_direction_span_check: 0

Layer M1: cached 0 shapes out of 895 total shapes.
Cached 1442 vias out of 5673 total vias.

Legalizing Top Level Design filtro_pdm ... 
Information: Initializing classic cellmap without advanced rules enabled and without PDC enabled
Information: The following app options are used in cellmap
        place.legalize.enable_color_aware_placement : false
        place.legalize.use_nll_query_cm : false
        place.legalize.enable_advanced_legalizer : false
        place.legalize.enable_prerouted_net_check : true
        place.legalize.enable_advanced_prerouted_net_check : false
        place.legalize.always_continue : true
        place.legalize.limit_legality_checks : false
        place.common.pnet_aware_density : 1.0000
        place.common.pnet_aware_min_width : 0.0000
        place.common.pnet_aware_layers : {}
        place.common.use_placement_model : false
        place.common.enable_advanced_placement_model : true
        cts.placement.cell_spacing_rule_style : maximum
Total 0.0177 seconds to build cellmap data
Information: Creating classic rule checker.
Warning: Routing direction of metal layer PO is neither "horizontal" nor "vertical".  PDC checks will not be performed on this layer. (PDC-003)
=====> Processed 59 ref cells (8 fillers) from library

Bounds/Regions In This Design:
        Area    Num Cells  Exclusive Name
 (square um)
     47906.1         8174        Yes DEFAULT_VA

Warning: max_legality_failures=5000 ignored.
	To use it, set limit_legality_checks to true.
Warning: max_legality_check_range=500 ignored.
	To use it, set limit_legality_checks to true.
Starting legalizer.
Warning: Exclusive bound 'DEFAULT' has no cells.
Optimizing Exclusive Bound 'DEFAULT_VA' (2/2)
    Done Exclusive Bound 'DEFAULT_VA' (2/2) (0 sec)
Legalization complete (0 total sec)

****************************************
  Report : Placement Attempts
  Site   : unit
****************************************

number of cells:                   8174
number of references:                59
number of site rows:                130
number of locations attempted:   121874
number of locations failed:           0  (0.0%)

Legality of references at locations:
0 references had failures.

Legality of references in rows:
0 references had row failures.

****************************************
  Report : Cell Displacements
****************************************

number of cells aggregated:        6807 (84368 total sites)
avg row height over cells:        1.672 um
rms cell displacement:            0.217 um ( 0.13 row height)
rms weighted cell displacement:   0.217 um ( 0.13 row height)
max cell displacement:            4.226 um ( 2.53 row height)
avg cell displacement:            0.024 um ( 0.01 row height)
avg weighted cell displacement:   0.024 um ( 0.01 row height)
number of cells moved:              127
number of large displacements:        0
large displacement threshold:     3.000 row height

Displacements of worst 10 cells:
Cell: u_fir/intadd_52_U7 (FADDX2_RVT)
  Input location: (139.048,212.312)
  Legal location: (141.632,208.968)
  Displacement:   4.226 um ( 2.53 row height)
Cell: u_fir/U3533 (AO22X1_RVT)
  Input location: (136.92,213.984)
  Legal location: (135.704,210.64)
  Displacement:   3.558 um ( 2.13 row height)
Cell: u_fir/U2093 (NAND2X0_RVT)
  Input location: (51.496,36.752)
  Legal location: (51.952,40.096)
  Displacement:   3.375 um ( 2.02 row height)
Cell: u_fir/U2904 (AO22X1_RVT)
  Input location: (170.36,51.8)
  Legal location: (169.904,48.456)
  Displacement:   3.375 um ( 2.02 row height)
Cell: u_fir/intadd_36_U2 (FADDX2_RVT)
  Input location: (196.048,56.816)
  Legal location: (196.504,53.472)
  Displacement:   3.375 um ( 2.02 row height)
Cell: u_fir/intadd_31_U9 (FADDX1_RVT)
  Input location: (108.952,23.376)
  Legal location: (108.952,26.72)
  Displacement:   3.344 um ( 2.00 row height)
Cell: u_fir/U3222 (AO22X1_RVT)
  Input location: (64.416,210.64)
  Legal location: (64.416,213.984)
  Displacement:   3.344 um ( 2.00 row height)
Cell: u_fir/U2909 (AO22X1_RVT)
  Input location: (54.84,33.408)
  Legal location: (57.576,35.08)
  Displacement:   3.206 um ( 1.92 row height)
Cell: u_fir/U3315 (AO22X1_RVT)
  Input location: (147.104,215.656)
  Legal location: (149.536,217.328)
  Displacement:   2.951 um ( 1.77 row height)
Cell: u_fir/U3210 (AO22X1_RVT)
  Input location: (141.936,208.968)
  Legal location: (144.824,208.968)
  Displacement:   2.888 um ( 1.73 row height)

 Successfully legalize placement.
Info: 1332 sinks and boundary insts are collected
Info: 1332 sinks and boundary insts are unset from application_fixed
************************************************************
* CTS STEP: Summary report
************************************************************
There are 36 flat clock tree nets.
There are 35 non-sink instances (total area 123.01) on clock trees including 0 instances dont_touch.
Clock tree synthesize and optimization added 0 buffers and 35 inverters (total area 123.01).
 Compilation of clock trees finished successfully
 Run time for cts 00:00:04.84u 00:00:00.01s 00:00:04.86e: 

Summary of messages during CTS:
===============================================================
  Tag   Count  Type           Description
---------------------------------------------------------------
CTS-038    1  Warning  No clock routing rule is specified.
Info: clearing CTS-GR option
Info: clearinf CTO-GR option
Information: The stitching and editing of coupling caps is turned OFF for design 'filtro_pdm.dlib:filtro_pdm/place.design'. (TIM-125)
Information: Design filtro_pdm has 12091 nets, 36 global routed, 0 detail routed. (NEX-024)
Number of Site types in the design = 1
Setting up Chip Core
Chip Core shape: (100000 100000) (2304000 2273600)
Number of VARs = 1
Number of unique PDs = 1
Number of Power Domains = 1
Number of Voltage Areas = 1
Number of supply Nets = 2
Number of used supplies = 0
Blocked VAs: 
Information: Initializing classic cellmap without advanced rules enabled and without PDC enabled
Information: The following app options are used in cellmap
        place.legalize.enable_color_aware_placement : false
        place.legalize.use_nll_query_cm : false
        place.legalize.enable_advanced_legalizer : false
        place.legalize.enable_prerouted_net_check : true
        place.legalize.enable_advanced_prerouted_net_check : false
        place.legalize.always_continue : true
        place.legalize.limit_legality_checks : false
        place.common.pnet_aware_density : 1.0000
        place.common.pnet_aware_min_width : 0.0000
        place.common.pnet_aware_layers : {}
        place.common.use_placement_model : false
        place.common.enable_advanced_placement_model : true
        cts.placement.cell_spacing_rule_style : maximum
Total 0.0177 seconds to build cellmap data
INFO: creating 29(r) x 29(c) GridCells YDim 8.36 XDim 8.36
INFO: number of GridCells (filtro_pdm/place): 841
INFO: creating 29(r) x 29(c) GridCells YDim 8.36 XDim 8.36
INFO: number of GridCells (filtro_pdm/place): 841
Total 0.0615 seconds to load 8174 cell instances into cellmap
Moveable cells: 8139; Application fixed cells: 35; Macro cells: 0; User fixed cells: 0
Average cell width 2.4200, cell height 1.6720, cell area 4.0463 for total 8174 placed and application fixed cells
Information: Current block utilization is '0.69040', effective utilization is '0.69040'. (OPT-055)
Information: The RC mode used is CTO for design 'filtro_pdm'. (NEX-022)
Information: Design Average RC for design filtro_pdm  (NEX-011)
Information: r = 1.671985 ohm/um, via_r = 0.578740 ohm/cut, c = 0.085838 ff/um, cc = 0.000000 ff/um (X dir) (NEX-017)
Information: r = 1.786445 ohm/um, via_r = 0.461268 ohm/cut, c = 0.075274 ff/um, cc = 0.000000 ff/um (Y dir) (NEX-017)
Information: Update timing completed net estimation for all the timing graph nets (TIM-111)
Information: Net estimation statistics: timing graph nets = 12089, routed nets = 36, across physical hierarchy nets = 0, parasitics cached nets = 12089, delay annotated nets = 0, parasitics annotated nets = 0, multi-voltage nets = 0. (TIM-112)

    Scenario default  WNS = 0.000000, TNS = 0.000000, NVP = 0

     ELAPSED  WORST NEG TOTAL NEG              MAX       MAX     BUFFER    INVERTER   LVTH      LVTH      PEAK   
      TIME      SLACK     SLACK     AREA    TRAN COST CAP COST    COUNT     COUNT     COUNT    PERCENT   MEMORY  
    --------- --------- --------- --------- --------- --------- --------- --------- --------- --------- ---------
      0:00:47     0.000     0.000 33074.301     0.000     0.907       377      1652         0     0.000      1476 

Information: Ending   clock_opt / build_clock / CTS (FLW-8001)
Information: Time: 2026-10-09 21:14:42 / Session:  00:00:47 / Command:  00:00:33 / CPU:  00:00:33 / Memory: 1477 MB (FLW-8100)
Information: The value of option cts.compile.enable_cell_relocation has been overridden to "leaf_only" to support latency-driven placement. (CTS-973)

Clock-opt optimization Phase 10 Iter  1         0.00        0.00      0.03         7      33074.30  960852416.00        8174              0.01      1476

Enable dominated scenarios

Clock-opt optimization complete                 0.00        0.00      0.03         7      33074.30  960852416.00        8174              0.01      1476
Co-efficient Ratio Summary:
4.193421605155  6.578038173730  2.479639287277  7.744187540401  -0.485050100353  3.179565836843  5.567214757646  2.894454487461  6.565921217863  9.017937505874  3.104670600933  84.683635898516  0.784535561627  7.442890511238  3.181183449079  6.992315460832
4.646239500641  3.823702212269  3.871840296193  1.424294066690  -9.687527999646  6.131807232944  1.465787932247  8.763589181122  1.911351036960  9.637341410942  7.001485438813  79.938141044037  5.023901795710  6.345691329962  1.220143195077  5.967902596778
6.224305671704  0.238797715000  3.284509589705  9.611151237147  -0.128739789272  0.513551216982  7.835139826811  8.372519099733  3.443640824458  6.760973162271  7.389438136496  55.894130361759  1.480644417731  2.106100666767  9.078090026983  1.314343830187
8.805817928323  0.072343539122  6.270037326705  0.450494780240  -3.928173731613  9.852544054410  0.210066110127  4.718589655457  0.746653063562  4.878808820782  6.857253278475  87.319323235409  0.272560102677  8.236335740626  1.425313446381  6.766684399187
4.740224950513  6.567966215027  5.706185626119  8.134461036181  -4.723121171581  6.753657767486  0.418221079584  5.624697562041  7.273871193921  1.608673380650  4.886823059472  31.875481533684  8.432796878949  1.154719468601  4.924472920001  0.405224390953
4.590768921970  4.170951209159  0.006744354660  9.230842681426  -9.005588446071  9.326522482444  6.379456735048  7.070545116827  1.601288871734  3.371851099395  6.270837136178  48.757824494677  2.630959546964  9.532514852994  6.656299009097  9.409850758072
6.136993113139  7.763510072170  9.625254751594  7.417690064932  -2.209371201703  1.043513581151  9.666269582673  0.883342434938  3.292435021621  6.918317961214  2.422527531115  53.806281423519  1.419587786139  2.866745422019  5.692879303132  5.858500224802
Information: The net parasitics of block filtro_pdm are cleared. (TIM-123)
Information: The stitching and editing of coupling caps is turned OFF for design 'filtro_pdm.dlib:filtro_pdm/place.design'. (TIM-125)
Information: Design filtro_pdm has 12091 nets, 36 global routed, 0 detail routed. (NEX-024)
Information: The RC mode used is CTO for design 'filtro_pdm'. (NEX-022)
Information: Design Average RC for design filtro_pdm  (NEX-011)
Information: r = 1.671985 ohm/um, via_r = 0.578740 ohm/cut, c = 0.085838 ff/um, cc = 0.000000 ff/um (X dir) (NEX-017)
Information: r = 1.786445 ohm/um, via_r = 0.461268 ohm/cut, c = 0.075274 ff/um, cc = 0.000000 ff/um (Y dir) (NEX-017)
Information: Update timing completed net estimation for all the timing graph nets (TIM-111)
Information: Net estimation statistics: timing graph nets = 12089, routed nets = 36, across physical hierarchy nets = 0, parasitics cached nets = 12089, delay annotated nets = 0, parasitics annotated nets = 0, multi-voltage nets = 0. (TIM-112)

Clock-opt final QoR
___________________
Scenario Mapping Table
1: default

Pathgroup Mapping Table
1: **default**
2: **async_default**
3: **clock_gating_default**
4: **in2reg_default**
5: **reg2out_default**
6: **in2out_default**
7: clk

-------------------------------------------------------------------------------------------------------------------------------------------------------------
PATHGROUP QOR 
-------------------------------------------------------------------------------------------------------------------------------------------------------------
Scene  PG      WNS        TNS    NSV       WHV        THV    NHV
    1   1   0.0000     0.0000      0   0.0000     0.0000      0
    1   2   0.0000     0.0000      0   0.0000     0.0000      0
    1   3   0.0000     0.0000      0   0.0000     0.0000      0
    1   4   0.0000     0.0000      0   0.0075     0.0075      1
    1   5   0.0000     0.0000      0   0.0020     0.0020      1
    1   6   0.0000     0.0000      0   0.0000     0.0000      0
    1   7   0.0000     0.0000      0   0.0000     0.0000      0
----------------------------------------------------------------------------------------------------------------------------------------------------------------------
SCENARIO QOR 
----------------------------------------------------------------------------------------------------------------------------------------------------------------------
Scene  PG      WNS        TNS   R2RTNS    NSV       WHV        THV    NHV  MaxTrnV   MaxTranC  MaxCapV    Leakage
    1   *   0.0000     0.0000   0.0000      0   0.0075     0.0095      2        0     0.0000        8  960852416
----------------------------------------------------------------------------------------------------------------------------------------------------------------------
DESIGN QOR 
----------------------------------------------------------------------------------------------------------------------------------------------------------------------
Scene  PG      WNS        TNS   R2RTNS    NSV       WHV        THV    NHV  MaxTrnV   MaxTranC  MaxCapV    Leakage         Area    InstCnt     BufCnt     InvCnt
    *   *   0.0000     0.0000   0.0000      0   0.0075     0.0095      2        0     0.0000        8  960852416     33074.30       8174        377       1652
----------------------------------------------------------------------------------------------------------------------------------------------------------------------

Clock-opt final QoR Summary         WNS        TNS   R2RTNS    NSV      WHV        THV    NHV  MaxTrnV  MaxCapV    Leakage         Area    InstCnt
Clock-opt final QoR Summary      0.0000     0.0000   0.0000      0   0.0075     0.0095      2        0        8  960852416     33074.30       8174

Clock-opt command complete                CPU:    47 s (  0.01 hr )  ELAPSE:    49 s (  0.01 hr )  MEM-PEAK:  1476 MB
Clock-opt command statistics  CPU=13 sec (0.00 hr) ELAPSED=13 sec (0.00 hr) MEM-PEAK=1.441 GB


Information: Runtime Summary (clock_opt / build_clock)  (FLW-9000)
----------------------------------------------------------------------------
    Elapse (Hrs)   Elapse (%)       CPU/Elapse       Category
----------------------------------------------------------------------------
      0.00           47.2%             1.0           Trial CTS 
      0.00           17.5%             1.0           Final CTS 
      0.00           15.1%             1.0           Init 
      0.00            7.8%             1.0           Power CCD 
      0.00            4.3%             1.0           LDRC 
      0.00            2.8%             1.0           Full Timing Update 
      0.00            2.3%             1.0           Other 
      0.00            2.1%             1.0           TNS CCD 
      0.00            0.5%             1.0           Setup Opt 
      0.00            0.4%             1.0           Power/Area Opt 
      0.00            0.0%             1.0           CUS 
----------------------------------------------------------------------------
      0.01          100.0%             1.0           Total 
----------------------------------------------------------------------------

Host Options:
-------------
Max cores: 1

Machine Spec:
-------------
INTEL(R) XEON(R) GOLD 6526Y / 64 CPUs  
Sockets: 2, Cores: 16, HT/SMT, not-VM
----------------------------------------------------------------------------

Information: Ending   clock_opt / build_clock (FLW-8001)
Information: Time: 2026-10-09 21:14:43 / Session:  00:00:49 / Command:  00:00:35 / CPU:  00:00:34 / Memory: 1477 MB (FLW-8100)
INFO: run stage route_clock (init -> end)

----------------------------------------------------------------------------------------------------------
Information: Starting clock_opt / route_clock (FLW-8000)
Information: Time: 2026-10-09 21:14:43 / Session:  00:00:49 / Command:  00:00:35 / CPU:  00:00:34 / Memory: 1477 MB (FLW-8100)
----------------------------------------------------------------------------------------------------------

Information: Starting clock_opt / route_clock / Clock Routing (FLW-8000)
Information: Time: 2026-10-09 21:14:43 / Session:  00:00:49 / Command:  00:00:35 / CPU:  00:00:35 / Memory: 1477 MB (FLW-8100)
Clock-opt optimization Phase 2 Iter  1          0.00        0.00      0.01         7      33074.30  960852416.00        8174              0.01      1476
Running clock routing step.
route_group -all_clock_nets -reuse_existing_global_route true
INFO: wire-opt feature for router enabled
Information: The net parasitics of block filtro_pdm are cleared. (TIM-123)
Cell Min-Routing-Layer = M1
Cell Max-Routing-Layer = MRDL
Turn off antenna since no rule is specified
Information: Option route.detail.force_end_on_preferred_grid will be ignored since none of the layers have preferred grid. (ZRT-703)
Warning: Cannot find a default contact code for layer CO. (ZRT-022)
Info: number of net_type_blockage: 0 
Information: Via ladder engine would be activated for pattern must join connection in certain commands. Please refer to man-page for the command list. (ZRT-619)
Information: AutoNdr rule can't be found. Check the settings.
Information: When applicable Min-max layer allow_pin_connection mode will allow paths of length 3.55 outside the layer range. (ZRT-707)
Information: When applicable Min-max layer allow_pin_connection mode will allow paths of length 3.55 outside the layer range on clock nets. (ZRT-718)
Information: When applicable layer based tapering will taper up to 0.00 in distance from the pin. (ZRT-706)
Warning: Standard cell pin AOINVX4_RVT/VDDG has no valid via regions. (ZRT-044)
Warning: Standard cell pin AOINVX1_RVT/VDDG has no valid via regions. (ZRT-044)
Warning: Standard cell pin AOBUFX4_RVT/VDDG has no valid via regions. (ZRT-044)
Warning: Standard cell pin AOINVX2_RVT/VDDG has no valid via regions. (ZRT-044)
Warning: Standard cell pin AOBUFX1_RVT/VDDG has no valid via regions. (ZRT-044)
Warning: Standard cell pin AOBUFX2_RVT/VDDG has no valid via regions. (ZRT-044)

    Found 0 via ladders to verify.

VIA LADDER INFO: found 0 via ladder DRCs across 0 nets.
Updating the database ...

    Via ladders will be inserted on 0 of 0 ports with via ladder constraints.

Updating the database ...
[Arrange data for GR] Elapsed real time: 0:00:00 
[Arrange data for GR] Elapsed cpu  time: sys=0:00:00 usr=0:00:00 total=0:00:00
[Arrange data for GR] Stage (MB): Used    0  Alloctr    0  Proc    0 
[Arrange data for GR] Total (MB): Used    0  Alloctr    0  Proc 5606 
Start Global Route ... 
[Init] Elapsed real time: 0:00:00 
[Init] Elapsed cpu  time: sys=0:00:00 usr=0:00:00 total=0:00:00
[Init] Stage (MB): Used    0  Alloctr    0  Proc    0 
[Init] Total (MB): Used    0  Alloctr    0  Proc 5606 
Printing options for 'route.common.*'
common.verbose_level                                    :	 0                   

Printing options for 'route.global.*'

Begin global routing.
Loading parastics information to the router ...
parastics information loaded to the router.
[End of Loading Timing] Elapsed real time: 0:00:00 
[End of Loading Timing] Elapsed cpu  time: sys=0:00:00 usr=0:00:00 total=0:00:00
Constructing data structure ...
Design statistics:
Design Bounding Box (0.00um,0.00um,240.40um,237.36um)
Number of routing layers = 10
layer M1, dir Ver, min width = 0.05um, min space = 0.05um pitch = 0.152um
layer M2, dir Hor, min width = 0.056um, min space = 0.056um pitch = 0.152um
layer M3, dir Ver, min width = 0.056um, min space = 0.056um pitch = 0.304um
layer M4, dir Hor, min width = 0.056um, min space = 0.056um pitch = 0.304um
layer M5, dir Ver, min width = 0.056um, min space = 0.056um pitch = 0.608um
layer M6, dir Hor, min width = 0.056um, min space = 0.056um pitch = 0.608um
layer M7, dir Ver, min width = 0.056um, min space = 0.056um pitch = 1.216um
layer M8, dir Hor, min width = 0.056um, min space = 0.056um pitch = 1.216um
layer M9, dir Ver, min width = 0.16um, min space = 0.16um pitch = 2.432um
layer MRDL, dir Hor, min width = 2um, min space = 2um pitch = 4.864um
Current Stage stats:
[End of Build Tech Data] Elapsed real time: 0:00:00 
[End of Build Tech Data] Elapsed cpu  time: sys=0:00:00 usr=0:00:00 total=0:00:00
[End of Build Tech Data] Stage (MB): Used    0  Alloctr    0  Proc    0 
[End of Build Tech Data] Total (MB): Used    0  Alloctr    0  Proc 5606 
Net statistics:
Total number of nets     = 12091
Number of nets to route  = 36
12053 open nets
 of which 12053 are without routing or PSV shapes
38 nets are fully connected,
 of which 2 are detail routed and 36 are global routed.
Current Stage stats:
[End of Build All Nets] Elapsed real time: 0:00:00 
[End of Build All Nets] Elapsed cpu  time: sys=0:00:00 usr=0:00:00 total=0:00:00
[End of Build All Nets] Stage (MB): Used    0  Alloctr    0  Proc    0 
[End of Build All Nets] Total (MB): Used    0  Alloctr    0  Proc 5606 
Net length statistics: 
Net Count(Ignore Fully Rted) 0, Total Half Perimeter Wire Length (HPWL) 0 microns
HPWL   0 ~   50 microns: Net Count        0	Total HPWL            0 microns
HPWL  50 ~  100 microns: Net Count        0	Total HPWL            0 microns
HPWL 100 ~  200 microns: Net Count        0	Total HPWL            0 microns
HPWL 200 ~  300 microns: Net Count        0	Total HPWL            0 microns
HPWL 300 ~  400 microns: Net Count        0	Total HPWL            0 microns
HPWL 400 ~  500 microns: Net Count        0	Total HPWL            0 microns
HPWL 500 ~  600 microns: Net Count        0	Total HPWL            0 microns
HPWL 600 ~  700 microns: Net Count        0	Total HPWL            0 microns
HPWL 700 ~  800 microns: Net Count        0	Total HPWL            0 microns
HPWL 800 ~  900 microns: Net Count        0	Total HPWL            0 microns
HPWL 900 ~ 1000 microns: Net Count        0	Total HPWL            0 microns
HPWL     > 1000 microns: Net Count        0	Total HPWL            0 microns
Number of partitions: 1 (1 x 1)
Size of partitions: 144 gCells x 142 gCells
Average gCell capacity  1.75	 on layer (1)	 M1
Average gCell capacity  10.94	 on layer (2)	 M2
Average gCell capacity  5.43	 on layer (3)	 M3
Average gCell capacity  5.49	 on layer (4)	 M4
Average gCell capacity  2.74	 on layer (5)	 M5
Average gCell capacity  2.74	 on layer (6)	 M6
Average gCell capacity  1.36	 on layer (7)	 M7
Average gCell capacity  1.36	 on layer (8)	 M8
Average gCell capacity  0.67	 on layer (9)	 M9
Average gCell capacity  0.33	 on layer (10)	 MRDL
Average number of tracks per gCell 10.99	 on layer (1)	 M1
Average number of tracks per gCell 11.00	 on layer (2)	 M2
Average number of tracks per gCell 5.50	 on layer (3)	 M3
Average number of tracks per gCell 5.51	 on layer (4)	 M4
Average number of tracks per gCell 2.76	 on layer (5)	 M5
Average number of tracks per gCell 2.76	 on layer (6)	 M6
Average number of tracks per gCell 1.39	 on layer (7)	 M7
Average number of tracks per gCell 1.39	 on layer (8)	 M8
Average number of tracks per gCell 0.70	 on layer (9)	 M9
Average number of tracks per gCell 0.35	 on layer (10)	 MRDL
Number of gCells = 204480
Current Stage stats:
[End of Build Congestion Map] Elapsed real time: 0:00:00 
[End of Build Congestion Map] Elapsed cpu  time: sys=0:00:00 usr=0:00:00 total=0:00:00
[End of Build Congestion Map] Stage (MB): Used    0  Alloctr    0  Proc    0 
[End of Build Congestion Map] Total (MB): Used    0  Alloctr    0  Proc 5606 
Current Stage stats:
[End of Add Nets Demand] Elapsed real time: 0:00:00 
[End of Add Nets Demand] Elapsed cpu  time: sys=0:00:00 usr=0:00:00 total=0:00:00
[End of Add Nets Demand] Stage (MB): Used    0  Alloctr    0  Proc    0 
[End of Add Nets Demand] Total (MB): Used    0  Alloctr    0  Proc 5606 
Number of user frozen nets = 0
Information: RC layer preference is turned on for this design. (ZRT-613)
Total stats:
[End of Build Data] Elapsed real time: 0:00:00 
[End of Build Data] Elapsed cpu  time: sys=0:00:00 usr=0:00:00 total=0:00:00
[End of Build Data] Stage (MB): Used    0  Alloctr    0  Proc    0 
[End of Build Data] Total (MB): Used    0  Alloctr    0  Proc 5606 
Current Stage stats:
[End of Blocked Pin Detection] Elapsed real time: 0:00:00 
[End of Blocked Pin Detection] Elapsed cpu  time: sys=0:00:00 usr=0:00:00 total=0:00:00
[End of Blocked Pin Detection] Stage (MB): Used    0  Alloctr    0  Proc    0 
[End of Blocked Pin Detection] Total (MB): Used    0  Alloctr    0  Proc 5606 
Information: Using 1 threads for routing. (ZRT-444)
Information: Multiple gcell levels ON
Information: Buffer distance is estimated to be ~862.0000um (515 gCells)

Start GR phase 0
Number of partitions: 1 (1 x 1)
Size of partitions: 144 gCells x 142 gCells
[rtAllBotParts] Elapsed real time: 0:00:00 
[rtAllBotParts] Elapsed cpu  time: sys=0:00:00 usr=0:00:00 total=0:00:00
[rtTop] Elapsed real time: 0:00:00 
[rtTop] Elapsed cpu  time: sys=0:00:00 usr=0:00:00 total=0:00:00
Current Stage stats:
[End of Initial Routing] Elapsed real time: 0:00:00 
[End of Initial Routing] Elapsed cpu  time: sys=0:00:00 usr=0:00:00 total=0:00:00
[End of Initial Routing] Stage (MB): Used    0  Alloctr    0  Proc    0 
[End of Initial Routing] Total (MB): Used    0  Alloctr    0  Proc 5606 
Initial. Routing result:
Initial. Both Dirs: Dmd-Cap  =     0 Max = 0 GRCs =     0 (0.00%)
Initial. H routing: Dmd-Cap  =     0 Max = 0 (GRCs =  0) GRCs =     0 (0.00%)
Initial. V routing: Dmd-Cap  =     0 Max = 0 (GRCs =  0) GRCs =     0 (0.00%)
Initial. Both Dirs: Overflow =     0 Max = 0 GRCs =     0 (0.00%)
Initial. H routing: Overflow =     0 Max = 0 (GRCs =  0) GRCs =     0 (0.00%)
Initial. V routing: Overflow =     0 Max = 0 (GRCs =  0) GRCs =     0 (0.00%)
Initial. M1         Overflow =     0 Max = 0 (GRCs =  0) GRCs =     0 (0.00%)
Initial. M2         Overflow =     0 Max = 0 (GRCs =  0) GRCs =     0 (0.00%)
Initial. M3         Overflow =     0 Max = 0 (GRCs =  0) GRCs =     0 (0.00%)
Initial. M4         Overflow =     0 Max = 0 (GRCs =  0) GRCs =     0 (0.00%)
Initial. M5         Overflow =     0 Max = 0 (GRCs =  0) GRCs =     0 (0.00%)
Initial. M6         Overflow =     0 Max = 0 (GRCs =  0) GRCs =     0 (0.00%)
Initial. M7         Overflow =     0 Max = 0 (GRCs =  0) GRCs =     0 (0.00%)
Initial. M8         Overflow =     0 Max = 0 (GRCs =  0) GRCs =     0 (0.00%)
Initial. M9         Overflow =     0 Max = 0 (GRCs =  0) GRCs =     0 (0.00%)
Initial. MRDL       Overflow =     0 Max = 0 (GRCs =  0) GRCs =     0 (0.00%)

Initial. Total Wire Length = 6839.45
Initial. Layer M1 wire length = 0.00
Initial. Layer M2 wire length = 24.73
Initial. Layer M3 wire length = 3508.16
Initial. Layer M4 wire length = 3259.90
Initial. Layer M5 wire length = 46.66
Initial. Layer M6 wire length = 0.00
Initial. Layer M7 wire length = 0.00
Initial. Layer M8 wire length = 0.00
Initial. Layer M9 wire length = 0.00
Initial. Layer MRDL wire length = 0.00
Initial. Total Number of Contacts = 4113
Initial. Via VIA12SQ_C count = 1415
Initial. Via VIA23SQ_C count = 1415
Initial. Via VIA34SQ_C count = 1262
Initial. Via VIA45SQ_C count = 21
Initial. Via VIA56SQ_C count = 0
Initial. Via VIA67SQ_C count = 0
Initial. Via VIA78SQ_C count = 0
Initial. Via VIA89_C count = 0
Initial. Via VIA9RDL count = 0
Initial. completed.

Start GR phase 1
Fri Oct  9 21:14:44 2026
Number of partitions: 1 (1 x 1)
Size of partitions: 144 gCells x 142 gCells
[rtAllParts] Elapsed real time: 0:00:00 
[rtAllParts] Elapsed cpu  time: sys=0:00:00 usr=0:00:00 total=0:00:00
Current Stage stats:
[End of Phase1 Routing] Elapsed real time: 0:00:00 
[End of Phase1 Routing] Elapsed cpu  time: sys=0:00:00 usr=0:00:00 total=0:00:00
[End of Phase1 Routing] Stage (MB): Used    0  Alloctr    0  Proc    0 
[End of Phase1 Routing] Total (MB): Used    0  Alloctr    0  Proc 5606 
phase1. Routing result:
phase1. Both Dirs: Dmd-Cap  =     0 Max = 0 GRCs =     0 (0.00%)
phase1. H routing: Dmd-Cap  =     0 Max = 0 (GRCs =  0) GRCs =     0 (0.00%)
phase1. V routing: Dmd-Cap  =     0 Max = 0 (GRCs =  0) GRCs =     0 (0.00%)
phase1. Both Dirs: Overflow =     0 Max = 0 GRCs =     0 (0.00%)
phase1. H routing: Overflow =     0 Max = 0 (GRCs =  0) GRCs =     0 (0.00%)
phase1. V routing: Overflow =     0 Max = 0 (GRCs =  0) GRCs =     0 (0.00%)
phase1. M1         Overflow =     0 Max = 0 (GRCs =  0) GRCs =     0 (0.00%)
phase1. M2         Overflow =     0 Max = 0 (GRCs =  0) GRCs =     0 (0.00%)
phase1. M3         Overflow =     0 Max = 0 (GRCs =  0) GRCs =     0 (0.00%)
phase1. M4         Overflow =     0 Max = 0 (GRCs =  0) GRCs =     0 (0.00%)
phase1. M5         Overflow =     0 Max = 0 (GRCs =  0) GRCs =     0 (0.00%)
phase1. M6         Overflow =     0 Max = 0 (GRCs =  0) GRCs =     0 (0.00%)
phase1. M7         Overflow =     0 Max = 0 (GRCs =  0) GRCs =     0 (0.00%)
phase1. M8         Overflow =     0 Max = 0 (GRCs =  0) GRCs =     0 (0.00%)
phase1. M9         Overflow =     0 Max = 0 (GRCs =  0) GRCs =     0 (0.00%)
phase1. MRDL       Overflow =     0 Max = 0 (GRCs =  0) GRCs =     0 (0.00%)

phase1. Total Wire Length = 6839.45
phase1. Layer M1 wire length = 0.00
phase1. Layer M2 wire length = 24.73
phase1. Layer M3 wire length = 3508.16
phase1. Layer M4 wire length = 3259.90
phase1. Layer M5 wire length = 46.66
phase1. Layer M6 wire length = 0.00
phase1. Layer M7 wire length = 0.00
phase1. Layer M8 wire length = 0.00
phase1. Layer M9 wire length = 0.00
phase1. Layer MRDL wire length = 0.00
phase1. Total Number of Contacts = 4113
phase1. Via VIA12SQ_C count = 1415
phase1. Via VIA23SQ_C count = 1415
phase1. Via VIA34SQ_C count = 1262
phase1. Via VIA45SQ_C count = 21
phase1. Via VIA56SQ_C count = 0
phase1. Via VIA67SQ_C count = 0
phase1. Via VIA78SQ_C count = 0
phase1. Via VIA89_C count = 0
phase1. Via VIA9RDL count = 0
phase1. completed.
[End of Whole Chip Routing] Elapsed real time: 0:00:00 
[End of Whole Chip Routing] Elapsed cpu  time: sys=0:00:00 usr=0:00:00 total=0:00:00
[End of Whole Chip Routing] Stage (MB): Used    0  Alloctr    0  Proc    0 
[End of Whole Chip Routing] Total (MB): Used    0  Alloctr    0  Proc 5606 

Congestion utilization per direction:
Average vertical track utilization   =  1.24 %
Peak    vertical track utilization   = 33.33 %
Average horizontal track utilization =  0.92 %
Peak    horizontal track utilization = 27.78 %

[End of Global Routing] Elapsed real time: 0:00:00 
[End of Global Routing] Elapsed cpu  time: sys=0:00:00 usr=0:00:00 total=0:00:00
[End of Global Routing] Stage (MB): Used    0  Alloctr    0  Proc    0 
[End of Global Routing] Total (MB): Used    0  Alloctr    0  Proc 5606 
Total number of open nets = 0, of which 0 are frozen
Updating congestion ...
Updating congestion ...
[End of dbOut] Elapsed real time: 0:00:00 
[End of dbOut] Elapsed cpu  time: sys=0:00:00 usr=0:00:00 total=0:00:00
[End of dbOut] Stage (MB): Used    0  Alloctr    0  Proc    0 
[End of dbOut] Total (MB): Used    0  Alloctr    0  Proc 5606 
Information: Maximum hot spot size per layer
	M4	0
	M5	0
	M6	0
	M7	0
	M8	0
	M9	0
	MRDL	0
Maximum hot spot size is 0 
CONG_HS metric is 0.000 


Start track assignment

Printing options for 'route.common.*'
common.verbose_level                                    :	 0                   

Printing options for 'route.track.*'
track.allow_wire_outside_gcell                          :	 true                
track.enable_auto_ndr_flow                              :	 true                

Information: Using 1 threads for routing. (ZRT-444)
Information: RC layer preference is turned on for this design. (ZRT-613)

[Track Assign: TA init] Elapsed real time: 0:00:00 
[Track Assign: TA init] Elapsed cpu  time: sys=0:00:00 usr=0:00:00 total=0:00:00
[Track Assign: TA init] Stage (MB): Used    0  Alloctr    0  Proc    0 
[Track Assign: TA init] Total (MB): Used    0  Alloctr    0  Proc 5606 
INFO: GRTA is turned off for eco routing and group routing in TA

Start initial assignment

Assign Horizontal partitions, iteration 0 
Routed partition 1/11       
Routed partition 2/11       
Routed partition 3/11       
Routed partition 4/11       
Routed partition 5/11       
Routed partition 6/11       
Routed partition 7/11       
Routed partition 8/11       
Routed partition 9/11       
Routed partition 10/11      
Routed partition 11/11      

Assign Vertical partitions, iteration 0 
Routed partition 1/11       
Routed partition 2/11       
Routed partition 3/11       
Routed partition 4/11       
Routed partition 5/11       
Routed partition 6/11       
Routed partition 7/11       
Routed partition 8/11       
Routed partition 9/11       
Routed partition 10/11      
Routed partition 11/11      

Number of wires with overlap after iteration 0 = 469 of 4525


[Track Assign: Iteration 0] Elapsed real time: 0:00:00 
[Track Assign: Iteration 0] Elapsed cpu  time: sys=0:00:00 usr=0:00:00 total=0:00:00
[Track Assign: Iteration 0] Stage (MB): Used    0  Alloctr    0  Proc    0 
[Track Assign: Iteration 0] Total (MB): Used    0  Alloctr    0  Proc 5606 

Reroute to fix overlaps (iter = 1)

Assign Horizontal partitions, iteration 1 
Routed partition 1/11       
Routed partition 2/11       
Routed partition 3/11       
Routed partition 4/11       
Routed partition 5/11       
Routed partition 6/11       
Routed partition 7/11       
Routed partition 8/11       
Routed partition 9/11       
Routed partition 10/11      
Routed partition 11/11      

Assign Vertical partitions, iteration 1 
Routed partition 1/11       
Routed partition 2/11       
Routed partition 3/11       
Routed partition 4/11       
Routed partition 5/11       
Routed partition 6/11       
Routed partition 7/11       
Routed partition 8/11       
Routed partition 9/11       
Routed partition 10/11      
Routed partition 11/11      

Number of wires with overlap after iteration 1 = 181 of 4612


[Track Assign: Iteration 1] Elapsed real time: 0:00:00 
[Track Assign: Iteration 1] Elapsed cpu  time: sys=0:00:00 usr=0:00:00 total=0:00:00
[Track Assign: Iteration 1] Stage (MB): Used    0  Alloctr    0  Proc    0 
[Track Assign: Iteration 1] Total (MB): Used    0  Alloctr    0  Proc 5606 

Reroute to fix overlaps (iter = 2)

Assign Horizontal partitions, iteration 2 
Routed partition 1/11       
Routed partition 2/11       
Routed partition 3/11       
Routed partition 4/11       
Routed partition 5/11       
Routed partition 6/11       
Routed partition 7/11       
Routed partition 8/11       
Routed partition 9/11       
Routed partition 10/11      
Routed partition 11/11      

Assign Vertical partitions, iteration 2 
Routed partition 1/11       
Routed partition 2/11       
Routed partition 3/11       
Routed partition 4/11       
Routed partition 5/11       
Routed partition 6/11       
Routed partition 7/11       
Routed partition 8/11       
Routed partition 9/11       
Routed partition 10/11      
Routed partition 11/11      

[Track Assign: Iteration 2] Elapsed real time: 0:00:00 
[Track Assign: Iteration 2] Elapsed cpu  time: sys=0:00:00 usr=0:00:00 total=0:00:00
[Track Assign: Iteration 2] Stage (MB): Used    0  Alloctr    0  Proc    0 
[Track Assign: Iteration 2] Total (MB): Used    0  Alloctr    0  Proc 5606 

Number of wires with overlap after iteration 2 = 38 of 3855


Wire length and via report:
---------------------------
Number of M1 wires: 0 		  : 0
Number of M2 wires: 1089 		 VIA12SQ_C: 1415
Number of M3 wires: 1878 		 VIA23SQ_C: 1424
Number of M4 wires: 877 		 VIA34SQ_C: 1261
Number of M5 wires: 11 		 VIA45SQ_C: 21
Number of M6 wires: 0 		 VIA56SQ_C: 0
Number of M7 wires: 0 		 VIA67SQ_C: 0
Number of M8 wires: 0 		 VIA78SQ_C: 0
Number of M9 wires: 0 		 VIA89_C: 0
Number of MRDL wires: 0 		 VIA9RDL: 0
Total number of wires: 3855 		 vias: 4121

Total M1 wire length: 0.0
Total M2 wire length: 376.2
Total M3 wire length: 3632.2
Total M4 wire length: 3086.5
Total M5 wire length: 45.1
Total M6 wire length: 0.0
Total M7 wire length: 0.0
Total M8 wire length: 0.0
Total M9 wire length: 0.0
Total MRDL wire length: 0.0
Total wire length: 7140.1

Longest M1 wire length: 0.0
Longest M2 wire length: 3.5
Longest M3 wire length: 119.2
Longest M4 wire length: 94.5
Longest M5 wire length: 7.6
Longest M6 wire length: 0.0
Longest M7 wire length: 0.0
Longest M8 wire length: 0.0
Longest M9 wire length: 0.0
Longest MRDL wire length: 0.0


[Track Assign: Done] Elapsed real time: 0:00:01 
[Track Assign: Done] Elapsed cpu  time: sys=0:00:00 usr=0:00:01 total=0:00:01
[Track Assign: Done] Stage (MB): Used    0  Alloctr    0  Proc    0 
[Track Assign: Done] Total (MB): Used    0  Alloctr    0  Proc 5606 
 Info: Xtalk flow is enabled for DR ...
Printing options for 'route.common.*'
common.verbose_level                                    :	 0                   

Printing options for 'route.detail.*'
detail.enable_auto_ndr_flow                             :	 true                

Printing options for 'route.auto_via_ladder.*'

There are 0 out of total 12091 nets with relaxed min layer from GR.
Information: RC layer preference is turned on for this design. (ZRT-613)
[Dr init] Elapsed real time: 0:00:00 
[Dr init] Elapsed cpu  time: sys=0:00:00 usr=0:00:00 total=0:00:00
[Dr init] Stage (MB): Used    0  Alloctr    0  Proc    0 
[Dr init] Total (MB): Used    0  Alloctr    0  Proc 5606 
Total number of nets = 12091, of which 0 are not extracted
Total number of open nets = 12053, of which 0 are frozen
Information: Using 1 threads for routing. (ZRT-444)
Start DR iteration 0: uniform partition
Routed	73/225 Partitions, Violations =	0
Routed	74/225 Partitions, Violations =	1
Routed	75/225 Partitions, Violations =	1
Routed	76/225 Partitions, Violations =	1
Routed	77/225 Partitions, Violations =	1
Routed	78/225 Partitions, Violations =	1
Routed	79/225 Partitions, Violations =	1
Routed	80/225 Partitions, Violations =	1
Routed	81/225 Partitions, Violations =	1
Routed	82/225 Partitions, Violations =	1
Routed	83/225 Partitions, Violations =	3
Routed	84/225 Partitions, Violations =	3
Routed	85/225 Partitions, Violations =	3
Routed	86/225 Partitions, Violations =	3
Routed	87/225 Partitions, Violations =	3
Routed	88/225 Partitions, Violations =	3
Routed	89/225 Partitions, Violations =	3
Routed	90/225 Partitions, Violations =	3
Routed	91/225 Partitions, Violations =	7
Routed	92/225 Partitions, Violations =	7
Routed	93/225 Partitions, Violations =	8
Routed	94/225 Partitions, Violations =	8
Routed	95/225 Partitions, Violations =	8
Routed	96/225 Partitions, Violations =	8
Routed	97/225 Partitions, Violations =	8
Routed	98/225 Partitions, Violations =	8
Routed	99/225 Partitions, Violations =	8
Routed	100/225 Partitions, Violations =	8
Routed	101/225 Partitions, Violations =	8
Routed	102/225 Partitions, Violations =	8
Routed	103/225 Partitions, Violations =	8
Routed	104/225 Partitions, Violations =	8
Routed	105/225 Partitions, Violations =	8
Routed	106/225 Partitions, Violations =	8
Routed	107/225 Partitions, Violations =	8
Routed	108/225 Partitions, Violations =	8
Routed	109/225 Partitions, Violations =	8
Routed	110/225 Partitions, Violations =	7
Routed	111/225 Partitions, Violations =	7
Routed	112/225 Partitions, Violations =	7
Routed	113/225 Partitions, Violations =	7
Routed	114/225 Partitions, Violations =	7
Routed	115/225 Partitions, Violations =	7
Routed	116/225 Partitions, Violations =	7
Routed	117/225 Partitions, Violations =	8
Routed	118/225 Partitions, Violations =	8
Routed	119/225 Partitions, Violations =	8
Routed	120/225 Partitions, Violations =	8
Routed	121/225 Partitions, Violations =	8
Routed	122/225 Partitions, Violations =	8
Routed	123/225 Partitions, Violations =	8
Routed	124/225 Partitions, Violations =	8
Routed	125/225 Partitions, Violations =	8
Routed	126/225 Partitions, Violations =	8
Routed	127/225 Partitions, Violations =	8
Routed	128/225 Partitions, Violations =	8
Routed	129/225 Partitions, Violations =	8
Routed	130/225 Partitions, Violations =	8
Routed	131/225 Partitions, Violations =	8
Routed	132/225 Partitions, Violations =	8
Routed	133/225 Partitions, Violations =	8
Routed	134/225 Partitions, Violations =	7
Routed	135/225 Partitions, Violations =	7
Routed	136/225 Partitions, Violations =	9
Routed	137/225 Partitions, Violations =	9
Routed	138/225 Partitions, Violations =	9
Routed	139/225 Partitions, Violations =	9
Routed	140/225 Partitions, Violations =	9
Routed	141/225 Partitions, Violations =	9
Routed	142/225 Partitions, Violations =	9
Routed	143/225 Partitions, Violations =	9
Routed	144/225 Partitions, Violations =	9
Routed	145/225 Partitions, Violations =	9
Routed	146/225 Partitions, Violations =	9
Routed	147/225 Partitions, Violations =	9
Routed	148/225 Partitions, Violations =	12
Routed	149/225 Partitions, Violations =	12
Routed	150/225 Partitions, Violations =	13
Routed	151/225 Partitions, Violations =	14
Routed	152/225 Partitions, Violations =	17
Routed	153/225 Partitions, Violations =	18
Routed	154/225 Partitions, Violations =	18
Routed	155/225 Partitions, Violations =	18
Routed	156/225 Partitions, Violations =	18
Routed	157/225 Partitions, Violations =	18
Routed	158/225 Partitions, Violations =	18
Routed	159/225 Partitions, Violations =	14
Routed	160/225 Partitions, Violations =	16
Routed	161/225 Partitions, Violations =	19
Routed	162/225 Partitions, Violations =	19
Routed	163/225 Partitions, Violations =	19
Routed	164/225 Partitions, Violations =	19
Routed	165/225 Partitions, Violations =	19
Routed	166/225 Partitions, Violations =	16
Routed	167/225 Partitions, Violations =	16
Routed	168/225 Partitions, Violations =	16
Routed	169/225 Partitions, Violations =	16
Routed	170/225 Partitions, Violations =	14
Routed	171/225 Partitions, Violations =	12
Routed	172/225 Partitions, Violations =	12
Routed	173/225 Partitions, Violations =	12
Routed	174/225 Partitions, Violations =	12
Routed	175/225 Partitions, Violations =	12
Routed	176/225 Partitions, Violations =	12
Routed	177/225 Partitions, Violations =	12
Routed	178/225 Partitions, Violations =	12
Routed	179/225 Partitions, Violations =	12
Routed	180/225 Partitions, Violations =	12
Routed	181/225 Partitions, Violations =	12
Routed	182/225 Partitions, Violations =	12
Routed	183/225 Partitions, Violations =	12
Routed	184/225 Partitions, Violations =	12
Routed	185/225 Partitions, Violations =	14
Routed	186/225 Partitions, Violations =	10
Routed	187/225 Partitions, Violations =	10
Routed	188/225 Partitions, Violations =	10
Routed	189/225 Partitions, Violations =	10
Routed	190/225 Partitions, Violations =	10
Routed	191/225 Partitions, Violations =	10
Routed	192/225 Partitions, Violations =	10
Routed	193/225 Partitions, Violations =	11
Routed	194/225 Partitions, Violations =	11
Routed	195/225 Partitions, Violations =	11
Routed	196/225 Partitions, Violations =	11
Routed	197/225 Partitions, Violations =	11
Routed	198/225 Partitions, Violations =	11
Routed	199/225 Partitions, Violations =	11
Routed	200/225 Partitions, Violations =	11
Routed	201/225 Partitions, Violations =	11
Routed	202/225 Partitions, Violations =	13
Routed	203/225 Partitions, Violations =	13
Routed	204/225 Partitions, Violations =	10
Routed	205/225 Partitions, Violations =	10
Routed	206/225 Partitions, Violations =	10
Routed	207/225 Partitions, Violations =	10
Routed	208/225 Partitions, Violations =	10
Routed	209/225 Partitions, Violations =	7
Routed	210/225 Partitions, Violations =	7
Routed	211/225 Partitions, Violations =	7
Routed	212/225 Partitions, Violations =	7
Routed	213/225 Partitions, Violations =	4
Routed	214/225 Partitions, Violations =	4
Routed	215/225 Partitions, Violations =	4
Routed	216/225 Partitions, Violations =	4
Routed	217/225 Partitions, Violations =	4
Routed	218/225 Partitions, Violations =	0
Routed	219/225 Partitions, Violations =	2
Routed	220/225 Partitions, Violations =	2
Routed	221/225 Partitions, Violations =	0
Routed	222/225 Partitions, Violations =	0
Routed	223/225 Partitions, Violations =	0
Routed	224/225 Partitions, Violations =	0
Routed	225/225 Partitions, Violations =	0

DRC-SUMMARY:
	@@@@@@@ TOTAL VIOLATIONS =	0

Information: The app option "route.detail.report_soft_drc_separately" will be on-by-default in future release. (ZRT-807)
	@@@@@@@ TOTAL SOFT VIOLATIONS =	0

[Iter 0] Elapsed real time: 0:00:01 
[Iter 0] Elapsed cpu  time: sys=0:00:00 usr=0:00:01 total=0:00:01
[Iter 0] Stage (MB): Used    0  Alloctr    0  Proc    0 
[Iter 0] Total (MB): Used    0  Alloctr    0  Proc 5606 

End DR iteration 0 with 225 parts

Finish DR since reached 0 DRC

[DR] Elapsed real time: 0:00:01 
[DR] Elapsed cpu  time: sys=0:00:00 usr=0:00:01 total=0:00:01
[DR] Stage (MB): Used    0  Alloctr    0  Proc    0 
[DR] Total (MB): Used    0  Alloctr    0  Proc 5606 
[DR: Done] Elapsed real time: 0:00:01 
[DR: Done] Elapsed cpu  time: sys=0:00:00 usr=0:00:01 total=0:00:01
[DR: Done] Stage (MB): Used    0  Alloctr    0  Proc    0 
[DR: Done] Total (MB): Used    0  Alloctr    0  Proc 5606 

DR finished with 0 open nets, of which 0 are frozen

DR finished with 0 violations

DRC-SUMMARY:
	@@@@@@@ TOTAL VIOLATIONS =	0

Information: The app option "route.detail.report_soft_drc_separately" will be on-by-default in future release. (ZRT-807)
	@@@@@@@ TOTAL SOFT VIOLATIONS =	0



Total Wire Length =                    7215 micron
Total Number of Contacts =             4024
Total Number of Wires =                3823
Total Number of PtConns =              1273
Total Number of Routed Wires =       3823
Total Routed Wire Length =           7103 micron
Total Number of Routed Contacts =       4024
	Layer             M1 :          0 micron
	Layer             M2 :        377 micron
	Layer             M3 :       3601 micron
	Layer             M4 :       3080 micron
	Layer             M5 :         45 micron
	Layer             M6 :          0 micron
	Layer             M7 :          0 micron
	Layer             M8 :          0 micron
	Layer             M9 :          0 micron
	Layer           MRDL :          0 micron
	Via        VIA45SQ_C :         21
	Via   VIA34SQ_C(rot) :       1218
	Via        VIA23SQ_C :       1383
	Via   VIA12SQ_C(rot) :       1402

 
Redundant via conversion report:
--------------------------------

  Total optimized via conversion rate =  0.00% (0 / 4024 vias)
 
    Layer VIA1       =  0.00% (0      / 1402    vias)
        Un-optimized =  0.00% (0       vias)
        Un-mapped    = 100.00% (1402    vias)
    Layer VIA2       =  0.00% (0      / 1383    vias)
        Un-optimized =  0.00% (0       vias)
        Un-mapped    = 100.00% (1383    vias)
    Layer VIA3       =  0.00% (0      / 1218    vias)
        Un-optimized =  0.00% (0       vias)
        Un-mapped    = 100.00% (1218    vias)
    Layer VIA4       =  0.00% (0      / 21      vias)
        Un-optimized =  0.00% (0       vias)
        Un-mapped    = 100.00% (21      vias)
 
  Total double via conversion rate    =  0.00% (0 / 4024 vias)
 
    Layer VIA1       =  0.00% (0      / 1402    vias)
    Layer VIA2       =  0.00% (0      / 1383    vias)
    Layer VIA3       =  0.00% (0      / 1218    vias)
    Layer VIA4       =  0.00% (0      / 21      vias)
 
  The optimized via conversion rate based on total routed via count =  0.00% (0 / 4024 vias)
 
    Layer VIA1       =  0.00% (0      / 1402    vias)
        Un-optimized =  0.00% (0       vias)
        Un-mapped    = 100.00% (1402    vias)
    Layer VIA2       =  0.00% (0      / 1383    vias)
        Un-optimized =  0.00% (0       vias)
        Un-mapped    = 100.00% (1383    vias)
    Layer VIA3       =  0.00% (0      / 1218    vias)
        Un-optimized =  0.00% (0       vias)
        Un-mapped    = 100.00% (1218    vias)
    Layer VIA4       =  0.00% (0      / 21      vias)
        Un-optimized =  0.00% (0       vias)
        Un-mapped    = 100.00% (21      vias)
 

Total number of nets = 12091
0 open nets, of which 0 are frozen
Total number of excluded ports = 0 ports of 0 unplaced cells connected to 0 nets
                                 0 ports without pins of 0 cells connected to 0 nets
                                 0 ports of 0 cover cells connected to 0 non-pg nets
Total number of DRCs = 0
Total number of antenna violations = antenna checking not active
Total number of DRCs on M3 and below = 0 
Information: Routes in non-preferred voltage areas = 0 (ZRT-559)

Updating the database ...
Information: Ending   clock_opt / route_clock / Clock Routing (FLW-8001)
Information: Time: 2026-10-09 21:14:47 / Session:  00:00:53 / Command:  00:00:39 / CPU:  00:00:38 / Memory: 1477 MB (FLW-8100)


Information: Runtime Summary (clock_opt / route_clock)  (FLW-9000)
----------------------------------------------------------------------------
    Elapse (Hrs)   Elapse (%)       CPU/Elapse       Category
----------------------------------------------------------------------------
      0.00           96.8%             1.0           Detail Route 
      0.00            3.2%             1.0           Other 
----------------------------------------------------------------------------
      0.00          100.0%             1.0           Total 
----------------------------------------------------------------------------

Host Options:
-------------
Max cores: 1

Machine Spec:
-------------
INTEL(R) XEON(R) GOLD 6526Y / 64 CPUs  
Sockets: 2, Cores: 16, HT/SMT, not-VM
----------------------------------------------------------------------------

Information: Ending   clock_opt / route_clock (FLW-8001)
Information: Time: 2026-10-09 21:14:47 / Session:  00:00:53 / Command:  00:00:39 / CPU:  00:00:38 / Memory: 1477 MB (FLW-8100)
INFO: run stage final_opto (init -> end)

----------------------------------------------------------------------------------------------------------
Information: Starting clock_opt / final_opto (FLW-8000)
Information: Time: 2026-10-09 21:14:48 / Session:  00:00:53 / Command:  00:00:39 / CPU:  00:00:39 / Memory: 1477 MB (FLW-8100)
----------------------------------------------------------------------------------------------------------

Information: The value of option cts.compile.enable_cell_relocation has been overridden to "leaf_only" to support latency-driven placement. (CTS-973)
Information: The stitching and editing of coupling caps is turned OFF for design 'filtro_pdm.dlib:filtro_pdm/place.design'. (TIM-125)
Information: Design filtro_pdm has 12091 nets, 0 global routed, 36 detail routed. (NEX-024)
Information: The RC mode used is CTO for design 'filtro_pdm'. (NEX-022)
Information: Design Average RC for design filtro_pdm  (NEX-011)
Information: r = 1.671985 ohm/um, via_r = 0.578740 ohm/cut, c = 0.085838 ff/um, cc = 0.000000 ff/um (X dir) (NEX-017)
Information: r = 1.786445 ohm/um, via_r = 0.461268 ohm/cut, c = 0.075274 ff/um, cc = 0.000000 ff/um (Y dir) (NEX-017)
Information: Update timing completed net estimation for all the timing graph nets (TIM-111)
Information: Net estimation statistics: timing graph nets = 12089, routed nets = 36, across physical hierarchy nets = 0, parasitics cached nets = 12089, delay annotated nets = 0, parasitics annotated nets = 0, multi-voltage nets = 0. (TIM-112)
Clock-opt command begin                   CPU:    52 s (  0.01 hr )  ELAPSE:    54 s (  0.02 hr )  MEM-PEAK:  1476 MB
INFO: Removed total 0 routing shapes from 12146 signal nets.
[Tim-Power] Info: Enabling unified Timing-Power architecture for rest of the flow. 
Information: Activity propagation will be performed for scenario default.
Information: Doing activity propagation for mode 'default' and corner 'default' with effort level 'medium'. (POW-024)
Information: Timer-derived activity data is cached on scenario default (POW-052)
Information: Running switching activity propagation in scalar mode!

 **** Information : No. of simulation cycles = 6 ****
[Non-Incremental Power-Update] SCENE[default_late] PROP[late] InstanceSize[8174]
Info: update em.

Clock-opt timing update complete          CPU:    54 s (  0.01 hr )  ELAPSE:    56 s (  0.02 hr )  MEM-PEAK:  1476 MB
INFO: Propagating Switching Activities
Information: Activity for scenario default was cached, no propagation required. (POW-005)
INFO: Switching Activity propagation took     0.00001 sec
INFO: Propagating Switching Activity for all power flows 

Clock-opt initial QoR
_____________________
Scenario Mapping Table
1: default

Pathgroup Mapping Table
1: **default**
2: **async_default**
3: **clock_gating_default**
4: **in2reg_default**
5: **reg2out_default**
6: **in2out_default**
7: clk

-------------------------------------------------------------------------------------------------------------------------------------------------------------
PATHGROUP QOR 
-------------------------------------------------------------------------------------------------------------------------------------------------------------
Scene  PG      WNS        TNS    NSV       WHV        THV    NHV
    1   1   0.0000     0.0000      0   0.0000     0.0000      0
    1   2   0.0000     0.0000      0   0.0000     0.0000      0
    1   3   0.0000     0.0000      0   0.0000     0.0000      0
    1   4   0.0000     0.0000      0   0.0075     0.0075      1
    1   5   0.0000     0.0000      0   0.0012     0.0012      1
    1   6   0.0000     0.0000      0   0.0000     0.0000      0
    1   7   0.0000     0.0000      0   0.0000     0.0000      0
----------------------------------------------------------------------------------------------------------------------------------------------------------------------
SCENARIO QOR 
----------------------------------------------------------------------------------------------------------------------------------------------------------------------
Scene  PG      WNS        TNS   R2RTNS    NSV       WHV        THV    NHV  MaxTrnV   MaxTranC  MaxCapV    Leakage
    1   *   0.0000     0.0000   0.0000      0   0.0075     0.0087      2        0     0.0000        8  960852416
----------------------------------------------------------------------------------------------------------------------------------------------------------------------
DESIGN QOR 
----------------------------------------------------------------------------------------------------------------------------------------------------------------------
Scene  PG      WNS        TNS   R2RTNS    NSV       WHV        THV    NHV  MaxTrnV   MaxTranC  MaxCapV    Leakage         Area    InstCnt     BufCnt     InvCnt
    *   *   0.0000     0.0000   0.0000      0   0.0075     0.0087      2        0     0.0000        8  960852416     33074.30       8174        377       1652
----------------------------------------------------------------------------------------------------------------------------------------------------------------------

Clock-opt initial QoR Summary       WNS        TNS   R2RTNS    NSV      WHV        THV    NHV  MaxTrnV  MaxCapV    Leakage         Area    InstCnt
Clock-opt initial QoR Summary    0.0000     0.0000   0.0000      0   0.0075     0.0087      2        0        8  960852416     33074.30       8174
Information: The netlist change observers are disabled for incremental extraction. (TIM-126)
INFO: using 1 threads
Information: Activity for scenario default was cached, no propagation required. (POW-005)
Information: Activity for scenario default was cached, no propagation required. (POW-005)
Clock-opt initialization complete         CPU:    55 s (  0.02 hr )  ELAPSE:    57 s (  0.02 hr )  MEM-PEAK:  1476 MB
Clock-opt optimization summary            SETUP-COST    R2R-COST HOLD-COST LDRC-COST          AREA     LEAKAGE     INSTCNT            ELAPSE       MEM
Information: Activity for scenario default was cached, no propagation required. (POW-005)
Information: Activity for scenario default was cached, no propagation required. (POW-005)
Number of Site types in the design = 1
Setting up Chip Core
Chip Core shape: (100000 100000) (2304000 2273600)
Number of VARs = 1
Number of unique PDs = 1
Number of Power Domains = 1
Number of Voltage Areas = 1
Number of supply Nets = 2
Number of used supplies = 0
Blocked VAs: 
Information: The netlist change observers are enabled for incremental extraction. (TIM-127)

Information: Activity for scenario default was cached, no propagation required. (POW-005)
Information: Initializing classic cellmap without advanced rules enabled and without PDC enabled
Information: The following app options are used in cellmap
        place.legalize.enable_color_aware_placement : false
        place.legalize.use_nll_query_cm : false
        place.legalize.enable_advanced_legalizer : false
        place.legalize.enable_prerouted_net_check : true
        place.legalize.enable_advanced_prerouted_net_check : false
        place.legalize.always_continue : true
        place.legalize.limit_legality_checks : false
        place.common.pnet_aware_density : 1.0000
        place.common.pnet_aware_min_width : 0.0000
        place.common.pnet_aware_layers : {}
        place.common.use_placement_model : false
        place.common.enable_advanced_placement_model : true
        cts.placement.cell_spacing_rule_style : maximum
Total 0.0178 seconds to build cellmap data
INFO: creating 48(r) x 48(c) GridCells YDim 5.016 XDim 5.016
INFO: number of GridCells (filtro_pdm/place): 2304
INFO: creating 48(r) x 48(c) GridCells YDim 5.016 XDim 5.016
INFO: number of GridCells (filtro_pdm/place): 2304
Total 0.0617 seconds to load 8174 cell instances into cellmap
Moveable cells: 8139; Application fixed cells: 35; Macro cells: 0; User fixed cells: 0
0 out of 12053 data nets is detail routed, 36 out of 36 clock nets are detail routed and total 12089 nets have been analyzed
Only clock route nets/shapes. Estimated current stage is after clock detail route stage
Average cell width 2.4200, cell height 1.6720, cell area 4.0463 for total 8174 placed and application fixed cells
Clock-opt optimization summary            SETUP-COST    R2R-COST HOLD-COST LDRC-COST          AREA     LEAKAGE     INSTCNT            ELAPSE       MEM
Clock-opt optimization Phase 3 Iter  1          0.00        0.00      0.01         7      33074.30  960852416.00        8174              0.02      1476

  Total PARTITION group count: 1
  Total SCANCHAINS checked: 1
  Total OPTIMIZABLE BITS: 1332
  VALIDATED :  1
  FAILED    :  0

DFT: Repaired SCANDEF MV crossings.
DFT: repartition_method: clock_aware
DFT: reordering_method: clock_aware
Information: Switching output filtering off (MSG-3401)
Information: Activity for scenario default was cached, no propagation required. (POW-005)
Non-default App Option report
----------------------------------------------------------------------------------
| Name                                         | Default value  | Current value  | 
----------------------------------------------------------------------------------
| opt.dft.clock_aware_scan_reorder             |           false|            true|
| opt.dft.clock_aware_scan_repartition_reorder |           false|            true|
| opt.dft.use_ng_engines                       |           false|            true|
----------------------------------------------------------------------------------
Running DFT optimization using 1 thread(s)
Information: Switching output filtering on (MSG-3401)
DFT: clock aware optimization was employed to reduce hold violation on scan path
DFT: pre-opt  clk crossings: 201
DFT: post-opt clk crossings: 31
DFT: post-opt clk crossings difference: -170 (ratio: -84.577114 %)
DFT: pre-opt  wirelength: 9748
DFT: post-opt wirelength: 8542
DFT: post-opt wirelength difference: -1206 (ratio: -12.373665 %)

  Total PARTITION group count: 1
  Total SCANCHAINS checked: 1
  Total OPTIMIZABLE BITS: 1332
  VALIDATED :  1
  FAILED    :  0

Information: Activity for scenario default was cached, no propagation required. (POW-005)
Number of Site types in the design = 1
Setting up Chip Core
Chip Core shape: (100000 100000) (2304000 2273600)
Number of VARs = 1
Number of unique PDs = 1
Number of Power Domains = 1
Number of Voltage Areas = 1
Number of supply Nets = 2
Number of used supplies = 0
Blocked VAs: 

Information: Activity for scenario default was cached, no propagation required. (POW-005)
Clock-opt optimization Phase 4 Iter  1          0.00        0.00      0.01         7      33072.27  960781056.00        8173              0.02      1476
Corner Scaling is off, multiplier is 1.000000
Corner Scaling is off, multiplier is 1.000000
ndr _snps_autoNdr_delay_1w3s is auto ndr
bmap: stepx = stepy = 83600
creating bmap
DB units per micron : 10000
Clock-opt optimization Phase 4 Iter  2          0.00        0.00      0.01         7      33072.27  960781056.00        8173              0.02      1476
Information: Activity for scenario default was cached, no propagation required. (POW-005)
Clock-opt optimization Phase 4 Iter  3          0.00        0.00      0.01         7      33072.27  960781056.00        8173              0.02      1476
Clock-opt optimization Phase 4 Iter  4          0.00        0.00      0.01         7      33072.27  960781056.00        8173              0.02      1476
INFO: Restore MV PD Boundary Restriction

Clock-opt optimization Phase 5 Iter  1          0.00        0.00      0.01         7      33076.33  961020096.00        8175              0.02      1476
Information: Activity for scenario default was cached, no propagation required. (POW-005)

Clock-opt optimization Phase 6 Iter  1          0.00        0.00      0.01         7      33074.05  960543744.00        8175              0.02      1476
Clock-opt optimization Phase 6 Iter  2          0.00        0.00      0.01         7      33074.05  960543744.00        8175              0.02      1476
Clock-opt optimization Phase 6 Iter  3          0.00        0.00      0.01         7      33074.05  960543744.00        8175              0.02      1476
Clock-opt optimization Phase 6 Iter  4          0.00        0.00      0.01         7      33074.05  960543744.00        8175              0.02      1476
Clock-opt optimization Phase 6 Iter  5          0.00        0.00      0.01         7      33074.05  960543744.00        8175              0.02      1476
Clock-opt optimization Phase 6 Iter  6          0.00        0.00      0.01         7      33074.05  960543744.00        8175              0.02      1476
Clock-opt optimization Phase 6 Iter  7          0.00        0.00      0.01         7      33074.05  960543744.00        8175              0.02      1476
Clock-opt optimization Phase 6 Iter  8          0.00        0.00      0.01         7      33074.05  960543744.00        8175              0.02      1476
Clock-opt optimization Phase 6 Iter  9          0.00        0.00      0.01         7      33074.05  960543744.00        8175              0.02      1476
Clock-opt optimization Phase 6 Iter 10          0.00        0.00      0.01         7      33074.05  960543744.00        8175              0.02      1476
PBO-MultiScenePg: 0 total problems
Corner Scaling is off, multiplier is 1.000000
ndr _snps_autoNdr_delay_1w3s is auto ndr
bmap: stepx = stepy = 83600
creating bmap
DB units per micron : 10000
Clock-opt optimization Phase 6 Iter 11          0.00        0.00      0.01         7      33074.05  960543744.00        8175              0.02      1476
PBO-MultiScenePg: 0 total problems
Clock-opt optimization Phase 6 Iter 12          0.00        0.00      0.01         7      33074.05  960543744.00        8175              0.02      1476
PBO-MultiScenePg: 0 total problems
Clock-opt optimization Phase 6 Iter 13          0.00        0.00      0.01         7      33074.05  960543744.00        8175              0.02      1476
PBO-MultiScenePg: 0 total problems
Clock-opt optimization Phase 6 Iter 14          0.00        0.00      0.01         7      33074.05  960543744.00        8175              0.02      1476
PBO-MultiScenePg: 0 total problems
Clock-opt optimization Phase 6 Iter 15          0.00        0.00      0.01         7      33074.05  960543744.00        8175              0.02      1476
Clock-opt optimization Phase 6 Iter 16          0.00        0.00      0.01         7      33074.05  960543744.00        8175              0.02      1476
Clock-opt optimization Phase 6 Iter 17          0.00        0.00      0.01         7      33074.05  960543744.00        8175              0.02      1476
Clock-opt optimization Phase 6 Iter 18          0.00        0.00      0.01         7      33074.05  960543744.00        8175              0.02      1476
Clock-opt optimization Phase 6 Iter 19          0.00        0.00      0.01         7      33074.05  960543744.00        8175              0.02      1476
Clock-opt optimization Phase 6 Iter 20          0.00        0.00      0.01         7      33074.05  960543744.00        8175              0.02      1476
Clock-opt optimization Phase 6 Iter 21          0.00        0.00      0.01         7      33074.05  960543744.00        8175              0.02      1476
Clock-opt optimization Phase 6 Iter 22          0.00        0.00      0.01         7      33074.05  960543744.00        8175              0.02      1476

Clock-opt optimization Phase 7 Iter  1          0.00        0.00      0.01         7      33074.05  960543744.00        8175              0.02      1476
Clock-opt optimization summary            SETUP-COST    R2R-COST HOLD-COST LDRC-COST          AREA     LEAKAGE     INSTCNT            ELAPSE       MEM
Clock-opt optimization Phase 7 Iter  2          0.00        0.00      0.01         7      33074.05  960543744.00        8175              0.02      1476
Note - message 'POW-005' limit (20) exceeded. Remainder will be suppressed.
Information: Configuring Design Fusion Restructuring for total power ...
Clock-opt optimization Phase 7 Iter  3          0.00        0.00      0.01         7      33074.05  960543744.00        8175              0.02      1476
Warning: The estimated activity has calculated toggle rate being inf or nan or negative number. Tool will use default probability and toggle rate as estimated activity value. (POW-109)
Warning: The estimated activity has calculated toggle rate being inf or nan or negative number. Tool will use default probability and toggle rate as estimated activity value. (POW-109)
Warning: The estimated activity has calculated toggle rate being inf or nan or negative number. Tool will use default probability and toggle rate as estimated activity value. (POW-109)
Warning: The estimated activity has calculated toggle rate being inf or nan or negative number. Tool will use default probability and toggle rate as estimated activity value. (POW-109)
Warning: The estimated activity has calculated toggle rate being inf or nan or negative number. Tool will use default probability and toggle rate as estimated activity value. (POW-109)
Warning: The estimated activity has calculated toggle rate being inf or nan or negative number. Tool will use default probability and toggle rate as estimated activity value. (POW-109)
Warning: The estimated activity has calculated toggle rate being inf or nan or negative number. Tool will use default probability and toggle rate as estimated activity value. (POW-109)
Warning: The estimated activity has calculated toggle rate being inf or nan or negative number. Tool will use default probability and toggle rate as estimated activity value. (POW-109)
Warning: The estimated activity has calculated toggle rate being inf or nan or negative number. Tool will use default probability and toggle rate as estimated activity value. (POW-109)
Warning: The estimated activity has calculated toggle rate being inf or nan or negative number. Tool will use default probability and toggle rate as estimated activity value. (POW-109)
Note - message 'POW-109' limit (10) exceeded. Remainder will be suppressed.
LR XFORM: End Prediction Mode

Clock-opt optimization Phase 8 Iter  1          0.00        0.00      0.01         7      33049.39  958463616.00        8158              0.03      1476

Clock-opt optimization Phase 9 Iter  1          0.00        0.00      0.01         7      33039.23  957805248.00        8153              0.03      1476
Clock-opt optimization Phase 9 Iter  2          0.00        0.00      0.01         7      33039.23  957805248.00        8153              0.03      1476

Clock-opt optimization Phase 10 Iter  1         0.00        0.00      0.01         7      33029.57  957314304.00        8147              0.03      1476
Corner Scaling is off, multiplier is 1.000000
Corner Scaling is off, multiplier is 1.000000
ndr _snps_autoNdr_delay_1w3s is auto ndr
bmap: stepx = stepy = 83600
creating bmap
DB units per micron : 10000
Clock-opt optimization Phase 10 Iter  2         0.00        0.00      0.01         7      33029.57  957314304.00        8147              0.03      1476
Clock-opt optimization Phase 10 Iter  3         0.00        0.00      0.01         7      33029.57  957314304.00        8147              0.03      1476
Clock-opt optimization Phase 10 Iter  4         0.00        0.00      0.01         7      33029.57  957314304.00        8147              0.03      1476
INFO: Restore MV PD Boundary Restriction

Clock-opt optimization Phase 11 Iter  1         0.00        0.00      0.02         7      33055.49  960287744.00        8154              0.03      1476
Clock-opt optimization Phase 11 Iter  2         0.00        0.00      0.02         7      33055.49  960287744.00        8154              0.03      1476
Clock-opt optimization Phase 11 Iter  3         0.00        0.00      0.02         7      33055.49  960287744.00        8154              0.03      1476
Clock-opt optimization Phase 11 Iter  4         0.00        0.00      0.02         7      33055.49  960287744.00        8154              0.03      1476

Clock-opt optimization Phase 12 Iter  1         0.00        0.00      0.02         7      33059.56  960526848.00        8156              0.03      1476

secOpt: All Scenarios Report
-----------------------------------
	 scenario   :  default  
	 Constraint :  setup hold max-tran max-cap Dynamic Leakage   
	 Active     :  true 


secOpt: reduced Scenarios Report
-----------------------------------

secOpt: Worst TPO Scenarios Report
-----------------------------------
	 WORST TPO scenario   :  default  
	 WORST LKG scenario   :  default  
	 WORST DYN scenario   :  default  
-----------------------------------

Clock-opt optimization Phase 13 Iter  1         0.00        0.00      0.02         7      33059.56  960526848.00        8156              0.03      1476
Corner Scaling is off, multiplier is 1.000000
ndr _snps_autoNdr_delay_1w3s is auto ndr
bmap: stepx = stepy = 83600
creating bmap
DB units per micron : 10000

Clock-opt optimization Phase 14 Iter  1         0.00        0.00      0.02         7      33059.56  960526848.00        8156              0.03      1476
Running post-clock timing-driven placement.
Turning on CRPR.
Information: Current block utilization is '0.69010', effective utilization is '0.69009'. (OPT-055)
----------------------------------------------------------------
Running congestion-aware direct-timing-driven placement
Start Timing-driven placement
Information: using ELPP mode 2
Start transferring placement data.
Warning: To enable pin track alignment feature, the advanced legalizer has to be turned on using app option "place.legalize.enable_advanced_legalizer".
Warning: Pin track alignment feature will be disabled in this run
Information: Initializing classic cellmap without advanced rules enabled and without PDC enabled
Information: The following app options are used in cellmap
        place.legalize.enable_color_aware_placement : false
        place.legalize.use_nll_query_cm : false
        place.legalize.enable_advanced_legalizer : false
        place.legalize.enable_prerouted_net_check : true
        place.legalize.enable_advanced_prerouted_net_check : false
        place.legalize.always_continue : true
        place.legalize.limit_legality_checks : false
        place.common.pnet_aware_density : 1.0000
        place.common.pnet_aware_min_width : 0.0000
        place.common.pnet_aware_layers : {}
        place.common.use_placement_model : false
        place.common.enable_advanced_placement_model : true
        cts.placement.cell_spacing_rule_style : maximum
Total 0.0175 seconds to build cellmap data
Snapped 8121 standard cells to the nearest cellrow to improve the accuracy of congestion analysis.
Information: Coarse placer is using floating point demand from GR.
INFO: wire-opt feature for router enabled
Start Global Route ... 
[Init] Elapsed real time: 0:00:00 
[Init] Elapsed cpu  time: sys=0:00:00 usr=0:00:00 total=0:00:00
[Init] Stage (MB): Used    0  Alloctr    0  Proc    0 
[Init] Total (MB): Used    0  Alloctr    0  Proc 5606 
Printing options for 'route.common.*'
common.verbose_level                                    :	 0                   

Printing options for 'route.global.*'
global.timing_driven                                    :	 false               

Begin global routing.
Cell Min-Routing-Layer = M1
Cell Max-Routing-Layer = MRDL
Turn off antenna since no rule is specified
Information: Option route.detail.force_end_on_preferred_grid will be ignored since none of the layers have preferred grid. (ZRT-703)
Warning: Cannot find a default contact code for layer CO. (ZRT-022)
Info: number of net_type_blockage: 0 
Information: Via ladder engine would be activated for pattern must join connection in certain commands. Please refer to man-page for the command list. (ZRT-619)
Information: AutoNdr rule can't be found. Check the settings.
Information: When applicable Min-max layer allow_pin_connection mode will allow paths of length 3.55 outside the layer range. (ZRT-707)
Information: When applicable Min-max layer allow_pin_connection mode will allow paths of length 3.55 outside the layer range on clock nets. (ZRT-718)
Information: When applicable layer based tapering will taper up to 0.00 in distance from the pin. (ZRT-706)
Warning: Standard cell pin AOBUFX4_RVT/VDDG has no valid via regions. (ZRT-044)
Warning: Standard cell pin AOINVX1_RVT/VDDG has no valid via regions. (ZRT-044)
Warning: Standard cell pin AOINVX4_RVT/VDDG has no valid via regions. (ZRT-044)
Warning: Standard cell pin AOBUFX1_RVT/VDDG has no valid via regions. (ZRT-044)
Warning: Standard cell pin AOBUFX2_RVT/VDDG has no valid via regions. (ZRT-044)
Warning: Standard cell pin AOINVX2_RVT/VDDG has no valid via regions. (ZRT-044)
Warning: Cell U244 is placed overlapping with other cells at {{145.128 11.672} {147.104 13.344}}. (ZRT-763)
Warning: Cell U472 is placed overlapping with other cells at {{205.168 53.472} {207.144 55.144}}. (ZRT-763)
Warning: Cell u_fir/ctmTdsLR_1_2172 is placed overlapping with other cells at {{226.144 195.592} {227.664 197.264}}. (ZRT-763)
Current Stage stats:
[End of Read DB] Elapsed real time: 0:00:00 
[End of Read DB] Elapsed cpu  time: sys=0:00:00 usr=0:00:00 total=0:00:00
[End of Read DB] Stage (MB): Used    0  Alloctr    0  Proc    0 
[End of Read DB] Total (MB): Used    0  Alloctr    0  Proc 5606 
Loading parastics information to the router ...
parastics information loaded to the router.
[End of Loading Timing] Elapsed real time: 0:00:00 
[End of Loading Timing] Elapsed cpu  time: sys=0:00:00 usr=0:00:00 total=0:00:00
Constructing data structure ...
Design statistics:
Design Bounding Box (0.00um,0.00um,240.40um,237.36um)
Number of routing layers = 10
layer M1, dir Ver, min width = 0.05um, min space = 0.05um pitch = 0.152um
layer M2, dir Hor, min width = 0.056um, min space = 0.056um pitch = 0.152um
layer M3, dir Ver, min width = 0.056um, min space = 0.056um pitch = 0.304um
layer M4, dir Hor, min width = 0.056um, min space = 0.056um pitch = 0.304um
layer M5, dir Ver, min width = 0.056um, min space = 0.056um pitch = 0.608um
layer M6, dir Hor, min width = 0.056um, min space = 0.056um pitch = 0.608um
layer M7, dir Ver, min width = 0.056um, min space = 0.056um pitch = 1.216um
layer M8, dir Hor, min width = 0.056um, min space = 0.056um pitch = 1.216um
layer M9, dir Ver, min width = 0.16um, min space = 0.16um pitch = 2.432um
layer MRDL, dir Hor, min width = 2um, min space = 2um pitch = 4.864um
Current Stage stats:
[End of Build Tech Data] Elapsed real time: 0:00:00 
[End of Build Tech Data] Elapsed cpu  time: sys=0:00:00 usr=0:00:00 total=0:00:00
[End of Build Tech Data] Stage (MB): Used    0  Alloctr    0  Proc    0 
[End of Build Tech Data] Total (MB): Used    0  Alloctr    0  Proc 5606 
Net statistics:
Total number of nets     = 12071
Number of nets to route  = 12032
12032 open nets
 of which 12032 are without routing or PSV shapes
39 nets are fully connected,
 of which 39 are detail routed and 0 are global routed.
Current Stage stats:
[End of Build All Nets] Elapsed real time: 0:00:00 
[End of Build All Nets] Elapsed cpu  time: sys=0:00:00 usr=0:00:00 total=0:00:00
[End of Build All Nets] Stage (MB): Used    0  Alloctr    0  Proc    0 
[End of Build All Nets] Total (MB): Used    0  Alloctr    0  Proc 5606 
Net length statistics: 
Net Count(Ignore Fully Rted) 12032, Total Half Perimeter Wire Length (HPWL) 209530 microns
HPWL   0 ~   50 microns: Net Count    11051	Total HPWL       127982 microns
HPWL  50 ~  100 microns: Net Count      765	Total HPWL        54105 microns
HPWL 100 ~  200 microns: Net Count      206	Total HPWL        24781 microns
HPWL 200 ~  300 microns: Net Count        7	Total HPWL         1587 microns
HPWL 300 ~  400 microns: Net Count        3	Total HPWL         1076 microns
HPWL 400 ~  500 microns: Net Count        0	Total HPWL            0 microns
HPWL 500 ~  600 microns: Net Count        0	Total HPWL            0 microns
HPWL 600 ~  700 microns: Net Count        0	Total HPWL            0 microns
HPWL 700 ~  800 microns: Net Count        0	Total HPWL            0 microns
HPWL 800 ~  900 microns: Net Count        0	Total HPWL            0 microns
HPWL 900 ~ 1000 microns: Net Count        0	Total HPWL            0 microns
HPWL     > 1000 microns: Net Count        0	Total HPWL            0 microns
Number of partitions: 1 (1 x 1)
Size of partitions: 144 gCells x 142 gCells
Average gCell capacity  1.75	 on layer (1)	 M1
Average gCell capacity  10.94	 on layer (2)	 M2
Average gCell capacity  5.43	 on layer (3)	 M3
Average gCell capacity  5.49	 on layer (4)	 M4
Average gCell capacity  2.74	 on layer (5)	 M5
Average gCell capacity  2.74	 on layer (6)	 M6
Average gCell capacity  1.36	 on layer (7)	 M7
Average gCell capacity  1.36	 on layer (8)	 M8
Average gCell capacity  0.67	 on layer (9)	 M9
Average gCell capacity  0.33	 on layer (10)	 MRDL
Average number of tracks per gCell 10.99	 on layer (1)	 M1
Average number of tracks per gCell 11.00	 on layer (2)	 M2
Average number of tracks per gCell 5.50	 on layer (3)	 M3
Average number of tracks per gCell 5.51	 on layer (4)	 M4
Average number of tracks per gCell 2.76	 on layer (5)	 M5
Average number of tracks per gCell 2.76	 on layer (6)	 M6
Average number of tracks per gCell 1.39	 on layer (7)	 M7
Average number of tracks per gCell 1.39	 on layer (8)	 M8
Average number of tracks per gCell 0.70	 on layer (9)	 M9
Average number of tracks per gCell 0.35	 on layer (10)	 MRDL
Number of gCells = 204480
Current Stage stats:
[End of Build Congestion Map] Elapsed real time: 0:00:00 
[End of Build Congestion Map] Elapsed cpu  time: sys=0:00:00 usr=0:00:00 total=0:00:00
[End of Build Congestion Map] Stage (MB): Used    0  Alloctr    0  Proc    0 
[End of Build Congestion Map] Total (MB): Used    0  Alloctr    0  Proc 5606 
Current Stage stats:
[End of Add Nets Demand] Elapsed real time: 0:00:00 
[End of Add Nets Demand] Elapsed cpu  time: sys=0:00:00 usr=0:00:00 total=0:00:00
[End of Add Nets Demand] Stage (MB): Used    0  Alloctr    0  Proc    0 
[End of Add Nets Demand] Total (MB): Used    0  Alloctr    0  Proc 5606 
Number of user frozen nets = 0
Information: RC layer preference is turned on for this design. (ZRT-613)
Total stats:
[End of Build Data] Elapsed real time: 0:00:00 
[End of Build Data] Elapsed cpu  time: sys=0:00:00 usr=0:00:00 total=0:00:00
[End of Build Data] Stage (MB): Used    0  Alloctr    0  Proc    0 
[End of Build Data] Total (MB): Used    0  Alloctr    0  Proc 5606 
Number of partitions: 1 (1 x 1)
Size of partitions: 144 gCells x 142 gCells
Current Stage stats:
[End of Blocked Pin Detection] Elapsed real time: 0:00:00 
[End of Blocked Pin Detection] Elapsed cpu  time: sys=0:00:00 usr=0:00:00 total=0:00:00
[End of Blocked Pin Detection] Stage (MB): Used    0  Alloctr    0  Proc    0 
[End of Blocked Pin Detection] Total (MB): Used    0  Alloctr    0  Proc 5606 
Information: Using 1 threads for routing. (ZRT-444)
Information: Placement fast mode ON
Information: Multiple gcell levels ON
Information: Buffer distance is estimated to be ~862.0000um (515 gCells)

Start GR phase 0
Number of partitions: 1 (1 x 1)
Size of partitions: 144 gCells x 142 gCells
10% of nets complete Elapsed cpu time: 0:00:00 Elapsed real time: 0:00:00
20% of nets complete Elapsed cpu time: 0:00:00 Elapsed real time: 0:00:00
30% of nets complete Elapsed cpu time: 0:00:00 Elapsed real time: 0:00:00
40% of nets complete Elapsed cpu time: 0:00:00 Elapsed real time: 0:00:00
50% of nets complete Elapsed cpu time: 0:00:00 Elapsed real time: 0:00:00
60% of nets complete Elapsed cpu time: 0:00:00 Elapsed real time: 0:00:00
70% of nets complete Elapsed cpu time: 0:00:00 Elapsed real time: 0:00:00
80% of nets complete Elapsed cpu time: 0:00:00 Elapsed real time: 0:00:00
90% of nets complete Elapsed cpu time: 0:00:00 Elapsed real time: 0:00:00
[rtAllBotParts] Elapsed real time: 0:00:00 
[rtAllBotParts] Elapsed cpu  time: sys=0:00:00 usr=0:00:00 total=0:00:00
[rtTop] Elapsed real time: 0:00:00 
[rtTop] Elapsed cpu  time: sys=0:00:00 usr=0:00:00 total=0:00:00
Current Stage stats:
[End of Initial Routing] Elapsed real time: 0:00:00 
[End of Initial Routing] Elapsed cpu  time: sys=0:00:00 usr=0:00:00 total=0:00:00
[End of Initial Routing] Stage (MB): Used    0  Alloctr    0  Proc    0 
[End of Initial Routing] Total (MB): Used    0  Alloctr    0  Proc 5606 
Initial. Routing result:
Initial. Both Dirs: Dmd-Cap  =    12 Max = 2 GRCs =    49 (0.12%)
Initial. H routing: Dmd-Cap  =     0 Max = 0 (GRCs =  0) GRCs =     0 (0.00%)
Initial. V routing: Dmd-Cap  =    12 Max = 2 (GRCs =  3) GRCs =    49 (0.24%)
Initial. Both Dirs: Overflow =   175 Max = 2 GRCs =   886 (2.17%)
Initial. H routing: Overflow =     3 Max = 2 (GRCs =  1) GRCs =     8 (0.04%)
Initial. V routing: Overflow =   171 Max = 2 (GRCs = 44) GRCs =   878 (4.29%)
Initial. M1         Overflow =     0 Max = 0 (GRCs =  0) GRCs =     0 (0.00%)
Initial. M2         Overflow =     3 Max = 2 (GRCs =  1) GRCs =     8 (0.04%)
Initial. M3         Overflow =   164 Max = 2 (GRCs = 44) GRCs =   871 (4.26%)
Initial. M4         Overflow =     0 Max = 0 (GRCs =  0) GRCs =     0 (0.00%)
Initial. M5         Overflow =     7 Max = 1 (GRCs =  7) GRCs =     7 (0.03%)
Initial. M6         Overflow =     0 Max = 0 (GRCs =  0) GRCs =     0 (0.00%)
Initial. M7         Overflow =     0 Max = 0 (GRCs =  0) GRCs =     0 (0.00%)
Initial. M8         Overflow =     0 Max = 0 (GRCs =  0) GRCs =     0 (0.00%)
Initial. M9         Overflow =     0 Max = 0 (GRCs =  0) GRCs =     0 (0.00%)
Initial. MRDL       Overflow =     0 Max = 0 (GRCs =  0) GRCs =     0 (0.00%)

Initial. Total Wire Length = 202713.69
Initial. Layer M1 wire length = 1303.65
Initial. Layer M2 wire length = 72785.77
Initial. Layer M3 wire length = 76155.62
Initial. Layer M4 wire length = 7428.86
Initial. Layer M5 wire length = 35015.47
Initial. Layer M6 wire length = 1239.47
Initial. Layer M7 wire length = 8636.21
Initial. Layer M8 wire length = 34.94
Initial. Layer M9 wire length = 113.70
Initial. Layer MRDL wire length = 0.00
Initial. Total Number of Contacts = 69105
Initial. Via VIA12SQ_C count = 33362
Initial. Via VIA23SQ_C count = 30621
Initial. Via VIA34SQ_C count = 2183
Initial. Via VIA45SQ_C count = 2183
Initial. Via VIA56SQ_C count = 355
Initial. Via VIA67SQ_C count = 383
Initial. Via VIA78SQ_C count = 10
Initial. Via VIA89_C count = 8
Initial. Via VIA9RDL count = 0
Initial. completed.

Start GR phase 1
Fri Oct  9 21:15:53 2026
Number of partitions: 1 (1 x 1)
Size of partitions: 144 gCells x 142 gCells
10% of nets complete Elapsed cpu time: 0:00:00 Elapsed real time: 0:00:00
20% of nets complete Elapsed cpu time: 0:00:00 Elapsed real time: 0:00:00
30% of nets complete Elapsed cpu time: 0:00:00 Elapsed real time: 0:00:00
40% of nets complete Elapsed cpu time: 0:00:00 Elapsed real time: 0:00:00
50% of nets complete Elapsed cpu time: 0:00:00 Elapsed real time: 0:00:00
60% of nets complete Elapsed cpu time: 0:00:00 Elapsed real time: 0:00:00
70% of nets complete Elapsed cpu time: 0:00:00 Elapsed real time: 0:00:00
80% of nets complete Elapsed cpu time: 0:00:00 Elapsed real time: 0:00:00
90% of nets complete Elapsed cpu time: 0:00:00 Elapsed real time: 0:00:00
[rtAllParts] Elapsed real time: 0:00:00 
[rtAllParts] Elapsed cpu  time: sys=0:00:00 usr=0:00:00 total=0:00:00
[updNetsDmd] Elapsed real time: 0:00:00 
[updNetsDmd] Elapsed cpu  time: sys=0:00:00 usr=0:00:00 total=0:00:00
Current Stage stats:
[End of Phase1 Routing] Elapsed real time: 0:00:00 
[End of Phase1 Routing] Elapsed cpu  time: sys=0:00:00 usr=0:00:00 total=0:00:00
[End of Phase1 Routing] Stage (MB): Used    0  Alloctr    0  Proc    0 
[End of Phase1 Routing] Total (MB): Used    0  Alloctr    0  Proc 5606 
phase1. Routing result:
phase1. Both Dirs: Dmd-Cap  =     0 Max = 0 GRCs =     0 (0.00%)
phase1. H routing: Dmd-Cap  =     0 Max = 0 (GRCs =  0) GRCs =     0 (0.00%)
phase1. V routing: Dmd-Cap  =     0 Max = 0 (GRCs =  0) GRCs =     0 (0.00%)
phase1. Both Dirs: Overflow =     0 Max = 0 GRCs =     0 (0.00%)
phase1. H routing: Overflow =     0 Max = 0 (GRCs =  0) GRCs =     0 (0.00%)
phase1. V routing: Overflow =     0 Max = 0 (GRCs =  0) GRCs =     0 (0.00%)
phase1. M1         Overflow =     0 Max = 0 (GRCs =  0) GRCs =     0 (0.00%)
phase1. M2         Overflow =     0 Max = 0 (GRCs =  0) GRCs =     0 (0.00%)
phase1. M3         Overflow =     0 Max = 0 (GRCs =  0) GRCs =     0 (0.00%)
phase1. M4         Overflow =     0 Max = 0 (GRCs =  0) GRCs =     0 (0.00%)
phase1. M5         Overflow =     0 Max = 0 (GRCs =  0) GRCs =     0 (0.00%)
phase1. M6         Overflow =     0 Max = 0 (GRCs =  0) GRCs =     0 (0.00%)
phase1. M7         Overflow =     0 Max = 0 (GRCs =  0) GRCs =     0 (0.00%)
phase1. M8         Overflow =     0 Max = 0 (GRCs =  0) GRCs =     0 (0.00%)
phase1. M9         Overflow =     0 Max = 0 (GRCs =  0) GRCs =     0 (0.00%)
phase1. MRDL       Overflow =     0 Max = 0 (GRCs =  0) GRCs =     0 (0.00%)

phase1. Total Wire Length = 203803.74
phase1. Layer M1 wire length = 1448.88
phase1. Layer M2 wire length = 73204.39
phase1. Layer M3 wire length = 74739.80
phase1. Layer M4 wire length = 8071.54
phase1. Layer M5 wire length = 35904.73
phase1. Layer M6 wire length = 1324.96
phase1. Layer M7 wire length = 8960.81
phase1. Layer M8 wire length = 34.94
phase1. Layer M9 wire length = 113.70
phase1. Layer MRDL wire length = 0.00
phase1. Total Number of Contacts = 69888
phase1. Via VIA12SQ_C count = 33370
phase1. Via VIA23SQ_C count = 30785
phase1. Via VIA34SQ_C count = 2511
phase1. Via VIA45SQ_C count = 2385
phase1. Via VIA56SQ_C count = 394
phase1. Via VIA67SQ_C count = 425
phase1. Via VIA78SQ_C count = 10
phase1. Via VIA89_C count = 8
phase1. Via VIA9RDL count = 0
phase1. completed.
[End of Whole Chip Routing] Elapsed real time: 0:00:02 
[End of Whole Chip Routing] Elapsed cpu  time: sys=0:00:00 usr=0:00:02 total=0:00:02
[End of Whole Chip Routing] Stage (MB): Used    0  Alloctr    0  Proc    0 
[End of Whole Chip Routing] Total (MB): Used    0  Alloctr    0  Proc 5606 

Congestion utilization per direction:
Average vertical track utilization   = 37.71 %
Peak    vertical track utilization   = 100.00 %
Average horizontal track utilization = 19.93 %
Peak    horizontal track utilization = 60.00 %

[End of Global Routing] Elapsed real time: 0:00:02 
[End of Global Routing] Elapsed cpu  time: sys=0:00:00 usr=0:00:02 total=0:00:02
[End of Global Routing] Stage (MB): Used    0  Alloctr    0  Proc    0 
[End of Global Routing] Total (MB): Used    0  Alloctr    0  Proc 5606 
Writing out congestion map...
Updating congestion ...
Updating congestion ...
[End of dbOut] Elapsed real time: 0:00:00 
[End of dbOut] Elapsed cpu  time: sys=0:00:00 usr=0:00:00 total=0:00:00
[End of dbOut] Stage (MB): Used    0  Alloctr    0  Proc    0 
[End of dbOut] Total (MB): Used    0  Alloctr    0  Proc 5606 
Information: Maximum hot spot size per layer
	M4	0
	M5	0
	M6	0
	M7	0
	M8	0
	M9	0
	MRDL	0
Maximum hot spot size is 0 
CONG_HS metric is 0.000 

Using per-layer congestion maps for congestion reduction.
Information: Found routing layer 'M1'.
Information: Found routing layer 'M2'.
Information: Found routing layer 'M3'.
Information: Found routing layer 'M4'.
Information: Found routing layer 'M5'.
Information: Found routing layer 'M6'.
Information: Found routing layer 'M7'.
Information: Found routing layer 'M8'.
Information: Found routing layer 'M9'.
Information: Found routing layer 'MRDL'.
Information: min layer:            'M1'.
Information: min horizontal layer: 'M2' On-grid: yes.
Information: min vertical layer:   'M1' On-grid: yes.
Information: 0.00% of design has horizontal routing density above target_routing_density of 0.80.
Information: 49.70% of design has vertical routing density above target_routing_density of 0.80.
Completed transferring placement data.
Running placement using 1 thread(s)
Information: Enhanced Auto Density Control is used. (PLACE-098)
Information: Enhanced auto density configuration is 13179.
Information: Automatic density control has selected the following settings: max_density 0.75, congestion_driven_max_util 0.91. (PLACE-027)
Information: HFW control 'on' invoked.
coarse place 100% done.
Warning: There is insufficient area available to achieve the target routing density of 0.80. Using a value of 0.88 instead. (PLACE-029)
Information: Reducing cell density for 66.0% of the movable cells to alleviate congestion. This changes the average cell density in non-congested areas from 0.690 to 0.881. (PLACE-030)
Corner Scaling is off, multiplier is 1.000000
Information: timingScenario default timingCorner default.  Using corner default for worst leakage corner. (OPT-078)
nplLib: default vr hor dist = 1046
nplLib: default vr ver dist = 1046
nplLib: default vr buf size = 6
nplLib: default vr buf size = 2
Placer using max_unbuffered_distance = 1046.00

Placement Options:
Effort:                        medium_effort       
Timing Driven:                 true                
Buffering Aware Timing Driven: false               
Seed locs:                     true                
Incremental:                   false               
Congestion:                    true                
Congestion Effort:             medium              
Fix Macros:                    true                
Place Macros:                  false               
Channel Size Macros:           false               


ELPPver2: wire length prioritization enabled
****** eLpp estimated wire length 
3.08446% of the net wire length are clock nets
0% of the clock net wire length has no activity
Clock net wire length: 6.54378e+07
Total net wire length: 2.12153e+09
****** eLpp weights (with caps) (no lengths)
Number of nets: 12069, of which 12033 non-clock nets
Number of nets with 0 toggle rate: 37 (0.306571%)
Max toggle rate = 0.00960002, average toggle rate = 0.00176765
Max non-clock toggle rate = 0.00409363
eLpp weight range = (0, 4.6563)
*** 53 nets are filtered out
Information: using ELPP mode 2
Start transferring placement data.
****** Net weight manager: report ******
Weights included: eLpp  PostEffort  
Number of nets with non-default weights: 12069
Amt power = 0.1
Non-default weight range: (0.9, 5.36563)
                             Min         Max         Avg       Stdev        Skew
       Toggle Rates            0  0.00960002  0.00176765  0.00071808     3.53557
      Power Weights            0      4.6563    0.857363    0.348291     3.53557
      Final Weights          0.9     5.36563    0.997668    0.240544     17.8568
Information: Automatic repeater spreading is enabled.
Information: Automatic timing control is enabled.
DTDP placement: scenario=default
Information: The net parasitics of block filtro_pdm are cleared. (TIM-123)
Completed transferring placement data.
Running placement using 1 thread(s)
Information: Enhanced Auto Density Control is used. (PLACE-098)
Information: Enhanced auto density configuration is 13179.
Information: Automatic density control has selected the following settings: max_density 0.75, congestion_driven_max_util 0.91. (PLACE-027)
Information: HFW control 'on' invoked.
coarse place 50% done.
coarse place 67% done.
coarse place 83% done.
coarse place 100% done.
Information: Coarse placer wire length estimate = 219384
Information: Coarse placer active wire length estimate = 449.625
Information: Coarse placer weighted wire length estimate = 248032
Information: Extraction observers are detached as design net change threshold is reached.
Completed Timing-driven placement, Elapsed time =   0: 0: 4 
Moved 6789 out of 8156 cells, ratio = 0.832393
Total displacement = 14786.940430(um)
Max displacement = 35.376701(um), u_fir/HFSINV_146_487 (230.399994, 162.151993, 2) => (229.608307, 196.737000, 2)
Displacement histogram:
  0 ~  10% cells displacement <=      0.56(um)
  0 ~  20% cells displacement <=      0.91(um)
  0 ~  30% cells displacement <=      1.24(um)
  0 ~  40% cells displacement <=      1.56(um)
  0 ~  50% cells displacement <=      1.89(um)
  0 ~  60% cells displacement <=      2.24(um)
  0 ~  70% cells displacement <=      2.65(um)
  0 ~  80% cells displacement <=      3.15(um)
  0 ~  90% cells displacement <=      3.98(um)
  0 ~ 100% cells displacement <=     35.38(um)
----------------------------------------------------------------
DFT optimization is skipped due to optimize_scan_chain being false
Information: The stitching and editing of coupling caps is turned OFF for design 'filtro_pdm.dlib:filtro_pdm/place.design'. (TIM-125)
Information: Design filtro_pdm has 12071 nets, 0 global routed, 36 detail routed. (NEX-024)
Information: The RC mode used is CTO for design 'filtro_pdm'. (NEX-022)
Information: Design Average RC for design filtro_pdm  (NEX-011)
Information: r = 1.671985 ohm/um, via_r = 0.578740 ohm/cut, c = 0.085838 ff/um, cc = 0.000000 ff/um (X dir) (NEX-017)
Information: r = 1.786445 ohm/um, via_r = 0.461268 ohm/cut, c = 0.075274 ff/um, cc = 0.000000 ff/um (Y dir) (NEX-017)
Information: Update timing completed net estimation for all the timing graph nets (TIM-111)
Information: Net estimation statistics: timing graph nets = 12069, routed nets = 36, across physical hierarchy nets = 0, parasitics cached nets = 12069, delay annotated nets = 0, parasitics annotated nets = 0, multi-voltage nets = 0. (TIM-112)
Done with post-clock timing-driven placement.
Clock-opt optimization Phase 14 Iter  2         0.00        0.00      0.02         9      33059.56  960526848.00        8156              0.03      1476
Clock-opt optimization Phase 14 Iter  3         0.00        0.00      0.02         9      33059.56  960526848.00        8156              0.03      1476
Information: Initializing classic cellmap without advanced rules enabled and without PDC enabled
Information: The following app options are used in cellmap
        place.legalize.enable_color_aware_placement : false
        place.legalize.use_nll_query_cm : false
        place.legalize.enable_advanced_legalizer : false
        place.legalize.enable_prerouted_net_check : true
        place.legalize.enable_advanced_prerouted_net_check : false
        place.legalize.always_continue : true
        place.legalize.limit_legality_checks : false
        place.common.pnet_aware_density : 1.0000
        place.common.pnet_aware_min_width : 0.0000
        place.common.pnet_aware_layers : {}
        place.common.use_placement_model : false
        place.common.enable_advanced_placement_model : true
        cts.placement.cell_spacing_rule_style : maximum
Total 0.0180 seconds to build cellmap data
INFO: creating 48(r) x 48(c) GridCells YDim 5.016 XDim 5.016
INFO: number of GridCells (filtro_pdm/place): 2304
INFO: creating 48(r) x 48(c) GridCells YDim 5.016 XDim 5.016
INFO: number of GridCells (filtro_pdm/place): 2304
Total 0.0621 seconds to load 8156 cell instances into cellmap, 6788 cells are off site row
Moveable cells: 8121; Application fixed cells: 35; Macro cells: 0; User fixed cells: 0
0 out of 12084 data nets is detail routed, 36 out of 36 clock nets are detail routed and total 12120 nets have been analyzed
Only clock route nets/shapes. Estimated current stage is after clock detail route stage
Average cell width 2.4243, cell height 1.6720, cell area 4.0534 for total 8156 placed and application fixed cells
Clock-opt optimization Phase 14 Iter  4         0.00        0.00      0.02         9      33059.56  960526848.00        8156              0.03      1476
Number of Site types in the design = 1
Warning: No tie cell is available for constant fixing. (OPT-200)
INFO: Running TieOpt on MG
Added 0 tie-hi cells
Added 0 tie-low cells
Clock-opt optimization Phase 14 Iter  5         0.00        0.00      0.02         9      33059.56  960526848.00        8156              0.03      1476
Running post-clock legalization after dtdp.
----------------------------------------------------------------
Running legalize_placement
Start Legalization
nplDplc2Placer::setParam(effort,1)
nplDplc2Placer::setParam(debug,0)
nplDplc2Placer::setParam(site_check,2)
nplDplc2Placer::setParam(app_firm_wgt,0)
Warning: Routing direction of metal layer PO is neither "horizontal" nor "vertical".  PDC checks will not be performed on this layer. (PDC-003)
PDC app_options settings =========
	place.legalize.enable_prerouted_net_check: 1
	place.legalize.num_tracks_for_access_check: 1
	place.legalize.use_eol_spacing_for_access_check: 0
	place.legalize.allow_touch_track_for_access_check: 1
	place.legalize.reduce_conservatism_in_eol_check: 0
	place.legalize.preroute_shape_merge_distance: 0.0
	place.legalize.enable_non_preferred_direction_span_check: 0

Layer M1: cached 0 shapes out of 133 total shapes.
Cached 1442 vias out of 5584 total vias.

Legalizing Top Level Design filtro_pdm ... 
Information: Initializing classic cellmap without advanced rules enabled and without PDC enabled
Information: The following app options are used in cellmap
        place.legalize.enable_color_aware_placement : false
        place.legalize.use_nll_query_cm : false
        place.legalize.enable_advanced_legalizer : false
        place.legalize.enable_prerouted_net_check : true
        place.legalize.enable_advanced_prerouted_net_check : false
        place.legalize.always_continue : true
        place.legalize.limit_legality_checks : false
        place.common.pnet_aware_density : 1.0000
        place.common.pnet_aware_min_width : 0.0000
        place.common.pnet_aware_layers : {}
        place.common.use_placement_model : false
        place.common.enable_advanced_placement_model : true
        cts.placement.cell_spacing_rule_style : maximum
Total 0.0175 seconds to build cellmap data
Information: Creating classic rule checker.
Warning: Routing direction of metal layer PO is neither "horizontal" nor "vertical".  PDC checks will not be performed on this layer. (PDC-003)
=====> Processed 61 ref cells (8 fillers) from library

Bounds/Regions In This Design:
        Area    Num Cells  Exclusive Name
 (square um)
     47906.1         8156        Yes DEFAULT_VA

Starting legalizer.
Warning: Exclusive bound 'DEFAULT' has no cells.
Optimizing Exclusive Bound 'DEFAULT_VA' (2/2)
    Done Exclusive Bound 'DEFAULT_VA' (2/2) (0 sec)
Legalization complete (0 total sec)

****************************************
  Report : Placement Attempts
  Site   : unit
****************************************

number of cells:                   8156
number of references:                61
number of site rows:                130
number of locations attempted:   169001
number of locations failed:           0  (0.0%)

Legality of references at locations:
0 references had failures.

Legality of references in rows:
0 references had row failures.

****************************************
  Report : Cell Displacements
****************************************

number of cells aggregated:        8121 (129598 total sites)
avg row height over cells:        1.672 um
rms cell displacement:            0.387 um ( 0.23 row height)
rms weighted cell displacement:   0.387 um ( 0.23 row height)
max cell displacement:            2.222 um ( 1.33 row height)
avg cell displacement:            0.268 um ( 0.16 row height)
avg weighted cell displacement:   0.268 um ( 0.16 row height)
number of cells moved:             6945
number of large displacements:        0
large displacement threshold:     3.000 row height

Displacements of worst 10 cells:
Cell: U461 (AO22X1_RVT)
  Input location: (195.743,52.9217)
  Legal location: (195.744,55.144)
  Displacement:   2.222 um ( 1.33 row height)
Cell: u_fir/U1211 (INVX0_RVT)
  Input location: (88.5203,57.1716)
  Legal location: (88.128,55.144)
  Displacement:   2.065 um ( 1.24 row height)
Cell: U446 (AND2X1_RVT)
  Input location: (226.825,29.8051)
  Legal location: (227.208,31.736)
  Displacement:   1.969 um ( 1.18 row height)
Cell: u_fir/U1208 (INVX0_RVT)
  Input location: (79.9718,57.0838)
  Legal location: (80.984,58.488)
  Displacement:   1.731 um ( 1.04 row height)
Cell: u_fir/HFSINV_259_913 (INVX2_RVT)
  Input location: (192.122,190.466)
  Legal location: (192.704,188.904)
  Displacement:   1.667 um ( 1.00 row height)
Cell: u_fir/U1450 (INVX0_RVT)
  Input location: (75.2576,57.6062)
  Legal location: (73.84,56.816)
  Displacement:   1.623 um ( 0.97 row height)
Cell: u_fir/U3446 (AO22X1_RVT)
  Input location: (169.051,210.928)
  Legal location: (168.232,212.312)
  Displacement:   1.608 um ( 0.96 row height)
Cell: u_fir/HFSINV_5_80 (INVX0_RVT)
  Input location: (11.3107,112.742)
  Legal location: (10,113.664)
  Displacement:   1.603 um ( 0.96 row height)
Cell: u_fir/U1440 (INVX0_RVT)
  Input location: (67.4241,55.2225)
  Legal location: (67.304,56.816)
  Displacement:   1.598 um ( 0.96 row height)
Cell: u_fir/HFSBUF_5609_1131 (NBUFFX4_RVT)
  Input location: (142.347,210.381)
  Legal location: (143,208.968)
  Displacement:   1.557 um ( 0.93 row height)

Information: Extraction observers are detached as design net change threshold is reached.
Completed Legalization, Elapsed time =   0: 0: 0 
Moved 6945 out of 8156 cells, ratio = 0.851520
Total displacement = 3141.382812(um)
Max displacement = 2.419900(um), u_fir/U1211 (88.520302, 58.843601, 4) => (88.127998, 55.144001, 0)
Displacement histogram:
  0 ~  10% cells displacement <=      0.10(um)
  0 ~  20% cells displacement <=      0.16(um)
  0 ~  30% cells displacement <=      0.23(um)
  0 ~  40% cells displacement <=      0.31(um)
  0 ~  50% cells displacement <=      0.41(um)
  0 ~  60% cells displacement <=      0.50(um)
  0 ~  70% cells displacement <=      0.61(um)
  0 ~  80% cells displacement <=      0.72(um)
  0 ~  90% cells displacement <=      0.84(um)
  0 ~ 100% cells displacement <=      2.42(um)
Information: The net parasitics of block filtro_pdm are cleared. (TIM-123)
Legalization succeeded.
----------------------------------------------------------------
Information: The stitching and editing of coupling caps is turned OFF for design 'filtro_pdm.dlib:filtro_pdm/place.design'. (TIM-125)
Information: Design filtro_pdm has 12071 nets, 0 global routed, 36 detail routed. (NEX-024)
Information: The RC mode used is CTO for design 'filtro_pdm'. (NEX-022)
Information: Design Average RC for design filtro_pdm  (NEX-011)
Information: r = 1.671985 ohm/um, via_r = 0.578740 ohm/cut, c = 0.085838 ff/um, cc = 0.000000 ff/um (X dir) (NEX-017)
Information: r = 1.786445 ohm/um, via_r = 0.461268 ohm/cut, c = 0.075274 ff/um, cc = 0.000000 ff/um (Y dir) (NEX-017)
Information: Update timing completed net estimation for all the timing graph nets (TIM-111)
Information: Net estimation statistics: timing graph nets = 12069, routed nets = 36, across physical hierarchy nets = 0, parasitics cached nets = 12069, delay annotated nets = 0, parasitics annotated nets = 0, multi-voltage nets = 0. (TIM-112)

Clock-opt optimization Phase 15 Iter  1         0.00        0.00      0.02        36      33059.56  960525888.00        8156              0.03      1476

Number of Site types in the design = 1
Setting up Chip Core
Chip Core shape: (100000 100000) (2304000 2273600)
Number of VARs = 1
Number of unique PDs = 1
Number of Power Domains = 1
Number of Voltage Areas = 1
Number of supply Nets = 2
Number of used supplies = 0
Blocked VAs: 
Enable dominated scenarios


INFO: GRE is running with flow.common.io_priority high.
INFO: place.legalize.enable_advanced_legalizer not set - need to revert CLO
INFO: First Clock-opt did not mark run with CLO enabled/disabled property
INFO: Concurrent Legalization and Optimization (CLO) Reverted
Information: The netlist change observers are disabled for incremental extraction. (TIM-126)
INFO: place.legalize.enable_advanced_legalizer not set - need to revert CLO
INFO: First Clock-opt did not mark run with CLO enabled/disabled property
Clock-opt optimization summary            SETUP-COST    R2R-COST HOLD-COST LDRC-COST          AREA     LEAKAGE     INSTCNT            ELAPSE       MEM
runtime_assert false
enhanced site row merge :  1
Key: unit, value: 0x9a806bb8
Number of Site types in the design = 1
Setting up Chip Core
Chip Core shape: (100000 100000) (2304000 2273600)
Preroute opto area query mode: NDM
Using CLEO = true
Summary: is MV Ready (has MV info... UPF or derived)
Summary: design is not hierarchical
Voltage Area: id=0, index=0, name=DEFAULT_VA, is default, domain=DEFAULT_POWER_DOMAIN, scopeHier=, psn=VDD;
Number of VARs = 1
Number of unique PDs = 1
Number of Power Domains = 1
Number of Voltage Areas = 1
Number of supply Nets = 2
Number of used supplies = 0
Setup Voltages:
  Supply Net = VDD, voltages =  0.8500
  Supply Net = VSS, voltages =  0.0000
Hold Voltages:
  Supply Net = VDD, voltages =  0.8500
  Supply Net = VSS, voltages =  0.0000
Unique Voltages in Design:  0.0000 0.8500
Default Voltage Area = DEFAULT_VA
Blocked VAs: 
{_snps_autoNdr_power}
INFO: place.legalize.enable_advanced_legalizer not set - need to revert CLO
INFO: First Clock-opt did not mark run with CLO enabled/disabled property

Clock-opt optimization Phase 19 Iter  1         0.00        0.00      0.02        36      33059.56  960525888.00        8156              0.03      1476
Information: The netlist change observers are enabled for incremental extraction. (TIM-127)
INFO: Running refresh_performance_via_ladder_constraints
Warning: max_routing_layer is not set in the design.
INFO: Running refresh_via_ladders
INFO: wire-opt feature for router enabled
Warning: Please run the command "check_routability" before running Zroute commands. (ZRT-762)
INFO: wire-opt feature for router enabled
Information: The net parasitics of block filtro_pdm are cleared. (TIM-123)
Start Global Route ... 
[Init] Elapsed real time: 0:00:00 
[Init] Elapsed cpu  time: sys=0:00:00 usr=0:00:00 total=0:00:00
[Init] Stage (MB): Used    0  Alloctr    0  Proc    0 
[Init] Total (MB): Used    0  Alloctr    0  Proc 5606 
Printing options for 'route.common.*'
common.verbose_level                                    :	 0                   

Printing options for 'route.global.*'
global.force_rerun_after_global_route_opt               :	 true                
global.timing_driven                                    :	 false               

Begin global routing.
Cell Min-Routing-Layer = M1
Cell Max-Routing-Layer = MRDL
Turn off antenna since no rule is specified
Information: Option route.detail.force_end_on_preferred_grid will be ignored since none of the layers have preferred grid. (ZRT-703)
Warning: Cannot find a default contact code for layer CO. (ZRT-022)
Info: number of net_type_blockage: 0 
Information: Via ladder engine would be activated for pattern must join connection in certain commands. Please refer to man-page for the command list. (ZRT-619)
Information: AutoNdr rule can't be found. Check the settings.
Information: When applicable Min-max layer allow_pin_connection mode will allow paths of length 3.55 outside the layer range. (ZRT-707)
Information: When applicable Min-max layer allow_pin_connection mode will allow paths of length 3.55 outside the layer range on clock nets. (ZRT-718)
Information: When applicable layer based tapering will taper up to 0.00 in distance from the pin. (ZRT-706)
Warning: Standard cell pin AOBUFX4_RVT/VDDG has no valid via regions. (ZRT-044)
Warning: Standard cell pin AOINVX1_RVT/VDDG has no valid via regions. (ZRT-044)
Warning: Standard cell pin AOINVX4_RVT/VDDG has no valid via regions. (ZRT-044)
Warning: Standard cell pin AOBUFX1_RVT/VDDG has no valid via regions. (ZRT-044)
Warning: Standard cell pin AOBUFX2_RVT/VDDG has no valid via regions. (ZRT-044)
Warning: Standard cell pin AOINVX2_RVT/VDDG has no valid via regions. (ZRT-044)
Current Stage stats:
[End of Read DB] Elapsed real time: 0:00:00 
[End of Read DB] Elapsed cpu  time: sys=0:00:00 usr=0:00:00 total=0:00:00
[End of Read DB] Stage (MB): Used    0  Alloctr    0  Proc    0 
[End of Read DB] Total (MB): Used    0  Alloctr    0  Proc 5606 
Loading parastics information to the router ...
parastics information loaded to the router.
[End of Loading Timing] Elapsed real time: 0:00:00 
[End of Loading Timing] Elapsed cpu  time: sys=0:00:00 usr=0:00:00 total=0:00:00
Constructing data structure ...
Design statistics:
Design Bounding Box (0.00um,0.00um,240.40um,237.36um)
Number of routing layers = 10
layer M1, dir Ver, min width = 0.05um, min space = 0.05um pitch = 0.152um
layer M2, dir Hor, min width = 0.056um, min space = 0.056um pitch = 0.152um
layer M3, dir Ver, min width = 0.056um, min space = 0.056um pitch = 0.304um
layer M4, dir Hor, min width = 0.056um, min space = 0.056um pitch = 0.304um
layer M5, dir Ver, min width = 0.056um, min space = 0.056um pitch = 0.608um
layer M6, dir Hor, min width = 0.056um, min space = 0.056um pitch = 0.608um
layer M7, dir Ver, min width = 0.056um, min space = 0.056um pitch = 1.216um
layer M8, dir Hor, min width = 0.056um, min space = 0.056um pitch = 1.216um
layer M9, dir Ver, min width = 0.16um, min space = 0.16um pitch = 2.432um
layer MRDL, dir Hor, min width = 2um, min space = 2um pitch = 4.864um
Current Stage stats:
[End of Build Tech Data] Elapsed real time: 0:00:00 
[End of Build Tech Data] Elapsed cpu  time: sys=0:00:00 usr=0:00:00 total=0:00:00
[End of Build Tech Data] Stage (MB): Used    0  Alloctr    0  Proc    0 
[End of Build Tech Data] Total (MB): Used    0  Alloctr    0  Proc 5606 
Net statistics:
Total number of nets     = 12071
Number of nets to route  = 12063
12063 open nets
 of which 12033 are without routing or PSV shapes
30 nets are partially connected,
 of which 30 are detail routed and 0 are global routed.
8 nets are fully connected,
 of which 8 are detail routed and 0 are global routed.
Current Stage stats:
[End of Build All Nets] Elapsed real time: 0:00:00 
[End of Build All Nets] Elapsed cpu  time: sys=0:00:00 usr=0:00:00 total=0:00:00
[End of Build All Nets] Stage (MB): Used    0  Alloctr    0  Proc    0 
[End of Build All Nets] Total (MB): Used    0  Alloctr    0  Proc 5606 
Net length statistics: 
Net Count(Ignore Fully Rted) 12063, Total Half Perimeter Wire Length (HPWL) 213794 microns
HPWL   0 ~   50 microns: Net Count    11048	Total HPWL       128663 microns
HPWL  50 ~  100 microns: Net Count      785	Total HPWL        55839 microns
HPWL 100 ~  200 microns: Net Count      220	Total HPWL        26621 microns
HPWL 200 ~  300 microns: Net Count        7	Total HPWL         1586 microns
HPWL 300 ~  400 microns: Net Count        3	Total HPWL         1086 microns
HPWL 400 ~  500 microns: Net Count        0	Total HPWL            0 microns
HPWL 500 ~  600 microns: Net Count        0	Total HPWL            0 microns
HPWL 600 ~  700 microns: Net Count        0	Total HPWL            0 microns
HPWL 700 ~  800 microns: Net Count        0	Total HPWL            0 microns
HPWL 800 ~  900 microns: Net Count        0	Total HPWL            0 microns
HPWL 900 ~ 1000 microns: Net Count        0	Total HPWL            0 microns
HPWL     > 1000 microns: Net Count        0	Total HPWL            0 microns
Number of partitions: 1 (1 x 1)
Size of partitions: 144 gCells x 142 gCells
Average gCell capacity  1.75	 on layer (1)	 M1
Average gCell capacity  10.94	 on layer (2)	 M2
Average gCell capacity  5.43	 on layer (3)	 M3
Average gCell capacity  5.49	 on layer (4)	 M4
Average gCell capacity  2.74	 on layer (5)	 M5
Average gCell capacity  2.74	 on layer (6)	 M6
Average gCell capacity  1.36	 on layer (7)	 M7
Average gCell capacity  1.36	 on layer (8)	 M8
Average gCell capacity  0.67	 on layer (9)	 M9
Average gCell capacity  0.33	 on layer (10)	 MRDL
Average number of tracks per gCell 10.99	 on layer (1)	 M1
Average number of tracks per gCell 11.00	 on layer (2)	 M2
Average number of tracks per gCell 5.50	 on layer (3)	 M3
Average number of tracks per gCell 5.51	 on layer (4)	 M4
Average number of tracks per gCell 2.76	 on layer (5)	 M5
Average number of tracks per gCell 2.76	 on layer (6)	 M6
Average number of tracks per gCell 1.39	 on layer (7)	 M7
Average number of tracks per gCell 1.39	 on layer (8)	 M8
Average number of tracks per gCell 0.70	 on layer (9)	 M9
Average number of tracks per gCell 0.35	 on layer (10)	 MRDL
Number of gCells = 204480
Current Stage stats:
[End of Build Congestion Map] Elapsed real time: 0:00:00 
[End of Build Congestion Map] Elapsed cpu  time: sys=0:00:00 usr=0:00:00 total=0:00:00
[End of Build Congestion Map] Stage (MB): Used    0  Alloctr    0  Proc    0 
[End of Build Congestion Map] Total (MB): Used    0  Alloctr    0  Proc 5606 
Current Stage stats:
[End of Add Nets Demand] Elapsed real time: 0:00:00 
[End of Add Nets Demand] Elapsed cpu  time: sys=0:00:00 usr=0:00:00 total=0:00:00
[End of Add Nets Demand] Stage (MB): Used    0  Alloctr    0  Proc    0 
[End of Add Nets Demand] Total (MB): Used    0  Alloctr    0  Proc 5606 
Number of user frozen nets = 0
Information: RC layer preference is turned on for this design. (ZRT-613)
Total stats:
[End of Build Data] Elapsed real time: 0:00:00 
[End of Build Data] Elapsed cpu  time: sys=0:00:00 usr=0:00:00 total=0:00:00
[End of Build Data] Stage (MB): Used    0  Alloctr    0  Proc    0 
[End of Build Data] Total (MB): Used    0  Alloctr    0  Proc 5606 
Number of partitions: 1 (1 x 1)
Size of partitions: 144 gCells x 142 gCells
Current Stage stats:
[End of Blocked Pin Detection] Elapsed real time: 0:00:00 
[End of Blocked Pin Detection] Elapsed cpu  time: sys=0:00:00 usr=0:00:00 total=0:00:00
[End of Blocked Pin Detection] Stage (MB): Used    0  Alloctr    0  Proc    0 
[End of Blocked Pin Detection] Total (MB): Used    0  Alloctr    0  Proc 5606 
Information: Using 1 threads for routing. (ZRT-444)
Information: Multiple gcell levels ON
Information: Buffer distance is estimated to be ~862.0000um (515 gCells)

Start GR phase 0
Number of partitions: 1 (1 x 1)
Size of partitions: 144 gCells x 142 gCells
10% of nets complete Elapsed cpu time: 0:00:00 Elapsed real time: 0:00:00
20% of nets complete Elapsed cpu time: 0:00:00 Elapsed real time: 0:00:00
30% of nets complete Elapsed cpu time: 0:00:00 Elapsed real time: 0:00:00
40% of nets complete Elapsed cpu time: 0:00:00 Elapsed real time: 0:00:00
50% of nets complete Elapsed cpu time: 0:00:00 Elapsed real time: 0:00:00
60% of nets complete Elapsed cpu time: 0:00:00 Elapsed real time: 0:00:00
70% of nets complete Elapsed cpu time: 0:00:00 Elapsed real time: 0:00:00
80% of nets complete Elapsed cpu time: 0:00:00 Elapsed real time: 0:00:00
90% of nets complete Elapsed cpu time: 0:00:00 Elapsed real time: 0:00:00
[rtAllBotParts] Elapsed real time: 0:00:00 
[rtAllBotParts] Elapsed cpu  time: sys=0:00:00 usr=0:00:00 total=0:00:00
[rtTop] Elapsed real time: 0:00:00 
[rtTop] Elapsed cpu  time: sys=0:00:00 usr=0:00:00 total=0:00:00
Current Stage stats:
[End of Initial Routing] Elapsed real time: 0:00:00 
[End of Initial Routing] Elapsed cpu  time: sys=0:00:00 usr=0:00:00 total=0:00:00
[End of Initial Routing] Stage (MB): Used    0  Alloctr    0  Proc    0 
[End of Initial Routing] Total (MB): Used    0  Alloctr    0  Proc 5606 
Initial. Routing result:
Initial. Both Dirs: Dmd-Cap  =     8 Max = 2 GRCs =    46 (0.11%)
Initial. H routing: Dmd-Cap  =     0 Max = 0 (GRCs =  0) GRCs =     0 (0.00%)
Initial. V routing: Dmd-Cap  =     8 Max = 2 (GRCs =  1) GRCs =    46 (0.22%)
Initial. Both Dirs: Overflow =   172 Max = 3 GRCs =   815 (1.99%)
Initial. H routing: Overflow =     0 Max = 0 (GRCs =  0) GRCs =     0 (0.00%)
Initial. V routing: Overflow =   172 Max = 3 (GRCs =  1) GRCs =   815 (3.99%)
Initial. M1         Overflow =     0 Max = 0 (GRCs =  0) GRCs =     0 (0.00%)
Initial. M2         Overflow =     0 Max = 0 (GRCs =  0) GRCs =     0 (0.00%)
Initial. M3         Overflow =   171 Max = 3 (GRCs =  1) GRCs =   814 (3.98%)
Initial. M4         Overflow =     0 Max = 0 (GRCs =  0) GRCs =     0 (0.00%)
Initial. M5         Overflow =     1 Max = 1 (GRCs =  1) GRCs =     1 (0.00%)
Initial. M6         Overflow =     0 Max = 0 (GRCs =  0) GRCs =     0 (0.00%)
Initial. M7         Overflow =     0 Max = 0 (GRCs =  0) GRCs =     0 (0.00%)
Initial. M8         Overflow =     0 Max = 0 (GRCs =  0) GRCs =     0 (0.00%)
Initial. M9         Overflow =     0 Max = 0 (GRCs =  0) GRCs =     0 (0.00%)
Initial. MRDL       Overflow =     0 Max = 0 (GRCs =  0) GRCs =     0 (0.00%)

Initial. Total Wire Length = 204860.04
Initial. Layer M1 wire length = 1080.60
Initial. Layer M2 wire length = 72349.57
Initial. Layer M3 wire length = 76906.72
Initial. Layer M4 wire length = 8406.74
Initial. Layer M5 wire length = 36241.72
Initial. Layer M6 wire length = 1079.16
Initial. Layer M7 wire length = 8564.79
Initial. Layer M8 wire length = 26.75
Initial. Layer M9 wire length = 203.98
Initial. Layer MRDL wire length = 0.00
Initial. Total Number of Contacts = 69173
Initial. Via VIA12SQ_C count = 33433
Initial. Via VIA23SQ_C count = 30683
Initial. Via VIA34SQ_C count = 2209
Initial. Via VIA45SQ_C count = 2156
Initial. Via VIA56SQ_C count = 328
Initial. Via VIA67SQ_C count = 344
Initial. Via VIA78SQ_C count = 10
Initial. Via VIA89_C count = 10
Initial. Via VIA9RDL count = 0
Initial. completed.

Start GR phase 1
Fri Oct  9 21:16:01 2026
Number of partitions: 1 (1 x 1)
Size of partitions: 144 gCells x 142 gCells
10% of nets complete Elapsed cpu time: 0:00:00 Elapsed real time: 0:00:00
20% of nets complete Elapsed cpu time: 0:00:00 Elapsed real time: 0:00:00
30% of nets complete Elapsed cpu time: 0:00:00 Elapsed real time: 0:00:00
40% of nets complete Elapsed cpu time: 0:00:00 Elapsed real time: 0:00:00
50% of nets complete Elapsed cpu time: 0:00:00 Elapsed real time: 0:00:00
60% of nets complete Elapsed cpu time: 0:00:00 Elapsed real time: 0:00:00
70% of nets complete Elapsed cpu time: 0:00:00 Elapsed real time: 0:00:00
80% of nets complete Elapsed cpu time: 0:00:00 Elapsed real time: 0:00:00
90% of nets complete Elapsed cpu time: 0:00:00 Elapsed real time: 0:00:00
[rtAllParts] Elapsed real time: 0:00:00 
[rtAllParts] Elapsed cpu  time: sys=0:00:00 usr=0:00:00 total=0:00:00
Current Stage stats:
[End of Phase1 Routing] Elapsed real time: 0:00:00 
[End of Phase1 Routing] Elapsed cpu  time: sys=0:00:00 usr=0:00:00 total=0:00:00
[End of Phase1 Routing] Stage (MB): Used    0  Alloctr    0  Proc    0 
[End of Phase1 Routing] Total (MB): Used    0  Alloctr    0  Proc 5606 
phase1. Routing result:
phase1. Both Dirs: Dmd-Cap  =     1 Max = 1 GRCs =    15 (0.04%)
phase1. H routing: Dmd-Cap  =     0 Max = 0 (GRCs =   0) GRCs =     0 (0.00%)
phase1. V routing: Dmd-Cap  =     1 Max = 1 (GRCs =  15) GRCs =    15 (0.07%)
phase1. Both Dirs: Overflow =     8 Max = 1 GRCs =   132 (0.32%)
phase1. H routing: Overflow =     0 Max = 0 (GRCs =   0) GRCs =     0 (0.00%)
phase1. V routing: Overflow =     8 Max = 1 (GRCs = 132) GRCs =   132 (0.65%)
phase1. M1         Overflow =     0 Max = 0 (GRCs =   0) GRCs =     0 (0.00%)
phase1. M2         Overflow =     0 Max = 0 (GRCs =   0) GRCs =     0 (0.00%)
phase1. M3         Overflow =     8 Max = 1 (GRCs = 132) GRCs =   132 (0.65%)
phase1. M4         Overflow =     0 Max = 0 (GRCs =   0) GRCs =     0 (0.00%)
phase1. M5         Overflow =     0 Max = 0 (GRCs =   0) GRCs =     0 (0.00%)
phase1. M6         Overflow =     0 Max = 0 (GRCs =   0) GRCs =     0 (0.00%)
phase1. M7         Overflow =     0 Max = 0 (GRCs =   0) GRCs =     0 (0.00%)
phase1. M8         Overflow =     0 Max = 0 (GRCs =   0) GRCs =     0 (0.00%)
phase1. M9         Overflow =     0 Max = 0 (GRCs =   0) GRCs =     0 (0.00%)
phase1. MRDL       Overflow =     0 Max = 0 (GRCs =   0) GRCs =     0 (0.00%)

phase1. Total Wire Length = 205619.56
phase1. Layer M1 wire length = 1350.30
phase1. Layer M2 wire length = 72981.75
phase1. Layer M3 wire length = 75885.28
phase1. Layer M4 wire length = 8581.85
phase1. Layer M5 wire length = 36961.82
phase1. Layer M6 wire length = 1095.50
phase1. Layer M7 wire length = 8475.48
phase1. Layer M8 wire length = 30.10
phase1. Layer M9 wire length = 257.49
phase1. Layer MRDL wire length = 0.00
phase1. Total Number of Contacts = 69511
phase1. Via VIA12SQ_C count = 33445
phase1. Via VIA23SQ_C count = 30743
phase1. Via VIA34SQ_C count = 2348
phase1. Via VIA45SQ_C count = 2270
phase1. Via VIA56SQ_C count = 331
phase1. Via VIA67SQ_C count = 350
phase1. Via VIA78SQ_C count = 12
phase1. Via VIA89_C count = 12
phase1. Via VIA9RDL count = 0
phase1. completed.

Start GR phase 2
Fri Oct  9 21:16:01 2026
Number of partitions: 1 (1 x 1)
Size of partitions: 144 gCells x 142 gCells
10% of nets complete Elapsed cpu time: 0:00:00 Elapsed real time: 0:00:00
20% of nets complete Elapsed cpu time: 0:00:00 Elapsed real time: 0:00:00
30% of nets complete Elapsed cpu time: 0:00:00 Elapsed real time: 0:00:00
40% of nets complete Elapsed cpu time: 0:00:00 Elapsed real time: 0:00:00
50% of nets complete Elapsed cpu time: 0:00:00 Elapsed real time: 0:00:00
60% of nets complete Elapsed cpu time: 0:00:00 Elapsed real time: 0:00:00
70% of nets complete Elapsed cpu time: 0:00:00 Elapsed real time: 0:00:00
80% of nets complete Elapsed cpu time: 0:00:00 Elapsed real time: 0:00:00
90% of nets complete Elapsed cpu time: 0:00:00 Elapsed real time: 0:00:00
[rtAllParts] Elapsed real time: 0:00:00 
[rtAllParts] Elapsed cpu  time: sys=0:00:00 usr=0:00:00 total=0:00:00
[updNetsDmd] Elapsed real time: 0:00:00 
[updNetsDmd] Elapsed cpu  time: sys=0:00:00 usr=0:00:00 total=0:00:00
Current Stage stats:
[End of Phase2 Routing] Elapsed real time: 0:00:00 
[End of Phase2 Routing] Elapsed cpu  time: sys=0:00:00 usr=0:00:00 total=0:00:00
[End of Phase2 Routing] Stage (MB): Used    0  Alloctr    0  Proc    0 
[End of Phase2 Routing] Total (MB): Used    0  Alloctr    0  Proc 5606 
phase2. Routing result:
phase2. Both Dirs: Dmd-Cap  =     0 Max = 0 GRCs =     0 (0.00%)
phase2. H routing: Dmd-Cap  =     0 Max = 0 (GRCs =  0) GRCs =     0 (0.00%)
phase2. V routing: Dmd-Cap  =     0 Max = 0 (GRCs =  0) GRCs =     0 (0.00%)
phase2. Both Dirs: Overflow =     0 Max = 0 GRCs =     0 (0.00%)
phase2. H routing: Overflow =     0 Max = 0 (GRCs =  0) GRCs =     0 (0.00%)
phase2. V routing: Overflow =     0 Max = 0 (GRCs =  0) GRCs =     0 (0.00%)
phase2. M1         Overflow =     0 Max = 0 (GRCs =  0) GRCs =     0 (0.00%)
phase2. M2         Overflow =     0 Max = 0 (GRCs =  0) GRCs =     0 (0.00%)
phase2. M3         Overflow =     0 Max = 0 (GRCs =  0) GRCs =     0 (0.00%)
phase2. M4         Overflow =     0 Max = 0 (GRCs =  0) GRCs =     0 (0.00%)
phase2. M5         Overflow =     0 Max = 0 (GRCs =  0) GRCs =     0 (0.00%)
phase2. M6         Overflow =     0 Max = 0 (GRCs =  0) GRCs =     0 (0.00%)
phase2. M7         Overflow =     0 Max = 0 (GRCs =  0) GRCs =     0 (0.00%)
phase2. M8         Overflow =     0 Max = 0 (GRCs =  0) GRCs =     0 (0.00%)
phase2. M9         Overflow =     0 Max = 0 (GRCs =  0) GRCs =     0 (0.00%)
phase2. MRDL       Overflow =     0 Max = 0 (GRCs =  0) GRCs =     0 (0.00%)

phase2. Total Wire Length = 205774.81
phase2. Layer M1 wire length = 1350.30
phase2. Layer M2 wire length = 72858.69
phase2. Layer M3 wire length = 75681.23
phase2. Layer M4 wire length = 8831.69
phase2. Layer M5 wire length = 37000.76
phase2. Layer M6 wire length = 1125.35
phase2. Layer M7 wire length = 8639.19
phase2. Layer M8 wire length = 30.10
phase2. Layer M9 wire length = 257.49
phase2. Layer MRDL wire length = 0.00
phase2. Total Number of Contacts = 69614
phase2. Via VIA12SQ_C count = 33445
phase2. Via VIA23SQ_C count = 30717
phase2. Via VIA34SQ_C count = 2446
phase2. Via VIA45SQ_C count = 2287
phase2. Via VIA56SQ_C count = 338
phase2. Via VIA67SQ_C count = 357
phase2. Via VIA78SQ_C count = 12
phase2. Via VIA89_C count = 12
phase2. Via VIA9RDL count = 0
phase2. completed.
[End of Whole Chip Routing] Elapsed real time: 0:00:02 
[End of Whole Chip Routing] Elapsed cpu  time: sys=0:00:00 usr=0:00:02 total=0:00:02
[End of Whole Chip Routing] Stage (MB): Used    0  Alloctr    0  Proc    0 
[End of Whole Chip Routing] Total (MB): Used    0  Alloctr    0  Proc 5606 

Congestion utilization per direction:
Average vertical track utilization   = 38.08 %
Peak    vertical track utilization   = 100.00 %
Average horizontal track utilization = 19.91 %
Peak    horizontal track utilization = 68.42 %

[End of Global Routing] Elapsed real time: 0:00:02 
[End of Global Routing] Elapsed cpu  time: sys=0:00:00 usr=0:00:02 total=0:00:02
[End of Global Routing] Stage (MB): Used    0  Alloctr    0  Proc    0 
[End of Global Routing] Total (MB): Used    0  Alloctr    0  Proc 5606 
Total number of open nets = 0, of which 0 are frozen
Updating the database ...
Updating congestion ...
Information: Extraction observers are detached as design net change threshold is reached.
[End of dbOut] Elapsed real time: 0:00:00 
[End of dbOut] Elapsed cpu  time: sys=0:00:00 usr=0:00:00 total=0:00:00
[End of dbOut] Stage (MB): Used    0  Alloctr    0  Proc    0 
[End of dbOut] Total (MB): Used    0  Alloctr    0  Proc 5606 
Information: Maximum hot spot size per layer
	M4	0
	M5	0
	M6	0
	M7	0
	M8	0
	M9	0
	MRDL	0
Maximum hot spot size is 0 
CONG_HS metric is 0.000 

Information: The stitching and editing of coupling caps is turned OFF for design 'filtro_pdm.dlib:filtro_pdm/place.design'. (TIM-125)
Information: Design filtro_pdm has 12071 nets, 12063 global routed, 6 detail routed. (NEX-024)
Information: build GR coup map successfully (NEX-012)
Information: The RC mode used is GR for design 'filtro_pdm'. (NEX-022)
Information: Update timing completed net estimation for all the timing graph nets (TIM-111)
Information: Net estimation statistics: timing graph nets = 12069, routed nets = 12069, across physical hierarchy nets = 0, parasitics cached nets = 12069, delay annotated nets = 0, parasitics annotated nets = 0, multi-voltage nets = 0. (TIM-112)
Information: The netlist change observers are disabled for incremental extraction. (TIM-126)

Clock-opt route-global QoR
__________________________
Scenario Mapping Table
1: default

Pathgroup Mapping Table
1: **default**
2: **async_default**
3: **clock_gating_default**
4: **in2reg_default**
5: **reg2out_default**
6: **in2out_default**
7: **internal_default**
8: clk

-------------------------------------------------------------------------------------------------------------------------------------------------------------
PATHGROUP QOR 
-------------------------------------------------------------------------------------------------------------------------------------------------------------
Scene  PG      WNS        TNS    NSV       WHV        THV    NHV
    1   1   0.0000     0.0000      0   0.0000     0.0000      0
    1   2   0.0000     0.0000      0   0.0000     0.0000      0
    1   3   0.0000     0.0000      0   0.0000     0.0000      0
    1   4   0.0000     0.0000      0   0.0000     0.0000      0
    1   5   0.0000     0.0000      0   0.0084     0.0084      1
    1   6   0.0000     0.0000      0   0.0000     0.0000      0
    1   7   0.0000     0.0000      0   0.0000     0.0000      0
    1   8   0.0000     0.0000      0   0.0000     0.0000      0
----------------------------------------------------------------------------------------------------------------------------------------------------------------------
SCENARIO QOR 
----------------------------------------------------------------------------------------------------------------------------------------------------------------------
Scene  PG      WNS        TNS   R2RTNS    NSV       WHV        THV    NHV  MaxTrnV   MaxTranC  MaxCapV    Leakage
    1   *   0.0000     0.0000   0.0000      0   0.0084     0.0084      1        0     0.0000       17  960525888
----------------------------------------------------------------------------------------------------------------------------------------------------------------------
DESIGN QOR 
----------------------------------------------------------------------------------------------------------------------------------------------------------------------
Scene  PG      WNS        TNS   R2RTNS    NSV       WHV        THV    NHV  MaxTrnV   MaxTranC  MaxCapV    Leakage         Area    InstCnt     BufCnt     InvCnt
    *   *   0.0000     0.0000   0.0000      0   0.0084     0.0084      1        0     0.0000       17  960525888     33059.56       8156        373       1648
----------------------------------------------------------------------------------------------------------------------------------------------------------------------

Clock-opt route-global QoR Summary      WNS        TNS   R2RTNS    NSV      WHV        THV    NHV  MaxTrnV  MaxCapV    Leakage         Area    InstCnt
Clock-opt route-global QoR Summary   0.0000     0.0000   0.0000      0   0.0084     0.0084      1        0       17  960525888     33059.56       8156

Clock-opt Global-routing complete         CPU:   127 s (  0.04 hr )  ELAPSE:   129 s (  0.04 hr )  MEM-PEAK:  1476 MB

runtime_assert false
enhanced site row merge :  1
Key: unit, value: 0x9a806ca8
Number of Site types in the design = 1
Setting up Chip Core
Chip Core shape: (100000 100000) (2304000 2273600)
Preroute opto area query mode: NDM
Using CLEO = true
Summary: is MV Ready (has MV info... UPF or derived)
Summary: design is not hierarchical
Voltage Area: id=0, index=0, name=DEFAULT_VA, is default, domain=DEFAULT_POWER_DOMAIN, scopeHier=, psn=VDD;
Number of VARs = 1
Number of unique PDs = 1
Number of Power Domains = 1
Number of Voltage Areas = 1
Number of supply Nets = 2
Number of used supplies = 0
Setup Voltages:
  Supply Net = VDD, voltages =  0.8500
  Supply Net = VSS, voltages =  0.0000
Hold Voltages:
  Supply Net = VDD, voltages =  0.8500
  Supply Net = VSS, voltages =  0.0000
Unique Voltages in Design:  0.0000 0.8500
Default Voltage Area = DEFAULT_VA
Blocked VAs: 
INFO: wire-opt feature for router enabled
Cell Min-Routing-Layer = M1
Cell Max-Routing-Layer = MRDL
Turn off antenna since no rule is specified
Information: Option route.detail.force_end_on_preferred_grid will be ignored since none of the layers have preferred grid. (ZRT-703)
Warning: Cannot find a default contact code for layer CO. (ZRT-022)
Info: number of net_type_blockage: 0 
Information: Via ladder engine would be activated for pattern must join connection in certain commands. Please refer to man-page for the command list. (ZRT-619)
Information: AutoNdr rule can't be found. Check the settings.
Information: When applicable Min-max layer allow_pin_connection mode will allow paths of length 3.55 outside the layer range. (ZRT-707)
Information: When applicable Min-max layer allow_pin_connection mode will allow paths of length 3.55 outside the layer range on clock nets. (ZRT-718)
Information: When applicable layer based tapering will taper up to 0.00 in distance from the pin. (ZRT-706)
Warning: Standard cell pin AOBUFX4_RVT/VDDG has no valid via regions. (ZRT-044)
Warning: Standard cell pin AOINVX1_RVT/VDDG has no valid via regions. (ZRT-044)
Warning: Standard cell pin AOINVX4_RVT/VDDG has no valid via regions. (ZRT-044)
Warning: Standard cell pin AOBUFX1_RVT/VDDG has no valid via regions. (ZRT-044)
Warning: Standard cell pin AOBUFX2_RVT/VDDG has no valid via regions. (ZRT-044)
Warning: Standard cell pin AOINVX2_RVT/VDDG has no valid via regions. (ZRT-044)
GR Routing Service: Started IMRD 
GR Routing Service: ndmAttrDef 'usr_tmng_crit' created with default value 0 
GR Routing Service: ndmAttrDef 'rted_by_minDly' created with default value 0 
GR Routing Service: ndmAttrDef 'port_subnet_crit_blkConn' created with default value 0 
GR Routing Service: ndmAttrDef 'port_subnet_crit_blkPort' created with default value 0 
Loading timing information to the router ...
Design  Scenario default (Mode default Corner default)
Timing information loaded to the router.
Information: Design Average RC for design filtro_pdm  (NEX-011)
Information: r = 1.671985 ohm/um, via_r = 0.578740 ohm/cut, c = 0.085838 ff/um, cc = 0.000000 ff/um (X dir) (NEX-017)
Information: r = 1.786445 ohm/um, via_r = 0.461268 ohm/cut, c = 0.075274 ff/um, cc = 0.000000 ff/um (Y dir) (NEX-017)
GR Routing Service: Setting costIdx to 3 
GR Routing Service: rebuildCongmap: itr = 3 
Number of partitions: 1 (1 x 1)
Size of partitions: 144 gCells x 142 gCells
Average gCell capacity  1.75	 on layer (1)	 M1
Average gCell capacity  10.94	 on layer (2)	 M2
Average gCell capacity  5.43	 on layer (3)	 M3
Average gCell capacity  5.49	 on layer (4)	 M4
Average gCell capacity  2.74	 on layer (5)	 M5
Average gCell capacity  2.74	 on layer (6)	 M6
Average gCell capacity  1.36	 on layer (7)	 M7
Average gCell capacity  1.36	 on layer (8)	 M8
Average gCell capacity  0.67	 on layer (9)	 M9
Average gCell capacity  0.33	 on layer (10)	 MRDL
Average number of tracks per gCell 10.99	 on layer (1)	 M1
Average number of tracks per gCell 11.00	 on layer (2)	 M2
Average number of tracks per gCell 5.50	 on layer (3)	 M3
Average number of tracks per gCell 5.51	 on layer (4)	 M4
Average number of tracks per gCell 2.76	 on layer (5)	 M5
Average number of tracks per gCell 2.76	 on layer (6)	 M6
Average number of tracks per gCell 1.39	 on layer (7)	 M7
Average number of tracks per gCell 1.39	 on layer (8)	 M8
Average number of tracks per gCell 0.70	 on layer (9)	 M9
Average number of tracks per gCell 0.35	 on layer (10)	 MRDL
Number of gCells = 204480
[updNetsDmd] Elapsed real time: 0:00:00 
[updNetsDmd] Elapsed cpu  time: sys=0:00:00 usr=0:00:00 total=0:00:00
Created 1 thread routing service with costIdx = 3. (tbbMode 1)
GR Routing Service: Setting costIdx to 3 
rtapi Thread-server 0: startup 
GR Routing Service: loadPermBufBlockages 

Clock-opt optimization Phase 21 Iter  1         0.00        0.00      0.01        17      33059.56  960525888.00        8156              0.04      1476

Corner Scaling is off, multiplier is 1.000000
ndr _snps_autoNdr_delay_1w3s is auto ndr
ndr _snps_autoNdr_power is auto ndr
Clock-opt optimization Phase 22 Iter  1         0.00        0.00      0.01        17      33056.00  960299392.00        8154              0.04      1476
Clock-opt optimization Phase 22 Iter  2         0.00        0.00      0.01        17      33056.00  960299392.00        8154              0.04      1476
Clock-opt optimization Phase 22 Iter  3         0.00        0.00      0.01         2      33064.64  961269696.00        8154              0.04      1476
Corner Scaling is off, multiplier is 1.000000
ndr _snps_autoNdr_delay_1w3s is auto ndr
ndr _snps_autoNdr_power is auto ndr
Clock-opt optimization Phase 22 Iter  4         0.00        0.00      0.01         2      33064.64  961269696.00        8154              0.04      1476
Corner Scaling is off, multiplier is 1.000000
ndr _snps_autoNdr_delay_1w3s is auto ndr
ndr _snps_autoNdr_power is auto ndr
Clock-opt optimization Phase 22 Iter  5         0.00        0.00      0.01         2      33064.64  961269696.00        8154              0.04      1476
Clock-opt optimization summary            SETUP-COST    R2R-COST HOLD-COST LDRC-COST          AREA     LEAKAGE     INSTCNT            ELAPSE       MEM
Clock-opt optimization Phase 22 Iter  6         0.00        0.00      0.01         2      33064.64  961269696.00        8154              0.04      1476
INFO: Restore MV PD Boundary Restriction

Clock-opt optimization Phase 23 Iter  1         0.00        0.00      0.01         1      33064.64  961269696.00        8156              0.04      1476
Clock-opt optimization Phase 23 Iter  2         0.00        0.00      0.01         1      33064.64  961269696.00        8156              0.04      1476
Clock-opt optimization Phase 23 Iter  3         0.00        0.00      0.01         1      33064.64  961269696.00        8156              0.04      1476
Clock-opt optimization Phase 23 Iter  4         0.00        0.00      0.01         1      33064.64  961269696.00        8156              0.04      1476
Clock-opt optimization Phase 23 Iter  5         0.00        0.00      0.01         1      33064.64  961269696.00        8156              0.04      1476
Clock-opt optimization Phase 23 Iter  6         0.00        0.00      0.01         1      33064.64  961269696.00        8156              0.04      1476
Clock-opt optimization Phase 23 Iter  7         0.00        0.00      0.01         1      33064.64  961269696.00        8156              0.04      1476
Clock-opt optimization Phase 23 Iter  8         0.00        0.00      0.01         1      33064.64  961269696.00        8156              0.04      1476
Clock-opt optimization Phase 23 Iter  9         0.00        0.00      0.01         1      33064.64  961269696.00        8156              0.04      1476
Clock-opt optimization Phase 23 Iter 10         0.00        0.00      0.01         1      33064.64  961269696.00        8156              0.04      1476
PBO-MultiScenePg: 0 total problems
Corner Scaling is off, multiplier is 1.000000
ndr _snps_autoNdr_delay_1w3s is auto ndr
ndr _snps_autoNdr_power is auto ndr
Clock-opt optimization Phase 23 Iter 11         0.00        0.00      0.01         1      33064.64  961269696.00        8156              0.04      1476
PBO-MultiScenePg: 0 total problems
Clock-opt optimization Phase 23 Iter 12         0.00        0.00      0.01         1      33064.64  961269696.00        8156              0.04      1476
Corner Scaling is off, multiplier is 1.000000
ndr _snps_autoNdr_delay_1w3s is auto ndr
ndr _snps_autoNdr_power is auto ndr
Clock-opt optimization Phase 23 Iter 13         0.00        0.00      0.01         1      33064.64  961269696.00        8156              0.04      1476
Corner Scaling is off, multiplier is 1.000000
ndr _snps_autoNdr_delay_1w3s is auto ndr
ndr _snps_autoNdr_power is auto ndr
Clock-opt optimization Phase 23 Iter 14         0.00        0.00      0.01         1      33064.64  961269696.00        8156              0.04      1476

Clock-opt optimization Phase 24 Iter  1         0.00        0.00      0.01         1      33064.64  961269696.00        8156              0.04      1476
Information: The value of option cts.compile.enable_cell_relocation has been overridden to "leaf_only" to support latency-driven placement. (CTS-973)
Information: CTS will work on the following scenarios. (CTS-101)
   default	(Mode: default; Corner: default)
Information: CTS will work on all clocks in active scenarios, including 1 master clocks and 0 generated clocks. (CTS-107)
Output units used in this log:
   Time        : 1.00ns
   Resistance  : 1.00MOhm
   Capacitance : 1.00fF
   Power       : 1.00pW
   Length      : 1.00um
Information: Clock derating is enabled

CTS related app options set by user:
   cts.common.enable_ndr_enhancement = 1
   cts.optimize.enable_via_ladder = true
   cts.optimize.honor_max_net_length = true
   cts.optimize.patch_route_keep_topology = 1
   cts.optimize.problem_generator_enhancement_revision = 1
   cts.optimize.respect_preserved_hier_port = true

Buffer/Inverter reference list for clock tree synthesis:
   saed32rvt_base_frame_timing/DELLN1X2_RVT
   saed32rvt_base_frame_timing/DELLN2X2_RVT
   saed32rvt_base_frame_timing/DELLN3X2_RVT
   saed32rvt_base_frame_timing/NBUFFX16_RVT
   saed32rvt_base_frame_timing/NBUFFX2_RVT
   saed32rvt_base_frame_timing/NBUFFX32_RVT
   saed32rvt_base_frame_timing/NBUFFX4_RVT
   saed32rvt_base_frame_timing/NBUFFX8_RVT
   saed32rvt_base_frame_timing/AOBUFX1_RVT
   saed32rvt_base_frame_timing/AOBUFX2_RVT
   saed32rvt_base_frame_timing/AOBUFX4_RVT
   saed32rvt_base_frame_timing/IBUFFX16_RVT
   saed32rvt_base_frame_timing/IBUFFX2_RVT
   saed32rvt_base_frame_timing/IBUFFX32_RVT
   saed32rvt_base_frame_timing/IBUFFX4_RVT
   saed32rvt_base_frame_timing/IBUFFX8_RVT
   saed32rvt_base_frame_timing/INVX0_RVT
   saed32rvt_base_frame_timing/INVX16_RVT
   saed32rvt_base_frame_timing/INVX1_RVT
   saed32rvt_base_frame_timing/INVX2_RVT
   saed32rvt_base_frame_timing/INVX32_RVT
   saed32rvt_base_frame_timing/INVX4_RVT
   saed32rvt_base_frame_timing/INVX8_RVT
   saed32rvt_base_frame_timing/AOINVX1_RVT
   saed32rvt_base_frame_timing/AOINVX2_RVT
   saed32rvt_base_frame_timing/AOINVX4_RVT

ICG reference list:
   saed32rvt_base_frame_timing/CGLNPRX2_RVT
   saed32rvt_base_frame_timing/CGLNPRX8_RVT
   saed32rvt_base_frame_timing/CGLNPSX16_RVT
   saed32rvt_base_frame_timing/CGLNPSX2_RVT
   saed32rvt_base_frame_timing/CGLNPSX4_RVT
   saed32rvt_base_frame_timing/CGLNPSX8_RVT
   saed32rvt_base_frame_timing/CGLPPRX2_RVT
   saed32rvt_base_frame_timing/CGLPPRX8_RVT
   saed32rvt_base_frame_timing/CGLPPSX16_RVT
   saed32rvt_base_frame_timing/CGLPPSX2_RVT
   saed32rvt_base_frame_timing/CGLPPSX4_RVT
   saed32rvt_base_frame_timing/CGLPPSX8_RVT


register reference list:
   saed32rvt_base_frame_timing/AODFFARX1_RVT
   saed32rvt_base_frame_timing/AODFFARX2_RVT
   saed32rvt_base_frame_timing/AODFFNARX1_RVT
   saed32rvt_base_frame_timing/AODFFNARX2_RVT
   saed32rvt_base_frame_timing/DFFARX1_RVT
   saed32rvt_base_frame_timing/DFFARX2_RVT
   saed32rvt_base_frame_timing/DFFASRX1_RVT
   saed32rvt_base_frame_timing/DFFASRX2_RVT
   saed32rvt_base_frame_timing/DFFASX1_RVT
   saed32rvt_base_frame_timing/DFFASX2_RVT
   saed32rvt_base_frame_timing/DFFNARX1_RVT
   saed32rvt_base_frame_timing/DFFNARX2_RVT
   saed32rvt_base_frame_timing/DFFNASRNX1_RVT
   saed32rvt_base_frame_timing/DFFNASRNX2_RVT
   saed32rvt_base_frame_timing/DFFNASRQX1_RVT
   saed32rvt_base_frame_timing/DFFNASRQX2_RVT
   saed32rvt_base_frame_timing/DFFNASRX1_RVT
   saed32rvt_base_frame_timing/DFFNASRX2_RVT
   saed32rvt_base_frame_timing/DFFNASX1_RVT
   saed32rvt_base_frame_timing/DFFNASX2_RVT
   saed32rvt_base_frame_timing/DFFNX1_RVT
   saed32rvt_base_frame_timing/DFFNX2_RVT
   saed32rvt_base_frame_timing/DFFSSRX1_RVT
   saed32rvt_base_frame_timing/DFFSSRX2_RVT
   saed32rvt_base_frame_timing/DFFX1_RVT
   saed32rvt_base_frame_timing/DFFX2_RVT
   saed32rvt_base_frame_timing/LARX1_RVT
   saed32rvt_base_frame_timing/LARX2_RVT
   saed32rvt_base_frame_timing/LASRNX1_RVT
   saed32rvt_base_frame_timing/LASRNX2_RVT
   saed32rvt_base_frame_timing/LASRQX1_RVT
   saed32rvt_base_frame_timing/LASRQX2_RVT
   saed32rvt_base_frame_timing/LASRX1_RVT
   saed32rvt_base_frame_timing/LASRX2_RVT
   saed32rvt_base_frame_timing/LASX1_RVT
   saed32rvt_base_frame_timing/LASX2_RVT
   saed32rvt_base_frame_timing/LATCHX1_RVT
   saed32rvt_base_frame_timing/LATCHX2_RVT
   saed32rvt_base_frame_timing/LNANDX1_RVT
   saed32rvt_base_frame_timing/LNANDX2_RVT
   saed32rvt_base_frame_timing/RDFFARX1_RVT
   saed32rvt_base_frame_timing/RDFFARX2_RVT
   saed32rvt_base_frame_timing/RDFFNARX1_RVT
   saed32rvt_base_frame_timing/RDFFNARX2_RVT
   saed32rvt_base_frame_timing/RDFFNSRARX1_RVT
   saed32rvt_base_frame_timing/RDFFNSRARX2_RVT
   saed32rvt_base_frame_timing/RDFFNSRASRNX1_RVT
   saed32rvt_base_frame_timing/RDFFNSRASRNX2_RVT
   saed32rvt_base_frame_timing/RDFFNSRASRQX1_RVT
   saed32rvt_base_frame_timing/RDFFNSRASRQX2_RVT
   saed32rvt_base_frame_timing/RDFFNSRASRX1_RVT
   saed32rvt_base_frame_timing/RDFFNSRASRX2_RVT
   saed32rvt_base_frame_timing/RDFFNSRASX1_RVT
   saed32rvt_base_frame_timing/RDFFNSRASX2_RVT
   saed32rvt_base_frame_timing/RDFFNSRX1_RVT
   saed32rvt_base_frame_timing/RDFFNSRX2_RVT
   saed32rvt_base_frame_timing/RDFFNX1_RVT
   saed32rvt_base_frame_timing/RDFFNX2_RVT
   saed32rvt_base_frame_timing/RDFFSRARX1_RVT
   saed32rvt_base_frame_timing/RDFFSRARX2_RVT
   saed32rvt_base_frame_timing/RDFFSRASRX1_RVT
   saed32rvt_base_frame_timing/RDFFSRASRX2_RVT
   saed32rvt_base_frame_timing/RDFFSRASX1_RVT
   saed32rvt_base_frame_timing/RDFFSRASX2_RVT
   saed32rvt_base_frame_timing/RDFFSRSSRX1_RVT
   saed32rvt_base_frame_timing/RDFFSRX1_RVT
   saed32rvt_base_frame_timing/RDFFSRX2_RVT
   saed32rvt_base_frame_timing/RDFFX1_RVT
   saed32rvt_base_frame_timing/RDFFX2_RVT
   saed32rvt_base_frame_timing/RSDFFARX1_RVT
   saed32rvt_base_frame_timing/RSDFFARX2_RVT
   saed32rvt_base_frame_timing/RSDFFNARX1_RVT
   saed32rvt_base_frame_timing/RSDFFNARX2_RVT
   saed32rvt_base_frame_timing/RSDFFNSRARX1_RVT
   saed32rvt_base_frame_timing/RSDFFNSRARX2_RVT
   saed32rvt_base_frame_timing/RSDFFNSRASRNX1_RVT
   saed32rvt_base_frame_timing/RSDFFNSRASRNX2_RVT
   saed32rvt_base_frame_timing/RSDFFNSRASRQX1_RVT
   saed32rvt_base_frame_timing/RSDFFNSRASRQX2_RVT
   saed32rvt_base_frame_timing/RSDFFNSRASRX1_RVT
   saed32rvt_base_frame_timing/RSDFFNSRASRX2_RVT
   saed32rvt_base_frame_timing/RSDFFNSRASX1_RVT
   saed32rvt_base_frame_timing/RSDFFNSRASX2_RVT
   saed32rvt_base_frame_timing/RSDFFNSRX1_RVT
   saed32rvt_base_frame_timing/RSDFFNSRX2_RVT
   saed32rvt_base_frame_timing/RSDFFNX1_RVT
   saed32rvt_base_frame_timing/RSDFFNX2_RVT
   saed32rvt_base_frame_timing/RSDFFSRARX1_RVT
   saed32rvt_base_frame_timing/RSDFFSRARX2_RVT
   saed32rvt_base_frame_timing/RSDFFSRASRX1_RVT
   saed32rvt_base_frame_timing/RSDFFSRASRX2_RVT
   saed32rvt_base_frame_timing/RSDFFSRASX1_RVT
   saed32rvt_base_frame_timing/RSDFFSRASX2_RVT
   saed32rvt_base_frame_timing/RSDFFSRSSRX1_RVT
   saed32rvt_base_frame_timing/RSDFFSRSSRX2_RVT
   saed32rvt_base_frame_timing/RSDFFSRX1_RVT
   saed32rvt_base_frame_timing/RSDFFSRX2_RVT
   saed32rvt_base_frame_timing/RSDFFX1_RVT
   saed32rvt_base_frame_timing/RSDFFX2_RVT
   saed32rvt_base_frame_timing/SDFFARX1_RVT
   saed32rvt_base_frame_timing/SDFFARX2_RVT
   saed32rvt_base_frame_timing/SDFFASRSX1_RVT
   saed32rvt_base_frame_timing/SDFFASRSX2_RVT
   saed32rvt_base_frame_timing/SDFFASRX1_RVT
   saed32rvt_base_frame_timing/SDFFASRX2_RVT
   saed32rvt_base_frame_timing/SDFFASX1_RVT
   saed32rvt_base_frame_timing/SDFFASX2_RVT
   saed32rvt_base_frame_timing/SDFFNARX1_RVT
   saed32rvt_base_frame_timing/SDFFNARX2_RVT
   saed32rvt_base_frame_timing/SDFFNASRX1_RVT
   saed32rvt_base_frame_timing/SDFFNASRX2_RVT
   saed32rvt_base_frame_timing/SDFFNASX1_RVT
   saed32rvt_base_frame_timing/SDFFNASX2_RVT
   saed32rvt_base_frame_timing/SDFFNX1_RVT
   saed32rvt_base_frame_timing/SDFFNX2_RVT
   saed32rvt_base_frame_timing/SDFFSSRX1_RVT
   saed32rvt_base_frame_timing/SDFFSSRX2_RVT
   saed32rvt_base_frame_timing/SDFFX1_RVT
   saed32rvt_base_frame_timing/SDFFX2_RVT

Information: 'default' is identified as primary corner for initial clock tree building. (CTS-103)
Warning: No clock routing rule is specified. (CTS-038)

Clock cell spacing rule list:
   No clock cell spacing rule is found.
DBG: ccdInfra::ccdInfra
Drc Mode Option: auto
Information: Legalizer's PDC rule check is NOT enabled
Information: Legalizer's advanced rule check is NOT enabled
DBG: ccdInfra::initAppOptions
DBG: ccdInfra::initCtsFixedBalancePins
CCD initialization runtime: cpu 0.028374, elapsed 0.028420, speed up 0.998381.

CCD-Info: App options set by user
   ccd.hold_control_effort = medium
   clock_opt.flow.optimize_ndr = true

CCD: Netlist change observers are disabled for incremental timing updates
Information: The netlist change observers are disabled for incremental timing updates. (TIM-119)
Information: The timing has been updated before disabling netlist and extraction change observers. (TIM-121)
CCD: using 1 threads
CTSSC route status detected: clock (VR 0, GR 311, DR 5082), data (VR 0, GR 45450, DR 0); stage = auto, isPostRoute = FALSE
INFO: optApi switch to CTS purpose
Information: Creating classic rule checker.
Warning: Routing direction of metal layer PO is neither "horizontal" nor "vertical".  PDC checks will not be performed on this layer. (PDC-003)
PDC app_options settings =========
	place.legalize.enable_prerouted_net_check: 1
	place.legalize.num_tracks_for_access_check: 1
	place.legalize.use_eol_spacing_for_access_check: 0
	place.legalize.allow_touch_track_for_access_check: 1
	place.legalize.reduce_conservatism_in_eol_check: 0
	place.legalize.preroute_shape_merge_distance: 0.0
	place.legalize.enable_non_preferred_direction_span_check: 0

Layer M1: cached 0 shapes out of 7161 total shapes.
Cached 1442 vias out of 75194 total vias.
enhanced site row merge :  1
Key: unit, value: 0x9a8068e8
Number of Site types in the design = 1
Total power = 1.071795, Leakage = 0.961270, Internal = 0.078664, Switching = 0.031861
Information: 'default' is identified as primary corner for initial clock tree building. (CTS-103)
Info: message level of flow 26 unknown flow is set as 0/1 for verbose/tMessage

CCD: Initial QOR:
---------------------------------------------------------------------------------------------
 Design (setup) WNS = 60.089321, TNS = 0.000000, NVP = 0
 Design (hold) WNHS = -0.008411, TNHS = -0.008411, NHVP = 1

    Scenario default  WNS = 60.089321, TNS = 0.000000, NVP = 0
    Scenario default  WNHS = -0.008411, TNHS = -0.008411, NHVP = 1
    Scenario default
       Path Group **in2reg_default**  WNS = 60.089321, TNS = 0.000000, NVP = 0
       Path Group **reg2out_default**  WNS = 187.107315, TNS = 0.000000, NVP = 0
       Path Group clk  WNS = 201.963318, TNS = 0.000000, NVP = 0
    Scenario default
       Path Group **reg2out_default**  WNHS = -0.008411, TNHS = -0.008411, NHVP = 1
       Path Group clk  WNHS = 0.017170, TNHS = 0.000000, NHVP = 0
       Path Group **in2reg_default**  WNHS = 0.028777, TNHS = 0.000000, NHVP = 0
---------------------------------------------------------------------------------------------
CCD-QoR: Timing: WNS = 60.089, TNS = 0.000, NVP = 0, UNWEIGHTED_TNS = 0.000, WNHS = -0.008, TNHS = -0.008, NHVP = 1, UNWEIGHTED_TNHS = -0.008, R2R(wns=201.963318, tns=0.000000, nvp=0)
Info: message level of flow 12 ccdDrc is set as 0/1 for verbose/tMessage

CCD: Before drc optimization

Information: There is no DRC violation or all DRC violations are not fixable.

    Optimization Summary 		

-------------------------------------------------

	# Drivers Attempted               =          0
	# Skipped during isValid and estimate          =          0
	# Failed subgraph evaluation           =          0
	# Failed main graph committ          =          0
	# Successful main graph commit      =          0
	# NumCTCells changed               =          0


	# Total CPU time                  = 00h:00m:00s
	# Total elapsed time              = 00h:00m:00s
	# Flow total speed up             =     0.9996

-------------------------------------------------


CCD: After drc optimization:
---------------------------------------------------------------------------------------------
 Design (setup) WNS = 60.089321, TNS = 0.000000, NVP = 0
 Design (hold) WNHS = -0.008411, TNHS = -0.008411, NHVP = 1

    Scenario default  WNS = 60.089321, TNS = 0.000000, NVP = 0
    Scenario default  WNHS = -0.008411, TNHS = -0.008411, NHVP = 1
    Scenario default
       Path Group **in2reg_default**  WNS = 60.089321, TNS = 0.000000, NVP = 0
       Path Group **reg2out_default**  WNS = 187.107315, TNS = 0.000000, NVP = 0
       Path Group clk  WNS = 201.963318, TNS = 0.000000, NVP = 0
    Scenario default
       Path Group **reg2out_default**  WNHS = -0.008411, TNHS = -0.008411, NHVP = 1
       Path Group clk  WNHS = 0.017170, TNHS = 0.000000, NHVP = 0
       Path Group **in2reg_default**  WNHS = 0.028777, TNHS = 0.000000, NHVP = 0
---------------------------------------------------------------------------------------------
CCD-QoR: Timing: WNS = 60.089, TNS = 0.000, NVP = 0, UNWEIGHTED_TNS = 0.000, WNHS = -0.008, TNHS = -0.008, NHVP = 1, UNWEIGHTED_TNHS = -0.008, R2R(wns=201.963318, tns=0.000000, nvp=0)

Information: There is no DRC violation or all DRC violations are not fixable.
Info: message level of flow 12 ccdDrc is set back as 0/1 for verbose/tMessage
Info: message level of flow 3 ccdTns is set as 0/1 for verbose/tMessage
Skip CG CCD because wns violation is under threshold.
Info: message level of flow 3 ccdTns is set back as 0/1 for verbose/tMessage

CCD: After CG based optimization:
---------------------------------------------------------------------------------------------
 Design (setup) WNS = 60.089321, TNS = 0.000000, NVP = 0
 Design (hold) WNHS = -0.008411, TNHS = -0.008411, NHVP = 1

    Scenario default  WNS = 60.089321, TNS = 0.000000, NVP = 0
    Scenario default  WNHS = -0.008411, TNHS = -0.008411, NHVP = 1
    Scenario default
       Path Group **in2reg_default**  WNS = 60.089321, TNS = 0.000000, NVP = 0
       Path Group **reg2out_default**  WNS = 187.107315, TNS = 0.000000, NVP = 0
       Path Group clk  WNS = 201.963318, TNS = 0.000000, NVP = 0
    Scenario default
       Path Group **reg2out_default**  WNHS = -0.008411, TNHS = -0.008411, NHVP = 1
       Path Group clk  WNHS = 0.017170, TNHS = 0.000000, NHVP = 0
       Path Group **in2reg_default**  WNHS = 0.028777, TNHS = 0.000000, NHVP = 0
---------------------------------------------------------------------------------------------
CCD-QoR: Timing: WNS = 60.089, TNS = 0.000, NVP = 0, UNWEIGHTED_TNS = 0.000, WNHS = -0.008, TNHS = -0.008, NHVP = 1, UNWEIGHTED_TNHS = -0.008, R2R(wns=201.963318, tns=0.000000, nvp=0)
Info: message level of flow 26 unknown flow is set back as 0/1 for verbose/tMessage
Information: The netlist change observers are enabled for incremental timing updates. (TIM-120)
Route Cleanup and Reuse: 0 shapes being reused for 0 clock nets
INFO: optApi switch to OPTO purpose
enhanced site row merge :  1
Key: unit, value: 0xc2527428
Number of Site types in the design = 1
 CCD flow runtime: cpu 0.179637, elapsed 0.179923, speed up 0.998410.
Mark clock trees...
Marking clock synthesized attributes

Marking spacing rules

Clock cell spacing rule list:
   No clock cell spacing rule is found.

Summary of messages during CTS:
===============================================================
  Tag   Count  Type           Description
---------------------------------------------------------------
CTS-038    1  Warning  No clock routing rule is specified.
INFO: cellmap features:  adv-rules=(N), pdc=(N), clock-rules=(Y)

Enable clock slack update
INFO: cellmap features:  adv-rules=(Y), pdc=(Y), clock-rules=(Y)
Clock-opt optimization Phase 25 Iter  1         0.00        0.00      0.01         1      33064.64  961269696.00        8156              0.04      1476
INFO: cellmap features:  adv-rules=(N), pdc=(N), clock-rules=(Y)

Clock-opt optimization Phase 26 Iter  1         0.00        0.00      0.01         1      33064.64  961269696.00        8156              0.04      1476
Clock-opt optimization Phase 26 Iter  2         0.00        0.00      0.01         1      33064.64  961269696.00        8156              0.04      1476
Clock-opt optimization Phase 26 Iter  3         0.00        0.00      0.01         1      33064.64  961269696.00        8156              0.04      1476
Clock-opt optimization Phase 26 Iter  4         0.00        0.00      0.01         1      33064.64  961269696.00        8156              0.04      1476
Clock-opt optimization Phase 26 Iter  5         0.00        0.00      0.01         1      33064.64  961269696.00        8156              0.04      1476
Clock-opt optimization Phase 26 Iter  6         0.00        0.00      0.01         1      33064.64  961269696.00        8156              0.04      1476
Clock-opt optimization Phase 26 Iter  7         0.00        0.00      0.01         1      33064.64  961269696.00        8156              0.04      1476
Clock-opt optimization Phase 26 Iter  8         0.00        0.00      0.01         1      33064.64  961269696.00        8156              0.04      1476
Clock-opt optimization Phase 26 Iter  9         0.00        0.00      0.01         1      33064.64  961269696.00        8156              0.04      1476
Clock-opt optimization Phase 26 Iter 10         0.00        0.00      0.01         1      33064.64  961269696.00        8156              0.04      1476
PBO-MultiScenePg: 0 total problems
Corner Scaling is off, multiplier is 1.000000
ndr _snps_autoNdr_delay_1w3s is auto ndr
ndr _snps_autoNdr_power is auto ndr
Clock-opt optimization Phase 26 Iter 11         0.00        0.00      0.01         1      33064.64  961269696.00        8156              0.04      1476
PBO-MultiScenePg: 0 total problems
Clock-opt optimization Phase 26 Iter 12         0.00        0.00      0.01         1      33064.64  961269696.00        8156              0.04      1476
Corner Scaling is off, multiplier is 1.000000
ndr _snps_autoNdr_delay_1w3s is auto ndr
ndr _snps_autoNdr_power is auto ndr
Clock-opt optimization summary            SETUP-COST    R2R-COST HOLD-COST LDRC-COST          AREA     LEAKAGE     INSTCNT            ELAPSE       MEM
Clock-opt optimization Phase 26 Iter 13         0.00        0.00      0.01         1      33064.64  961269696.00        8156              0.04      1476
Corner Scaling is off, multiplier is 1.000000
ndr _snps_autoNdr_delay_1w3s is auto ndr
ndr _snps_autoNdr_power is auto ndr
Clock-opt optimization Phase 26 Iter 14         0.00        0.00      0.01         1      33064.64  961269696.00        8156              0.04      1476
Corner Scaling is off, multiplier is 1.000000
ndr _snps_autoNdr_delay_1w3s is auto ndr
ndr _snps_autoNdr_power is auto ndr
Corner Scaling is off, multiplier is 1.000000
ndr _snps_autoNdr_delay_1w3s is auto ndr
ndr _snps_autoNdr_power is auto ndr
Clock-opt optimization Phase 26 Iter 15         0.00        0.00      0.01         1      33064.64  961269696.00        8156              0.04      1476
Corner Scaling is off, multiplier is 1.000000
ndr _snps_autoNdr_delay_1w3s is auto ndr
ndr _snps_autoNdr_power is auto ndr
Corner Scaling is off, multiplier is 1.000000
ndr _snps_autoNdr_delay_1w3s is auto ndr
ndr _snps_autoNdr_power is auto ndr
Clock-opt optimization Phase 26 Iter 16         0.00        0.00      0.01         1      33064.64  961269696.00        8156              0.04      1476

Clock-opt optimization Phase 27 Iter  1         0.00        0.00      0.01         1      33064.64  961269696.00        8156              0.04      1476
Information: The value of option cts.compile.enable_cell_relocation has been overridden to "leaf_only" to support latency-driven placement. (CTS-973)
Information: CTS will work on the following scenarios. (CTS-101)
   default	(Mode: default; Corner: default)
Information: CTS will work on all clocks in active scenarios, including 1 master clocks and 0 generated clocks. (CTS-107)
Output units used in this log:
   Time        : 1.00ns
   Resistance  : 1.00MOhm
   Capacitance : 1.00fF
   Power       : 1.00pW
   Length      : 1.00um
Information: Clock derating is enabled

CTS related app options set by user:
   cts.common.enable_ndr_enhancement = 1
   cts.optimize.enable_via_ladder = true
   cts.optimize.honor_max_net_length = true
   cts.optimize.patch_route_keep_topology = 1
   cts.optimize.problem_generator_enhancement_revision = 1
   cts.optimize.respect_preserved_hier_port = true

Buffer/Inverter reference list for clock tree synthesis:
   saed32rvt_base_frame_timing/DELLN1X2_RVT
   saed32rvt_base_frame_timing/DELLN2X2_RVT
   saed32rvt_base_frame_timing/DELLN3X2_RVT
   saed32rvt_base_frame_timing/NBUFFX16_RVT
   saed32rvt_base_frame_timing/NBUFFX2_RVT
   saed32rvt_base_frame_timing/NBUFFX32_RVT
   saed32rvt_base_frame_timing/NBUFFX4_RVT
   saed32rvt_base_frame_timing/NBUFFX8_RVT
   saed32rvt_base_frame_timing/AOBUFX1_RVT
   saed32rvt_base_frame_timing/AOBUFX2_RVT
   saed32rvt_base_frame_timing/AOBUFX4_RVT
   saed32rvt_base_frame_timing/IBUFFX16_RVT
   saed32rvt_base_frame_timing/IBUFFX2_RVT
   saed32rvt_base_frame_timing/IBUFFX32_RVT
   saed32rvt_base_frame_timing/IBUFFX4_RVT
   saed32rvt_base_frame_timing/IBUFFX8_RVT
   saed32rvt_base_frame_timing/INVX0_RVT
   saed32rvt_base_frame_timing/INVX16_RVT
   saed32rvt_base_frame_timing/INVX1_RVT
   saed32rvt_base_frame_timing/INVX2_RVT
   saed32rvt_base_frame_timing/INVX32_RVT
   saed32rvt_base_frame_timing/INVX4_RVT
   saed32rvt_base_frame_timing/INVX8_RVT
   saed32rvt_base_frame_timing/AOINVX1_RVT
   saed32rvt_base_frame_timing/AOINVX2_RVT
   saed32rvt_base_frame_timing/AOINVX4_RVT

ICG reference list:
   saed32rvt_base_frame_timing/CGLNPRX2_RVT
   saed32rvt_base_frame_timing/CGLNPRX8_RVT
   saed32rvt_base_frame_timing/CGLNPSX16_RVT
   saed32rvt_base_frame_timing/CGLNPSX2_RVT
   saed32rvt_base_frame_timing/CGLNPSX4_RVT
   saed32rvt_base_frame_timing/CGLNPSX8_RVT
   saed32rvt_base_frame_timing/CGLPPRX2_RVT
   saed32rvt_base_frame_timing/CGLPPRX8_RVT
   saed32rvt_base_frame_timing/CGLPPSX16_RVT
   saed32rvt_base_frame_timing/CGLPPSX2_RVT
   saed32rvt_base_frame_timing/CGLPPSX4_RVT
   saed32rvt_base_frame_timing/CGLPPSX8_RVT


register reference list:
   saed32rvt_base_frame_timing/AODFFARX1_RVT
   saed32rvt_base_frame_timing/AODFFARX2_RVT
   saed32rvt_base_frame_timing/AODFFNARX1_RVT
   saed32rvt_base_frame_timing/AODFFNARX2_RVT
   saed32rvt_base_frame_timing/DFFARX1_RVT
   saed32rvt_base_frame_timing/DFFARX2_RVT
   saed32rvt_base_frame_timing/DFFASRX1_RVT
   saed32rvt_base_frame_timing/DFFASRX2_RVT
   saed32rvt_base_frame_timing/DFFASX1_RVT
   saed32rvt_base_frame_timing/DFFASX2_RVT
   saed32rvt_base_frame_timing/DFFNARX1_RVT
   saed32rvt_base_frame_timing/DFFNARX2_RVT
   saed32rvt_base_frame_timing/DFFNASRNX1_RVT
   saed32rvt_base_frame_timing/DFFNASRNX2_RVT
   saed32rvt_base_frame_timing/DFFNASRQX1_RVT
   saed32rvt_base_frame_timing/DFFNASRQX2_RVT
   saed32rvt_base_frame_timing/DFFNASRX1_RVT
   saed32rvt_base_frame_timing/DFFNASRX2_RVT
   saed32rvt_base_frame_timing/DFFNASX1_RVT
   saed32rvt_base_frame_timing/DFFNASX2_RVT
   saed32rvt_base_frame_timing/DFFNX1_RVT
   saed32rvt_base_frame_timing/DFFNX2_RVT
   saed32rvt_base_frame_timing/DFFSSRX1_RVT
   saed32rvt_base_frame_timing/DFFSSRX2_RVT
   saed32rvt_base_frame_timing/DFFX1_RVT
   saed32rvt_base_frame_timing/DFFX2_RVT
   saed32rvt_base_frame_timing/LARX1_RVT
   saed32rvt_base_frame_timing/LARX2_RVT
   saed32rvt_base_frame_timing/LASRNX1_RVT
   saed32rvt_base_frame_timing/LASRNX2_RVT
   saed32rvt_base_frame_timing/LASRQX1_RVT
   saed32rvt_base_frame_timing/LASRQX2_RVT
   saed32rvt_base_frame_timing/LASRX1_RVT
   saed32rvt_base_frame_timing/LASRX2_RVT
   saed32rvt_base_frame_timing/LASX1_RVT
   saed32rvt_base_frame_timing/LASX2_RVT
   saed32rvt_base_frame_timing/LATCHX1_RVT
   saed32rvt_base_frame_timing/LATCHX2_RVT
   saed32rvt_base_frame_timing/LNANDX1_RVT
   saed32rvt_base_frame_timing/LNANDX2_RVT
   saed32rvt_base_frame_timing/RDFFARX1_RVT
   saed32rvt_base_frame_timing/RDFFARX2_RVT
   saed32rvt_base_frame_timing/RDFFNARX1_RVT
   saed32rvt_base_frame_timing/RDFFNARX2_RVT
   saed32rvt_base_frame_timing/RDFFNSRARX1_RVT
   saed32rvt_base_frame_timing/RDFFNSRARX2_RVT
   saed32rvt_base_frame_timing/RDFFNSRASRNX1_RVT
   saed32rvt_base_frame_timing/RDFFNSRASRNX2_RVT
   saed32rvt_base_frame_timing/RDFFNSRASRQX1_RVT
   saed32rvt_base_frame_timing/RDFFNSRASRQX2_RVT
   saed32rvt_base_frame_timing/RDFFNSRASRX1_RVT
   saed32rvt_base_frame_timing/RDFFNSRASRX2_RVT
   saed32rvt_base_frame_timing/RDFFNSRASX1_RVT
   saed32rvt_base_frame_timing/RDFFNSRASX2_RVT
   saed32rvt_base_frame_timing/RDFFNSRX1_RVT
   saed32rvt_base_frame_timing/RDFFNSRX2_RVT
   saed32rvt_base_frame_timing/RDFFNX1_RVT
   saed32rvt_base_frame_timing/RDFFNX2_RVT
   saed32rvt_base_frame_timing/RDFFSRARX1_RVT
   saed32rvt_base_frame_timing/RDFFSRARX2_RVT
   saed32rvt_base_frame_timing/RDFFSRASRX1_RVT
   saed32rvt_base_frame_timing/RDFFSRASRX2_RVT
   saed32rvt_base_frame_timing/RDFFSRASX1_RVT
   saed32rvt_base_frame_timing/RDFFSRASX2_RVT
   saed32rvt_base_frame_timing/RDFFSRSSRX1_RVT
   saed32rvt_base_frame_timing/RDFFSRX1_RVT
   saed32rvt_base_frame_timing/RDFFSRX2_RVT
   saed32rvt_base_frame_timing/RDFFX1_RVT
   saed32rvt_base_frame_timing/RDFFX2_RVT
   saed32rvt_base_frame_timing/RSDFFARX1_RVT
   saed32rvt_base_frame_timing/RSDFFARX2_RVT
   saed32rvt_base_frame_timing/RSDFFNARX1_RVT
   saed32rvt_base_frame_timing/RSDFFNARX2_RVT
   saed32rvt_base_frame_timing/RSDFFNSRARX1_RVT
   saed32rvt_base_frame_timing/RSDFFNSRARX2_RVT
   saed32rvt_base_frame_timing/RSDFFNSRASRNX1_RVT
   saed32rvt_base_frame_timing/RSDFFNSRASRNX2_RVT
   saed32rvt_base_frame_timing/RSDFFNSRASRQX1_RVT
   saed32rvt_base_frame_timing/RSDFFNSRASRQX2_RVT
   saed32rvt_base_frame_timing/RSDFFNSRASRX1_RVT
   saed32rvt_base_frame_timing/RSDFFNSRASRX2_RVT
   saed32rvt_base_frame_timing/RSDFFNSRASX1_RVT
   saed32rvt_base_frame_timing/RSDFFNSRASX2_RVT
   saed32rvt_base_frame_timing/RSDFFNSRX1_RVT
   saed32rvt_base_frame_timing/RSDFFNSRX2_RVT
   saed32rvt_base_frame_timing/RSDFFNX1_RVT
   saed32rvt_base_frame_timing/RSDFFNX2_RVT
   saed32rvt_base_frame_timing/RSDFFSRARX1_RVT
   saed32rvt_base_frame_timing/RSDFFSRARX2_RVT
   saed32rvt_base_frame_timing/RSDFFSRASRX1_RVT
   saed32rvt_base_frame_timing/RSDFFSRASRX2_RVT
   saed32rvt_base_frame_timing/RSDFFSRASX1_RVT
   saed32rvt_base_frame_timing/RSDFFSRASX2_RVT
   saed32rvt_base_frame_timing/RSDFFSRSSRX1_RVT
   saed32rvt_base_frame_timing/RSDFFSRSSRX2_RVT
   saed32rvt_base_frame_timing/RSDFFSRX1_RVT
   saed32rvt_base_frame_timing/RSDFFSRX2_RVT
   saed32rvt_base_frame_timing/RSDFFX1_RVT
   saed32rvt_base_frame_timing/RSDFFX2_RVT
   saed32rvt_base_frame_timing/SDFFARX1_RVT
   saed32rvt_base_frame_timing/SDFFARX2_RVT
   saed32rvt_base_frame_timing/SDFFASRSX1_RVT
   saed32rvt_base_frame_timing/SDFFASRSX2_RVT
   saed32rvt_base_frame_timing/SDFFASRX1_RVT
   saed32rvt_base_frame_timing/SDFFASRX2_RVT
   saed32rvt_base_frame_timing/SDFFASX1_RVT
   saed32rvt_base_frame_timing/SDFFASX2_RVT
   saed32rvt_base_frame_timing/SDFFNARX1_RVT
   saed32rvt_base_frame_timing/SDFFNARX2_RVT
   saed32rvt_base_frame_timing/SDFFNASRX1_RVT
   saed32rvt_base_frame_timing/SDFFNASRX2_RVT
   saed32rvt_base_frame_timing/SDFFNASX1_RVT
   saed32rvt_base_frame_timing/SDFFNASX2_RVT
   saed32rvt_base_frame_timing/SDFFNX1_RVT
   saed32rvt_base_frame_timing/SDFFNX2_RVT
   saed32rvt_base_frame_timing/SDFFSSRX1_RVT
   saed32rvt_base_frame_timing/SDFFSSRX2_RVT
   saed32rvt_base_frame_timing/SDFFX1_RVT
   saed32rvt_base_frame_timing/SDFFX2_RVT

Information: 'default' is identified as primary corner for initial clock tree building. (CTS-103)
Warning: No clock routing rule is specified. (CTS-038)

Clock cell spacing rule list:
   No clock cell spacing rule is found.
CCD MOO settings for (gccd2gre, qor_tns): 2 engines
    Engine NONE_POWER has 9 objectives, 1 enabled moves, iterationLimit = 1, solverType = CG_LP, estimateFanoutPower = 0, mergeIOWithR2R = 0, areaOnly = 0, useOldEngine = 0, preponeOpt = 0
                tns300Cutoff = 300, capAllowance = 1.600000, cgccdScaleBack = 5, powerccdScaleBack = 0, needTrialSeedGeneration = 0, drcMargin = 0.000000, commitOneByOne = 0, offRoute=0
            NONE_POWER: priority 10, weight 20.000000, degradationPercentAllowed 0.005000, step back 0.150000, isTargeted 1, isMaximize 0
            R2R_TNS: priority 20, weight 2.000000, degradationPercentAllowed 0.001000, step back 0.100000, isTargeted 1, isMaximize 1
            SLOWR2R_TNS: priority 20, weight 2.000000, degradationPercentAllowed 0.001000, step back 0.100000, isTargeted 1, isMaximize 1
            HOLD_TNS: priority 30, weight 1.000000, degradationPercentAllowed 0.001000, step back 0.100000, isTargeted 1, isMaximize 1
            R2R_WNS: priority 40, weight 1.000000, degradationPercentAllowed 0.000000, step back 0.050000, isTargeted 1, isMaximize 1
            SLOWR2R_WNS: priority 40, weight 1.000000, degradationPercentAllowed 0.000000, step back 0.050000, isTargeted 1, isMaximize 1
            HOLD_WNS: priority 50, weight 1.000000, degradationPercentAllowed 0.000000, step back 0.050000, isTargeted 0, isMaximize 1
            IO_TNS: priority 60, weight 1.000000, degradationPercentAllowed 0.001000, step back 0.050000, isTargeted 0, isMaximize 1
            NONE_TOTAL_OFFSET: priority 100, weight 1.000000, degradationPercentAllowed nan, step back 0.050000, isTargeted 0, isMaximize 1
        Moves enabled: SIZE_REGISTER_POWER, 
    Engine NONE_POWER has 9 objectives, 1 enabled moves, iterationLimit = 1, solverType = CG_LP, estimateFanoutPower = 1, mergeIOWithR2R = 0, areaOnly = 0, useOldEngine = 0, preponeOpt = 0
                tns300Cutoff = 300, capAllowance = 100.000000, cgccdScaleBack = 5, powerccdScaleBack = 0, needTrialSeedGeneration = 0, drcMargin = 0.000000, commitOneByOne = 0, offRoute=0
            NONE_POWER: priority 10, weight 20.000000, degradationPercentAllowed 0.005000, step back 0.150000, isTargeted 1, isMaximize 0
            R2R_TNS: priority 20, weight 2.000000, degradationPercentAllowed 0.001000, step back 0.100000, isTargeted 1, isMaximize 1
            SLOWR2R_TNS: priority 20, weight 2.000000, degradationPercentAllowed 0.001000, step back 0.100000, isTargeted 1, isMaximize 1
            HOLD_TNS: priority 30, weight 1.000000, degradationPercentAllowed 0.001000, step back 0.100000, isTargeted 1, isMaximize 1
            R2R_WNS: priority 40, weight 1.000000, degradationPercentAllowed 0.000000, step back 0.050000, isTargeted 1, isMaximize 1
            SLOWR2R_WNS: priority 40, weight 1.000000, degradationPercentAllowed 0.000000, step back 0.050000, isTargeted 1, isMaximize 1
            HOLD_WNS: priority 50, weight 1.000000, degradationPercentAllowed 0.000000, step back 0.050000, isTargeted 0, isMaximize 1
            IO_TNS: priority 60, weight 1.000000, degradationPercentAllowed 0.001000, step back 0.050000, isTargeted 0, isMaximize 1
            NONE_TOTAL_OFFSET: priority 100, weight 1.000000, degradationPercentAllowed nan, step back 0.050000, isTargeted 0, isMaximize 1
        Moves enabled: SIZE_CLOCK_POWER, 
DBG: ccdInfra::ccdInfra
Drc Mode Option: auto
Information: Legalizer's PDC rule check is NOT enabled
Information: Legalizer's advanced rule check is NOT enabled
CCD blasted path groups
DBG: ccdInfra::initAppOptions
DBG: ccdInfra::initCtsFixedBalancePins
CCD initialization runtime: cpu 0.218445, elapsed 0.218764, speed up 0.998542.

CCD-Info: App options set by user
   ccd.hold_control_effort = medium
   clock_opt.flow.optimize_ndr = true

CCD: Netlist change observers are disabled for incremental timing updates
Information: The netlist change observers are disabled for incremental timing updates. (TIM-119)
Information: The timing has been updated before disabling netlist and extraction change observers. (TIM-121)
CCD: using 1 threads
CTSSC route status detected: clock (VR 0, GR 311, DR 5082), data (VR 0, GR 45450, DR 0); stage = auto, isPostRoute = FALSE
INFO: optApi switch to CTS purpose
enhanced site row merge :  1
Key: unit, value: 0xc54507f8
Number of Site types in the design = 1
Total power = 1.071795, Leakage = 0.961270, Internal = 0.078664, Switching = 0.031861
Information: 'default' is identified as primary corner for initial clock tree building. (CTS-103)
Info: message level of flow 26 unknown flow is set as 0/1 for verbose/tMessage

CCD: Initial QOR:
---------------------------------------------------------------------------------------------
 Design (setup) WNS = 60.089321, TNS = 0.000000, NVP = 0
 Design (hold) WNHS = -0.008411, TNHS = -0.008411, NHVP = 1

    Scenario default  WNS = 60.089321, TNS = 0.000000, NVP = 0
    Scenario default  WNHS = -0.008411, TNHS = -0.008411, NHVP = 1
---------------------------------------------------------------------------------------------
CCD-QoR: Timing: WNS = 60.089, TNS = 0.000, NVP = 0, UNWEIGHTED_TNS = 0.000, WNHS = -0.008, TNHS = -0.008, NHVP = 1, UNWEIGHTED_TNHS = -0.008, R2R(wns=201.963318, tns=0.000000, nvp=0)
 All scenarios used by CCD
    scenario 0: default , isDynamicPower, isLeakagePower, isMaxTran, isMaxCap
          mode: default, id = 0
          corner: default, id = 0
          isSetup: wns = 60.089321, unweighted tns = 0.000000
          isHold: wns = -0.008411, unweighted tns = -0.008411

Info: message level of flow 22 gccd2gre is set as 0/1 for verbose/tMessage
Enable clock slack update

    Optimization Summary 		

-------------------------------------------------

  # Seeds generated                              0
  # Valid linear regressions                     0
  # Seeds with valid budget                      0
  # Seeds with accepted implementation           0
  # NumCTCells changed                           0

  # Total number of cells sized                  0
  #   Number of clock gates sized                0
  #   Number of clock repeaters sized            0
  #   Number of registers sized                  0
  # Number of cells added                        0
  # Number of cells removed                      0
  # Number of cells relocated                    0
  # Number of cells flipped rotated              0

  # Total CPU time                               00h:00m:00s
  # Total elapsed time                           00h:00m:00s
  # Flow total speed up                          0.998754
  # Init lazy tns CPU time                       00h:00m:00s
  # Init lazy tns elapsed time                   00h:00m:00s
  # Init lazy tns speed up                       0.998776
  # Seed generation CPU time                     00h:00m:00s
  # Seed generation elapsed time                 00h:00m:00s
  # Seed generation speed up                     0.998698

-------------------------------------------------

Info: message level of flow 22 gccd2gre is set back as 0/1 for verbose/tMessage

CCD: After FMAX optimization:gccd2gre_NONE_POWER0
---------------------------------------------------------------------------------------------
 Design (setup) WNS = 60.089321, TNS = 0.000000, NVP = 0
 Design (hold) WNHS = -0.008411, TNHS = -0.008411, NHVP = 1

    Scenario default  WNS = 60.089321, TNS = 0.000000, NVP = 0
    Scenario default  WNHS = -0.008411, TNHS = -0.008411, NHVP = 1
---------------------------------------------------------------------------------------------
CCD-QoR: Timing: WNS = 60.089, TNS = 0.000, NVP = 0, UNWEIGHTED_TNS = 0.000, WNHS = -0.008, TNHS = -0.008, NHVP = 1, UNWEIGHTED_TNHS = -0.008, R2R(wns=201.963318, tns=0.000000, nvp=0)
Info: message level of flow 22 gccd2gre is set as 0/1 for verbose/tMessage

    Optimization Summary 		

-------------------------------------------------

  # Seeds generated                              3
  # Valid linear regressions                     1
  # Seeds with valid budget                      0
  # Seeds with accepted implementation           0
  # NumCTCells changed                           0

  # Total number of cells sized                  0
  #   Number of clock gates sized                0
  #   Number of clock repeaters sized            0
  # Number of cells added                        0
  # Number of cells removed                      0
  # Number of cells relocated                    0
  # Number of cells flipped rotated              0

  # Total CPU time                               00h:00m:00s
  # Total elapsed time                           00h:00m:00s
  # Flow total speed up                          0.998468
  # Init lazy tns CPU time                       00h:00m:00s
  # Init lazy tns elapsed time                   00h:00m:00s
  # Init lazy tns speed up                       0.998643
  # Seed generation CPU time                     00h:00m:00s
  # Seed generation elapsed time                 00h:00m:00s
  # Seed generation speed up                     0.998312
  # Linear regression CPU time                   00h:00m:00s
  # Linear regression elapsed time               00h:00m:00s
  # Linear regression speed up                   0.996968
  # LP solver CPU time                           00h:00m:00s
  # LP solver elapsed time                       00h:00m:00s
  # LP solver speed up                           0.998189
  # Breakdown of elapsed runtime for solver:     
     Lazy model initializations:                 0.82%
     Prepare moo/get initial QOR:                73.57%
     Commit/annotate budget:                     0.00%
     Solve runtime: 24.98% of which 6.41% is incremental-LP runtime
     Other:                                      0.63%

-------------------------------------------------

Info: message level of flow 22 gccd2gre is set back as 0/1 for verbose/tMessage

CCD: After FMAX optimization:gccd2gre_NONE_POWER1
---------------------------------------------------------------------------------------------
 Design (setup) WNS = 60.089321, TNS = 0.000000, NVP = 0
 Design (hold) WNHS = -0.008411, TNHS = -0.008411, NHVP = 1

    Scenario default  WNS = 60.089321, TNS = 0.000000, NVP = 0
    Scenario default  WNHS = -0.008411, TNHS = -0.008411, NHVP = 1
---------------------------------------------------------------------------------------------
CCD-QoR: Timing: WNS = 60.089, TNS = 0.000, NVP = 0, UNWEIGHTED_TNS = 0.000, WNHS = -0.008, TNHS = -0.008, NHVP = 1, UNWEIGHTED_TNHS = -0.008, R2R(wns=201.963318, tns=0.000000, nvp=0)
Info: message level of flow 26 unknown flow is set back as 0/1 for verbose/tMessage
Information: The netlist change observers are enabled for incremental timing updates. (TIM-120)
Route Cleanup and Reuse: 0 shapes being reused for 0 clock nets
INFO: optApi switch to OPTO purpose
enhanced site row merge :  1
Key: unit, value: 0x8d35b2c0
Number of Site types in the design = 1
 CCD flow runtime: cpu 0.597103, elapsed 0.597960, speed up 0.998567.
CCD unblasted path groups
Mark clock trees...
Marking clock synthesized attributes

Marking spacing rules

Clock cell spacing rule list:
   No clock cell spacing rule is found.

Summary of messages during CTS:
===============================================================
  Tag   Count  Type           Description
---------------------------------------------------------------
CTS-038    1  Warning  No clock routing rule is specified.
INFO: cellmap features:  adv-rules=(N), pdc=(N), clock-rules=(Y)

Enable clock slack update
INFO: cellmap features:  adv-rules=(Y), pdc=(Y), clock-rules=(Y)
Clock-opt optimization Phase 28 Iter  1         0.00        0.00      0.01         1      33064.64  961269696.00        8156              0.04      1558
INFO: cellmap features:  adv-rules=(N), pdc=(N), clock-rules=(Y)

Clock-opt optimization Phase 29 Iter  1         0.00        0.00      0.01         1      33064.64  961269696.00        8156              0.04      1558
Clock-opt optimization Phase 29 Iter  2         0.00        0.00      0.01         1      32920.54  950485440.00        8156              0.04      1558

Clock-opt optimization Phase 30 Iter  1         0.00        0.00      0.01         1      32909.87  949318784.00        8087              0.04      1558

Clock-opt optimization Phase 31 Iter  1         0.00        0.00      0.01         1      32909.87  949318784.00        8087              0.04      1558
Clock-opt optimization Phase 31 Iter  2         0.00        0.00      0.01         1      32911.90  949438272.00        8087              0.04      1558


Clock-opt route preserve complete         CPU:   147 s (  0.04 hr )  ELAPSE:   149 s (  0.04 hr )  MEM-PEAK:  1558 MB

INFO: Sending timing info to router
Information: The netlist change observers are enabled for incremental extraction. (TIM-127)
nplDplc2Placer::setParam(effort,1)
nplDplc2Placer::setParam(debug,0)
nplDplc2Placer::setParam(site_check,2)
nplDplc2Placer::setParam(app_firm_wgt,0)
Warning: Routing direction of metal layer PO is neither "horizontal" nor "vertical".  PDC checks will not be performed on this layer. (PDC-003)
PDC app_options settings =========
	place.legalize.enable_prerouted_net_check: 1
	place.legalize.num_tracks_for_access_check: 1
	place.legalize.use_eol_spacing_for_access_check: 0
	place.legalize.allow_touch_track_for_access_check: 1
	place.legalize.reduce_conservatism_in_eol_check: 0
	place.legalize.preroute_shape_merge_distance: 0.0
	place.legalize.enable_non_preferred_direction_span_check: 0

Layer M1: cached 0 shapes out of 7580 total shapes.
Cached 1442 vias out of 75342 total vias.

Legalizing Top Level Design filtro_pdm ... 
Information: Initializing classic cellmap without advanced rules enabled and without PDC enabled
Information: The following app options are used in cellmap
        place.legalize.enable_color_aware_placement : false
        place.legalize.use_nll_query_cm : false
        place.legalize.enable_advanced_legalizer : false
        place.legalize.enable_prerouted_net_check : true
        place.legalize.enable_advanced_prerouted_net_check : false
        place.legalize.always_continue : true
        place.legalize.limit_legality_checks : false
        place.common.pnet_aware_density : 1.0000
        place.common.pnet_aware_min_width : 0.0000
        place.common.pnet_aware_layers : {}
        place.common.use_placement_model : false
        place.common.enable_advanced_placement_model : true
        cts.placement.cell_spacing_rule_style : maximum
Total 0.0180 seconds to build cellmap data
Information: Creating classic rule checker.
Warning: Routing direction of metal layer PO is neither "horizontal" nor "vertical".  PDC checks will not be performed on this layer. (PDC-003)
=====> Processed 63 ref cells (8 fillers) from library

Bounds/Regions In This Design:
        Area    Num Cells  Exclusive Name
 (square um)
     47906.1         8088        Yes DEFAULT_VA

Starting legalizer.
Warning: Exclusive bound 'DEFAULT' has no cells.
Optimizing Exclusive Bound 'DEFAULT_VA' (2/2)
    Done Exclusive Bound 'DEFAULT_VA' (2/2) (0 sec)
Legalization complete (0 total sec)

****************************************
  Report : Placement Attempts
  Site   : unit
****************************************

number of cells:                   8088
number of references:                63
number of site rows:                130
number of locations attempted:   154687
number of locations failed:           0  (0.0%)

Legality of references at locations:
0 references had failures.

Legality of references in rows:
0 references had row failures.

****************************************
  Report : Cell Displacements
****************************************

number of cells aggregated:        8053 (129017 total sites)
avg row height over cells:        1.672 um
rms cell displacement:            0.024 um ( 0.01 row height)
rms weighted cell displacement:   0.024 um ( 0.01 row height)
max cell displacement:            1.672 um ( 1.00 row height)
avg cell displacement:            0.002 um ( 0.00 row height)
avg weighted cell displacement:   0.002 um ( 0.00 row height)
number of cells moved:               58
number of large displacements:        0
large displacement threshold:     3.000 row height

Displacements of worst 10 cells:
Cell: u_fir/copt_gre_mc_inst_2228 (NBUFFX2_RVT)
  Input location: (229.184,93.6)
  Legal location: (229.184,95.272)
  Displacement:   1.672 um ( 1.00 row height)
Cell: u_fir/U31 (INVX0_RVT)
  Input location: (229.184,95.272)
  Legal location: (228.424,95.272)
  Displacement:   0.760 um ( 0.45 row height)
Cell: u_fir/copt_gre_mc_inst_2227 (NBUFFX2_RVT)
  Input location: (10,70.192)
  Legal location: (10.76,70.192)
  Displacement:   0.760 um ( 0.45 row height)
Cell: u_fir/delay_reg_27__15_ (SDFFX1_RVT)
  Input location: (173.4,219)
  Legal location: (173.856,219)
  Displacement:   0.456 um ( 0.27 row height)
Cell: u_fir/delay_reg_35__15_ (SDFFX1_RVT)
  Input location: (168.232,219)
  Legal location: (168.688,219)
  Displacement:   0.456 um ( 0.27 row height)
Cell: u_fir/intadd_3_U32 (FADDX1_RVT)
  Input location: (11.52,70.192)
  Legal location: (11.976,70.192)
  Displacement:   0.456 um ( 0.27 row height)
Cell: u_fir/U3474 (AO22X1_RVT)
  Input location: (101.2,222.344)
  Legal location: (101.504,222.344)
  Displacement:   0.304 um ( 0.18 row height)
Cell: copt_gre_h_inst_2229 (NBUFFX2_RVT)
  Input location: (219.76,213.984)
  Legal location: (220.064,213.984)
  Displacement:   0.304 um ( 0.18 row height)
Cell: u_fir/U3567 (AO22X1_RVT)
  Input location: (127.344,205.624)
  Legal location: (127.648,205.624)
  Displacement:   0.304 um ( 0.18 row height)
Cell: u_fir/ctmTdsLR_2_2209 (OA21X1_RVT)
  Input location: (218.088,213.984)
  Legal location: (217.784,213.984)
  Displacement:   0.304 um ( 0.18 row height)

Legalization succeeded.
Total Legalizer CPU: 0.440
Total Legalizer Wall Time: 0.441
----------------------------------------------------------------

Clock-opt legalization complete           CPU:   148 s (  0.04 hr )  ELAPSE:   150 s (  0.04 hr )  MEM-PEAK:  1558 MB
rtapi Thread-server 0: shutdown 

No. startProblems      =   335 

No. doRoutes           =     0 
No. doUnroutes         =     0 
No. redoRoutes         =     0 
No. redoUnroutes       =     0 
No. undoRoutes         =     0 
No. undoUnroutes       =     0 
No. commitRoutes       =     0 
No. commitUnroutes     =     0 
No. uncommitRoutes     =     0 
No. uncommitUnroutes   =     0 
No. doRoute fails      =     0 
No. doUnroute fails    =     0 

No. viaLadderQueries   =     0 
No. doDelVias          =     0 
No. doAddVias          =     0 
No. redoDelVias        =     0 
No. redoAddVias        =     0 
No. undoDelVias        =     0 
No. undoAddVias        =     0 
No. commitChangeVias   =     0 
No. uncommitChangeVias =     0 
No. doDelVias fails    =     0 
No. doAddVias fails    =     0 

Updating congestion ...
Updating congestion ...
GR Routing Service: Wrote GR congmap to NDM 
Information: The netlist change observers are disabled for incremental extraction. (TIM-126)
Information: The netlist change observers are enabled for incremental extraction. (TIM-127)
INFO: Running refresh_via_ladders
INFO: wire-opt feature for router enabled
Information: Forcing rerun of global router after global_route_opt due to app option route.global.force_rerun_after_global_route_opt being set. (ZRT-608)
Warning: Please run the command "check_routability" before running Zroute commands. (ZRT-762)
INFO: wire-opt feature for router enabled
Information: The net parasitics of block filtro_pdm are cleared. (TIM-123)
Start Global Route ... 
[Init] Elapsed real time: 0:00:00 
[Init] Elapsed cpu  time: sys=0:00:00 usr=0:00:00 total=0:00:00
[Init] Stage (MB): Used    0  Alloctr    0  Proc    0 
[Init] Total (MB): Used    0  Alloctr    0  Proc 5687 
Printing options for 'route.common.*'
common.verbose_level                                    :	 0                   

Printing options for 'route.global.*'
global.force_rerun_after_global_route_opt               :	 true                
global.timing_driven                                    :	 false               

Begin global routing.
Cell Min-Routing-Layer = M1
Cell Max-Routing-Layer = MRDL
Turn off antenna since no rule is specified
Information: Option route.detail.force_end_on_preferred_grid will be ignored since none of the layers have preferred grid. (ZRT-703)
Warning: Cannot find a default contact code for layer CO. (ZRT-022)
Info: number of net_type_blockage: 0 
Information: Via ladder engine would be activated for pattern must join connection in certain commands. Please refer to man-page for the command list. (ZRT-619)
Information: AutoNdr rule can't be found. Check the settings.
Information: When applicable Min-max layer allow_pin_connection mode will allow paths of length 3.55 outside the layer range. (ZRT-707)
Information: When applicable Min-max layer allow_pin_connection mode will allow paths of length 3.55 outside the layer range on clock nets. (ZRT-718)
Information: When applicable layer based tapering will taper up to 0.00 in distance from the pin. (ZRT-706)
Warning: Standard cell pin AOINVX2_RVT/VDDG has no valid via regions. (ZRT-044)
Warning: Standard cell pin AOBUFX1_RVT/VDDG has no valid via regions. (ZRT-044)
Warning: Standard cell pin AOBUFX2_RVT/VDDG has no valid via regions. (ZRT-044)
Warning: Standard cell pin AOBUFX4_RVT/VDDG has no valid via regions. (ZRT-044)
Warning: Standard cell pin AOINVX1_RVT/VDDG has no valid via regions. (ZRT-044)
Warning: Standard cell pin AOINVX4_RVT/VDDG has no valid via regions. (ZRT-044)
Current Stage stats:
[End of Read DB] Elapsed real time: 0:00:00 
[End of Read DB] Elapsed cpu  time: sys=0:00:00 usr=0:00:00 total=0:00:00
[End of Read DB] Stage (MB): Used    0  Alloctr    0  Proc    0 
[End of Read DB] Total (MB): Used    0  Alloctr    0  Proc 5687 
Loading parastics information to the router ...
parastics information loaded to the router.
[End of Loading Timing] Elapsed real time: 0:00:00 
[End of Loading Timing] Elapsed cpu  time: sys=0:00:00 usr=0:00:00 total=0:00:00
Constructing data structure ...
Design statistics:
Design Bounding Box (0.00um,0.00um,240.40um,237.36um)
Number of routing layers = 10
layer M1, dir Ver, min width = 0.05um, min space = 0.05um pitch = 0.152um
layer M2, dir Hor, min width = 0.056um, min space = 0.056um pitch = 0.152um
layer M3, dir Ver, min width = 0.056um, min space = 0.056um pitch = 0.304um
layer M4, dir Hor, min width = 0.056um, min space = 0.056um pitch = 0.304um
layer M5, dir Ver, min width = 0.056um, min space = 0.056um pitch = 0.608um
layer M6, dir Hor, min width = 0.056um, min space = 0.056um pitch = 0.608um
layer M7, dir Ver, min width = 0.056um, min space = 0.056um pitch = 1.216um
layer M8, dir Hor, min width = 0.056um, min space = 0.056um pitch = 1.216um
layer M9, dir Ver, min width = 0.16um, min space = 0.16um pitch = 2.432um
layer MRDL, dir Hor, min width = 2um, min space = 2um pitch = 4.864um
Current Stage stats:
[End of Build Tech Data] Elapsed real time: 0:00:00 
[End of Build Tech Data] Elapsed cpu  time: sys=0:00:00 usr=0:00:00 total=0:00:00
[End of Build Tech Data] Stage (MB): Used    0  Alloctr    0  Proc    0 
[End of Build Tech Data] Total (MB): Used    0  Alloctr    0  Proc 5687 
Net statistics:
Total number of nets     = 12003
Number of nets to route  = 11995
371 nets are with PSV shapes
 of which 0 are open nets
 and 0 are open nets with PSV only
18 open nets
 of which 18 are without routing or PSV shapes
11985 nets are fully connected,
 of which 8 are detail routed and 11947 are global routed.
Current Stage stats:
[End of Build All Nets] Elapsed real time: 0:00:00 
[End of Build All Nets] Elapsed cpu  time: sys=0:00:00 usr=0:00:00 total=0:00:00
[End of Build All Nets] Stage (MB): Used    0  Alloctr    0  Proc    0 
[End of Build All Nets] Total (MB): Used    0  Alloctr    0  Proc 5687 
Net length statistics: 
Net Count(Ignore Fully Rted) 342, Total Half Perimeter Wire Length (HPWL) 16541 microns
HPWL   0 ~   50 microns: Net Count      217	Total HPWL         3208 microns
HPWL  50 ~  100 microns: Net Count       52	Total HPWL         3641 microns
HPWL 100 ~  200 microns: Net Count       72	Total HPWL         9292 microns
HPWL 200 ~  300 microns: Net Count        0	Total HPWL            0 microns
HPWL 300 ~  400 microns: Net Count        1	Total HPWL          400 microns
HPWL 400 ~  500 microns: Net Count        0	Total HPWL            0 microns
HPWL 500 ~  600 microns: Net Count        0	Total HPWL            0 microns
HPWL 600 ~  700 microns: Net Count        0	Total HPWL            0 microns
HPWL 700 ~  800 microns: Net Count        0	Total HPWL            0 microns
HPWL 800 ~  900 microns: Net Count        0	Total HPWL            0 microns
HPWL 900 ~ 1000 microns: Net Count        0	Total HPWL            0 microns
HPWL     > 1000 microns: Net Count        0	Total HPWL            0 microns
Number of partitions: 1 (1 x 1)
Size of partitions: 144 gCells x 142 gCells
Average gCell capacity  1.75	 on layer (1)	 M1
Average gCell capacity  10.94	 on layer (2)	 M2
Average gCell capacity  5.43	 on layer (3)	 M3
Average gCell capacity  5.49	 on layer (4)	 M4
Average gCell capacity  2.74	 on layer (5)	 M5
Average gCell capacity  2.74	 on layer (6)	 M6
Average gCell capacity  1.36	 on layer (7)	 M7
Average gCell capacity  1.36	 on layer (8)	 M8
Average gCell capacity  0.67	 on layer (9)	 M9
Average gCell capacity  0.33	 on layer (10)	 MRDL
Average number of tracks per gCell 10.99	 on layer (1)	 M1
Average number of tracks per gCell 11.00	 on layer (2)	 M2
Average number of tracks per gCell 5.50	 on layer (3)	 M3
Average number of tracks per gCell 5.51	 on layer (4)	 M4
Average number of tracks per gCell 2.76	 on layer (5)	 M5
Average number of tracks per gCell 2.76	 on layer (6)	 M6
Average number of tracks per gCell 1.39	 on layer (7)	 M7
Average number of tracks per gCell 1.39	 on layer (8)	 M8
Average number of tracks per gCell 0.70	 on layer (9)	 M9
Average number of tracks per gCell 0.35	 on layer (10)	 MRDL
Number of gCells = 204480
Current Stage stats:
[End of Build Congestion Map] Elapsed real time: 0:00:00 
[End of Build Congestion Map] Elapsed cpu  time: sys=0:00:00 usr=0:00:00 total=0:00:00
[End of Build Congestion Map] Stage (MB): Used    0  Alloctr    0  Proc    0 
[End of Build Congestion Map] Total (MB): Used    0  Alloctr    0  Proc 5687 
Current Stage stats:
[End of Add Nets Demand] Elapsed real time: 0:00:00 
[End of Add Nets Demand] Elapsed cpu  time: sys=0:00:00 usr=0:00:00 total=0:00:00
[End of Add Nets Demand] Stage (MB): Used    0  Alloctr    0  Proc    0 
[End of Add Nets Demand] Total (MB): Used    0  Alloctr    0  Proc 5687 
Number of user frozen nets = 0
Information: RC layer preference is turned on for this design. (ZRT-613)
Total stats:
[End of Build Data] Elapsed real time: 0:00:00 
[End of Build Data] Elapsed cpu  time: sys=0:00:00 usr=0:00:00 total=0:00:00
[End of Build Data] Stage (MB): Used    0  Alloctr    0  Proc    0 
[End of Build Data] Total (MB): Used    0  Alloctr    0  Proc 5687 
Number of partitions: 1 (1 x 1)
Size of partitions: 144 gCells x 142 gCells
Current Stage stats:
[End of Blocked Pin Detection] Elapsed real time: 0:00:00 
[End of Blocked Pin Detection] Elapsed cpu  time: sys=0:00:00 usr=0:00:00 total=0:00:00
[End of Blocked Pin Detection] Stage (MB): Used    0  Alloctr    0  Proc    0 
[End of Blocked Pin Detection] Total (MB): Used    0  Alloctr    0  Proc 5687 
Information: Using 1 threads for routing. (ZRT-444)
Information: Multiple gcell levels ON
Information: Buffer distance is estimated to be ~862.0000um (515 gCells)

Start GR phase 0
Number of partitions: 1 (1 x 1)
Size of partitions: 144 gCells x 142 gCells
[rtAllBotParts] Elapsed real time: 0:00:00 
[rtAllBotParts] Elapsed cpu  time: sys=0:00:00 usr=0:00:00 total=0:00:00
[rtTop] Elapsed real time: 0:00:00 
[rtTop] Elapsed cpu  time: sys=0:00:00 usr=0:00:00 total=0:00:00
[updNetsDmd] Elapsed real time: 0:00:00 
[updNetsDmd] Elapsed cpu  time: sys=0:00:00 usr=0:00:00 total=0:00:00
Current Stage stats:
[End of Initial Routing] Elapsed real time: 0:00:00 
[End of Initial Routing] Elapsed cpu  time: sys=0:00:00 usr=0:00:00 total=0:00:00
[End of Initial Routing] Stage (MB): Used    0  Alloctr    0  Proc    0 
[End of Initial Routing] Total (MB): Used    0  Alloctr    0  Proc 5687 
Initial. Routing result:
Initial. Both Dirs: Dmd-Cap  =     0 Max = 0 GRCs =     0 (0.00%)
Initial. H routing: Dmd-Cap  =     0 Max = 0 (GRCs =  0) GRCs =     0 (0.00%)
Initial. V routing: Dmd-Cap  =     0 Max = 0 (GRCs =  0) GRCs =     0 (0.00%)
Initial. Both Dirs: Overflow =     1 Max = 1 GRCs =     1 (0.00%)
Initial. H routing: Overflow =     0 Max = 0 (GRCs =  0) GRCs =     0 (0.00%)
Initial. V routing: Overflow =     1 Max = 1 (GRCs =  1) GRCs =     1 (0.00%)
Initial. M1         Overflow =     0 Max = 0 (GRCs =  0) GRCs =     0 (0.00%)
Initial. M2         Overflow =     0 Max = 0 (GRCs =  0) GRCs =     0 (0.00%)
Initial. M3         Overflow =     1 Max = 1 (GRCs =  1) GRCs =     1 (0.00%)
Initial. M4         Overflow =     0 Max = 0 (GRCs =  0) GRCs =     0 (0.00%)
Initial. M5         Overflow =     0 Max = 0 (GRCs =  0) GRCs =     0 (0.00%)
Initial. M6         Overflow =     0 Max = 0 (GRCs =  0) GRCs =     0 (0.00%)
Initial. M7         Overflow =     0 Max = 0 (GRCs =  0) GRCs =     0 (0.00%)
Initial. M8         Overflow =     0 Max = 0 (GRCs =  0) GRCs =     0 (0.00%)
Initial. M9         Overflow =     0 Max = 0 (GRCs =  0) GRCs =     0 (0.00%)
Initial. MRDL       Overflow =     0 Max = 0 (GRCs =  0) GRCs =     0 (0.00%)

Initial. Total Wire Length = 205803.70
Initial. Layer M1 wire length = 1339.63
Initial. Layer M2 wire length = 72833.75
Initial. Layer M3 wire length = 75766.85
Initial. Layer M4 wire length = 8877.87
Initial. Layer M5 wire length = 36939.74
Initial. Layer M6 wire length = 1132.10
Initial. Layer M7 wire length = 8626.17
Initial. Layer M8 wire length = 30.10
Initial. Layer M9 wire length = 257.49
Initial. Layer MRDL wire length = 0.00
Initial. Total Number of Contacts = 69451
Initial. Via VIA12SQ_C count = 33340
Initial. Via VIA23SQ_C count = 30652
Initial. Via VIA34SQ_C count = 2452
Initial. Via VIA45SQ_C count = 2288
Initial. Via VIA56SQ_C count = 338
Initial. Via VIA67SQ_C count = 357
Initial. Via VIA78SQ_C count = 12
Initial. Via VIA89_C count = 12
Initial. Via VIA9RDL count = 0
Initial. completed.

Start GR phase 1
Fri Oct  9 21:16:26 2026
Number of partitions: 1 (1 x 1)
Size of partitions: 144 gCells x 142 gCells
10% of nets complete Elapsed cpu time: 0:00:00 Elapsed real time: 0:00:00
20% of nets complete Elapsed cpu time: 0:00:00 Elapsed real time: 0:00:00
30% of nets complete Elapsed cpu time: 0:00:00 Elapsed real time: 0:00:00
40% of nets complete Elapsed cpu time: 0:00:00 Elapsed real time: 0:00:00
50% of nets complete Elapsed cpu time: 0:00:00 Elapsed real time: 0:00:00
60% of nets complete Elapsed cpu time: 0:00:00 Elapsed real time: 0:00:00
70% of nets complete Elapsed cpu time: 0:00:00 Elapsed real time: 0:00:00
80% of nets complete Elapsed cpu time: 0:00:00 Elapsed real time: 0:00:00
90% of nets complete Elapsed cpu time: 0:00:00 Elapsed real time: 0:00:00
[rtAllParts] Elapsed real time: 0:00:00 
[rtAllParts] Elapsed cpu  time: sys=0:00:00 usr=0:00:00 total=0:00:00
[updNetsDmd] Elapsed real time: 0:00:00 
[updNetsDmd] Elapsed cpu  time: sys=0:00:00 usr=0:00:00 total=0:00:00
Current Stage stats:
[End of Phase1 Routing] Elapsed real time: 0:00:00 
[End of Phase1 Routing] Elapsed cpu  time: sys=0:00:00 usr=0:00:00 total=0:00:00
[End of Phase1 Routing] Stage (MB): Used    0  Alloctr    0  Proc    0 
[End of Phase1 Routing] Total (MB): Used    0  Alloctr    0  Proc 5687 
phase1. Routing result:
phase1. Both Dirs: Dmd-Cap  =     0 Max = 0 GRCs =     0 (0.00%)
phase1. H routing: Dmd-Cap  =     0 Max = 0 (GRCs =  0) GRCs =     0 (0.00%)
phase1. V routing: Dmd-Cap  =     0 Max = 0 (GRCs =  0) GRCs =     0 (0.00%)
phase1. Both Dirs: Overflow =     0 Max = 0 GRCs =     0 (0.00%)
phase1. H routing: Overflow =     0 Max = 0 (GRCs =  0) GRCs =     0 (0.00%)
phase1. V routing: Overflow =     0 Max = 0 (GRCs =  0) GRCs =     0 (0.00%)
phase1. M1         Overflow =     0 Max = 0 (GRCs =  0) GRCs =     0 (0.00%)
phase1. M2         Overflow =     0 Max = 0 (GRCs =  0) GRCs =     0 (0.00%)
phase1. M3         Overflow =     0 Max = 0 (GRCs =  0) GRCs =     0 (0.00%)
phase1. M4         Overflow =     0 Max = 0 (GRCs =  0) GRCs =     0 (0.00%)
phase1. M5         Overflow =     0 Max = 0 (GRCs =  0) GRCs =     0 (0.00%)
phase1. M6         Overflow =     0 Max = 0 (GRCs =  0) GRCs =     0 (0.00%)
phase1. M7         Overflow =     0 Max = 0 (GRCs =  0) GRCs =     0 (0.00%)
phase1. M8         Overflow =     0 Max = 0 (GRCs =  0) GRCs =     0 (0.00%)
phase1. M9         Overflow =     0 Max = 0 (GRCs =  0) GRCs =     0 (0.00%)
phase1. MRDL       Overflow =     0 Max = 0 (GRCs =  0) GRCs =     0 (0.00%)

phase1. Total Wire Length = 205803.70
phase1. Layer M1 wire length = 1339.63
phase1. Layer M2 wire length = 72833.78
phase1. Layer M3 wire length = 75766.81
phase1. Layer M4 wire length = 8877.87
phase1. Layer M5 wire length = 36939.74
phase1. Layer M6 wire length = 1132.10
phase1. Layer M7 wire length = 8626.17
phase1. Layer M8 wire length = 30.10
phase1. Layer M9 wire length = 257.49
phase1. Layer MRDL wire length = 0.00
phase1. Total Number of Contacts = 69449
phase1. Via VIA12SQ_C count = 33340
phase1. Via VIA23SQ_C count = 30650
phase1. Via VIA34SQ_C count = 2452
phase1. Via VIA45SQ_C count = 2288
phase1. Via VIA56SQ_C count = 338
phase1. Via VIA67SQ_C count = 357
phase1. Via VIA78SQ_C count = 12
phase1. Via VIA89_C count = 12
phase1. Via VIA9RDL count = 0
phase1. completed.

Start GR phase 2
Fri Oct  9 21:16:26 2026
Number of partitions: 1 (1 x 1)
Size of partitions: 144 gCells x 142 gCells
[rtAllParts] Elapsed real time: 0:00:00 
[rtAllParts] Elapsed cpu  time: sys=0:00:00 usr=0:00:00 total=0:00:00
[updNetsDmd] Elapsed real time: 0:00:00 
[updNetsDmd] Elapsed cpu  time: sys=0:00:00 usr=0:00:00 total=0:00:00
Current Stage stats:
[End of Phase2 Routing] Elapsed real time: 0:00:00 
[End of Phase2 Routing] Elapsed cpu  time: sys=0:00:00 usr=0:00:00 total=0:00:00
[End of Phase2 Routing] Stage (MB): Used    0  Alloctr    0  Proc    0 
[End of Phase2 Routing] Total (MB): Used    0  Alloctr    0  Proc 5687 
phase2. Routing result:
phase2. Both Dirs: Dmd-Cap  =     0 Max = 0 GRCs =     0 (0.00%)
phase2. H routing: Dmd-Cap  =     0 Max = 0 (GRCs =  0) GRCs =     0 (0.00%)
phase2. V routing: Dmd-Cap  =     0 Max = 0 (GRCs =  0) GRCs =     0 (0.00%)
phase2. Both Dirs: Overflow =     0 Max = 0 GRCs =     0 (0.00%)
phase2. H routing: Overflow =     0 Max = 0 (GRCs =  0) GRCs =     0 (0.00%)
phase2. V routing: Overflow =     0 Max = 0 (GRCs =  0) GRCs =     0 (0.00%)
phase2. M1         Overflow =     0 Max = 0 (GRCs =  0) GRCs =     0 (0.00%)
phase2. M2         Overflow =     0 Max = 0 (GRCs =  0) GRCs =     0 (0.00%)
phase2. M3         Overflow =     0 Max = 0 (GRCs =  0) GRCs =     0 (0.00%)
phase2. M4         Overflow =     0 Max = 0 (GRCs =  0) GRCs =     0 (0.00%)
phase2. M5         Overflow =     0 Max = 0 (GRCs =  0) GRCs =     0 (0.00%)
phase2. M6         Overflow =     0 Max = 0 (GRCs =  0) GRCs =     0 (0.00%)
phase2. M7         Overflow =     0 Max = 0 (GRCs =  0) GRCs =     0 (0.00%)
phase2. M8         Overflow =     0 Max = 0 (GRCs =  0) GRCs =     0 (0.00%)
phase2. M9         Overflow =     0 Max = 0 (GRCs =  0) GRCs =     0 (0.00%)
phase2. MRDL       Overflow =     0 Max = 0 (GRCs =  0) GRCs =     0 (0.00%)

phase2. Total Wire Length = 205803.70
phase2. Layer M1 wire length = 1339.63
phase2. Layer M2 wire length = 72833.78
phase2. Layer M3 wire length = 75766.81
phase2. Layer M4 wire length = 8877.87
phase2. Layer M5 wire length = 36939.74
phase2. Layer M6 wire length = 1132.10
phase2. Layer M7 wire length = 8626.17
phase2. Layer M8 wire length = 30.10
phase2. Layer M9 wire length = 257.49
phase2. Layer MRDL wire length = 0.00
phase2. Total Number of Contacts = 69449
phase2. Via VIA12SQ_C count = 33340
phase2. Via VIA23SQ_C count = 30650
phase2. Via VIA34SQ_C count = 2452
phase2. Via VIA45SQ_C count = 2288
phase2. Via VIA56SQ_C count = 338
phase2. Via VIA67SQ_C count = 357
phase2. Via VIA78SQ_C count = 12
phase2. Via VIA89_C count = 12
phase2. Via VIA9RDL count = 0
phase2. completed.

Start GR phase 3
Fri Oct  9 21:16:26 2026
Number of partitions: 1 (1 x 1)
Size of partitions: 144 gCells x 142 gCells
[rtAllParts] Elapsed real time: 0:00:00 
[rtAllParts] Elapsed cpu  time: sys=0:00:00 usr=0:00:00 total=0:00:00
[updNetsDmd] Elapsed real time: 0:00:00 
[updNetsDmd] Elapsed cpu  time: sys=0:00:00 usr=0:00:00 total=0:00:00
Current Stage stats:
[End of Phase3 Routing] Elapsed real time: 0:00:00 
[End of Phase3 Routing] Elapsed cpu  time: sys=0:00:00 usr=0:00:00 total=0:00:00
[End of Phase3 Routing] Stage (MB): Used    0  Alloctr    0  Proc    0 
[End of Phase3 Routing] Total (MB): Used    0  Alloctr    0  Proc 5687 
phase3. Routing result:
phase3. Both Dirs: Dmd-Cap  =     0 Max = 0 GRCs =     0 (0.00%)
phase3. H routing: Dmd-Cap  =     0 Max = 0 (GRCs =  0) GRCs =     0 (0.00%)
phase3. V routing: Dmd-Cap  =     0 Max = 0 (GRCs =  0) GRCs =     0 (0.00%)
phase3. Both Dirs: Overflow =     0 Max = 0 GRCs =     0 (0.00%)
phase3. H routing: Overflow =     0 Max = 0 (GRCs =  0) GRCs =     0 (0.00%)
phase3. V routing: Overflow =     0 Max = 0 (GRCs =  0) GRCs =     0 (0.00%)
phase3. M1         Overflow =     0 Max = 0 (GRCs =  0) GRCs =     0 (0.00%)
phase3. M2         Overflow =     0 Max = 0 (GRCs =  0) GRCs =     0 (0.00%)
phase3. M3         Overflow =     0 Max = 0 (GRCs =  0) GRCs =     0 (0.00%)
phase3. M4         Overflow =     0 Max = 0 (GRCs =  0) GRCs =     0 (0.00%)
phase3. M5         Overflow =     0 Max = 0 (GRCs =  0) GRCs =     0 (0.00%)
phase3. M6         Overflow =     0 Max = 0 (GRCs =  0) GRCs =     0 (0.00%)
phase3. M7         Overflow =     0 Max = 0 (GRCs =  0) GRCs =     0 (0.00%)
phase3. M8         Overflow =     0 Max = 0 (GRCs =  0) GRCs =     0 (0.00%)
phase3. M9         Overflow =     0 Max = 0 (GRCs =  0) GRCs =     0 (0.00%)
phase3. MRDL       Overflow =     0 Max = 0 (GRCs =  0) GRCs =     0 (0.00%)

phase3. Total Wire Length = 205803.70
phase3. Layer M1 wire length = 1339.63
phase3. Layer M2 wire length = 72833.78
phase3. Layer M3 wire length = 75766.81
phase3. Layer M4 wire length = 8877.87
phase3. Layer M5 wire length = 36939.74
phase3. Layer M6 wire length = 1132.10
phase3. Layer M7 wire length = 8626.17
phase3. Layer M8 wire length = 30.10
phase3. Layer M9 wire length = 257.49
phase3. Layer MRDL wire length = 0.00
phase3. Total Number of Contacts = 69449
phase3. Via VIA12SQ_C count = 33340
phase3. Via VIA23SQ_C count = 30650
phase3. Via VIA34SQ_C count = 2452
phase3. Via VIA45SQ_C count = 2288
phase3. Via VIA56SQ_C count = 338
phase3. Via VIA67SQ_C count = 357
phase3. Via VIA78SQ_C count = 12
phase3. Via VIA89_C count = 12
phase3. Via VIA9RDL count = 0
phase3. completed.
[End of Whole Chip Routing] Elapsed real time: 0:00:01 
[End of Whole Chip Routing] Elapsed cpu  time: sys=0:00:00 usr=0:00:01 total=0:00:01
[End of Whole Chip Routing] Stage (MB): Used    0  Alloctr    0  Proc    0 
[End of Whole Chip Routing] Total (MB): Used    0  Alloctr    0  Proc 5687 

Congestion utilization per direction:
Average vertical track utilization   = 38.07 %
Peak    vertical track utilization   = 100.00 %
Average horizontal track utilization = 19.90 %
Peak    horizontal track utilization = 68.42 %

[End of Global Routing] Elapsed real time: 0:00:01 
[End of Global Routing] Elapsed cpu  time: sys=0:00:00 usr=0:00:01 total=0:00:01
[End of Global Routing] Stage (MB): Used    0  Alloctr    0  Proc    0 
[End of Global Routing] Total (MB): Used    0  Alloctr    0  Proc 5687 
Total number of open nets = 0, of which 0 are frozen
Updating the database ...
Updating congestion ...
Information: Extraction observers are detached as design net change threshold is reached.
[End of dbOut] Elapsed real time: 0:00:00 
[End of dbOut] Elapsed cpu  time: sys=0:00:00 usr=0:00:00 total=0:00:00
[End of dbOut] Stage (MB): Used    0  Alloctr    0  Proc    0 
[End of dbOut] Total (MB): Used    0  Alloctr    0  Proc 5687 
Information: Maximum hot spot size per layer
	M4	0
	M5	0
	M6	0
	M7	0
	M8	0
	M9	0
	MRDL	0
Maximum hot spot size is 0 
CONG_HS metric is 0.000 


Clock-opt Incremental Global-routing complete  CPU:   150 s (  0.04 hr )  ELAPSE:   153 s (  0.04 hr )  MEM-PEAK:  1558 MB
Information: The stitching and editing of coupling caps is turned OFF for design 'filtro_pdm.dlib:filtro_pdm/place.design'. (TIM-125)
Information: Design filtro_pdm has 12003 nets, 11970 global routed, 31 detail routed. (NEX-024)
Information: build GR coup map successfully (NEX-012)
Information: The RC mode used is GR for design 'filtro_pdm'. (NEX-022)
Information: Update timing completed net estimation for all the timing graph nets (TIM-111)
Information: Net estimation statistics: timing graph nets = 12001, routed nets = 12001, across physical hierarchy nets = 0, parasitics cached nets = 12001, delay annotated nets = 0, parasitics annotated nets = 0, multi-voltage nets = 0. (TIM-112)
Information: The netlist change observers are disabled for incremental extraction. (TIM-126)

INFO: place.legalize.enable_advanced_legalizer not set - need to revert CLO
INFO: First Clock-opt did not mark run with CLO enabled/disabled property
INFO: Concurrent Legalization and Optimization (CLO) Reverted
Information: Initializing classic cellmap without advanced rules enabled and without PDC enabled
Information: The following app options are used in cellmap
        place.legalize.enable_color_aware_placement : false
        place.legalize.use_nll_query_cm : false
        place.legalize.enable_advanced_legalizer : false
        place.legalize.enable_prerouted_net_check : true
        place.legalize.enable_advanced_prerouted_net_check : false
        place.legalize.always_continue : true
        place.legalize.limit_legality_checks : false
        place.common.pnet_aware_density : 1.0000
        place.common.pnet_aware_min_width : 0.0000
        place.common.pnet_aware_layers : {}
        place.common.use_placement_model : false
        place.common.enable_advanced_placement_model : true
        cts.placement.cell_spacing_rule_style : maximum
Total 0.0183 seconds to build cellmap data
INFO: creating 48(r) x 48(c) GridCells YDim 5.016 XDim 5.016
INFO: number of GridCells (filtro_pdm/place): 2304
INFO: creating 48(r) x 48(c) GridCells YDim 5.016 XDim 5.016
INFO: number of GridCells (filtro_pdm/place): 2304
Total 0.0643 seconds to load 8088 cell instances into cellmap
Moveable cells: 8053; Application fixed cells: 35; Macro cells: 0; User fixed cells: 0
0 out of 11965 data nets is detail routed, 36 out of 36 clock nets are detail routed and total 12001 nets have been analyzed
Only clock route nets/shapes. Estimated current stage is after clock detail route stage
Average cell width 2.4337, cell height 1.6720, cell area 4.0692 for total 8088 placed and application fixed cells
runtime_assert false
enhanced site row merge :  1
Key: unit, value: 0xa094eff0
Number of Site types in the design = 1
Setting up Chip Core
Chip Core shape: (100000 100000) (2304000 2273600)
Preroute opto area query mode: NDM
Using CLEO = true
Summary: is MV Ready (has MV info... UPF or derived)
Summary: design is not hierarchical
Voltage Area: id=0, index=0, name=DEFAULT_VA, is default, domain=DEFAULT_POWER_DOMAIN, scopeHier=, psn=VDD;
Number of VARs = 1
Number of unique PDs = 1
Number of Power Domains = 1
Number of Voltage Areas = 1
Number of supply Nets = 2
Number of used supplies = 0
Setup Voltages:
  Supply Net = VDD, voltages =  0.8500
  Supply Net = VSS, voltages =  0.0000
Hold Voltages:
  Supply Net = VDD, voltages =  0.8500
  Supply Net = VSS, voltages =  0.0000
Unique Voltages in Design:  0.0000 0.8500
Default Voltage Area = DEFAULT_VA
Blocked VAs: 
INFO: wire-opt feature for router enabled
Cell Min-Routing-Layer = M1
Cell Max-Routing-Layer = MRDL
Turn off antenna since no rule is specified
Information: Option route.detail.force_end_on_preferred_grid will be ignored since none of the layers have preferred grid. (ZRT-703)
Warning: Cannot find a default contact code for layer CO. (ZRT-022)
Info: number of net_type_blockage: 0 
Information: Via ladder engine would be activated for pattern must join connection in certain commands. Please refer to man-page for the command list. (ZRT-619)
Information: AutoNdr rule can't be found. Check the settings.
Information: When applicable Min-max layer allow_pin_connection mode will allow paths of length 3.55 outside the layer range. (ZRT-707)
Information: When applicable Min-max layer allow_pin_connection mode will allow paths of length 3.55 outside the layer range on clock nets. (ZRT-718)
Information: When applicable layer based tapering will taper up to 0.00 in distance from the pin. (ZRT-706)
Warning: Standard cell pin AOINVX2_RVT/VDDG has no valid via regions. (ZRT-044)
Warning: Standard cell pin AOBUFX1_RVT/VDDG has no valid via regions. (ZRT-044)
Warning: Standard cell pin AOBUFX2_RVT/VDDG has no valid via regions. (ZRT-044)
Warning: Standard cell pin AOBUFX4_RVT/VDDG has no valid via regions. (ZRT-044)
Warning: Standard cell pin AOINVX1_RVT/VDDG has no valid via regions. (ZRT-044)
Warning: Standard cell pin AOINVX4_RVT/VDDG has no valid via regions. (ZRT-044)
GR Routing Service: Started IMRD 
GR Routing Service: ndmAttrDef 'usr_tmng_crit' created with default value 0 
GR Routing Service: ndmAttrDef 'rted_by_minDly' created with default value 0 
GR Routing Service: ndmAttrDef 'port_subnet_crit_blkConn' created with default value 0 
GR Routing Service: ndmAttrDef 'port_subnet_crit_blkPort' created with default value 0 
Loading timing information to the router ...
Design  Scenario default (Mode default Corner default)
Timing information loaded to the router.
Information: Design Average RC for design filtro_pdm  (NEX-011)
Information: r = 1.671985 ohm/um, via_r = 0.578740 ohm/cut, c = 0.085834 ff/um, cc = 0.000000 ff/um (X dir) (NEX-017)
Information: r = 1.786480 ohm/um, via_r = 0.461313 ohm/cut, c = 0.075279 ff/um, cc = 0.000000 ff/um (Y dir) (NEX-017)
GR Routing Service: Setting costIdx to 3 
GR Routing Service: rebuildCongmap: itr = 3 
Number of partitions: 1 (1 x 1)
Size of partitions: 144 gCells x 142 gCells
Average gCell capacity  1.75	 on layer (1)	 M1
Average gCell capacity  10.94	 on layer (2)	 M2
Average gCell capacity  5.43	 on layer (3)	 M3
Average gCell capacity  5.49	 on layer (4)	 M4
Average gCell capacity  2.74	 on layer (5)	 M5
Average gCell capacity  2.74	 on layer (6)	 M6
Average gCell capacity  1.36	 on layer (7)	 M7
Average gCell capacity  1.36	 on layer (8)	 M8
Average gCell capacity  0.67	 on layer (9)	 M9
Average gCell capacity  0.33	 on layer (10)	 MRDL
Average number of tracks per gCell 10.99	 on layer (1)	 M1
Average number of tracks per gCell 11.00	 on layer (2)	 M2
Average number of tracks per gCell 5.50	 on layer (3)	 M3
Average number of tracks per gCell 5.51	 on layer (4)	 M4
Average number of tracks per gCell 2.76	 on layer (5)	 M5
Average number of tracks per gCell 2.76	 on layer (6)	 M6
Average number of tracks per gCell 1.39	 on layer (7)	 M7
Average number of tracks per gCell 1.39	 on layer (8)	 M8
Average number of tracks per gCell 0.70	 on layer (9)	 M9
Average number of tracks per gCell 0.35	 on layer (10)	 MRDL
Number of gCells = 204480
[updNetsDmd] Elapsed real time: 0:00:00 
[updNetsDmd] Elapsed cpu  time: sys=0:00:00 usr=0:00:00 total=0:00:00
Created 1 thread routing service with costIdx = 3. (tbbMode 1)
GR Routing Service: Setting costIdx to 3 
rtapi Thread-server 0: startup 
Corner Scaling is off, multiplier is 1.000000
ndr _snps_autoNdr_delay_1w3s is auto ndr
ndr _snps_autoNdr_power is auto ndr
GR Routing Service: loadPermBufBlockages 

Clock-opt optimization Phase 35 Iter  1         0.00        0.00      0.01         9      32911.90  949438272.00        8088              0.04      1558
Clock-opt optimization Phase 35 Iter  2         0.00        0.00      0.01         9      32911.90  949438272.00        8088              0.04      1558
INFO: Restore MV PD Boundary Restriction

Clock-opt optimization Phase 36 Iter  1         0.00        0.00      0.01         8      32911.90  949438272.00        8088              0.04      1558
Clock-opt optimization Phase 36 Iter  2         0.00        0.00      0.01         8      32911.90  949438272.00        8088              0.04      1558
Clock-opt optimization Phase 36 Iter  3         0.00        0.00      0.01         8      32911.90  949438272.00        8088              0.04      1558
Clock-opt optimization Phase 36 Iter  4         0.00        0.00      0.01         8      32911.90  949438272.00        8088              0.04      1558
Clock-opt optimization Phase 36 Iter  5         0.00        0.00      0.01         8      32911.90  949438272.00        8088              0.04      1558
Clock-opt optimization Phase 36 Iter  6         0.00        0.00      0.01         8      32911.90  949438272.00        8088              0.04      1558
Clock-opt optimization Phase 36 Iter  7         0.00        0.00      0.01         8      32911.90  949438272.00        8088              0.04      1558
Clock-opt optimization Phase 36 Iter  8         0.00        0.00      0.01         8      32911.90  949438272.00        8088              0.04      1558
Clock-opt optimization Phase 36 Iter  9         0.00        0.00      0.01         8      32911.90  949438272.00        8088              0.04      1558
Clock-opt optimization Phase 36 Iter 10         0.00        0.00      0.01         8      32911.90  949438272.00        8088              0.04      1558
PBO-MultiScenePg: 0 total problems
Clock-opt optimization Phase 36 Iter 11         0.00        0.00      0.01         8      32911.90  949438272.00        8088              0.04      1558
Clock-opt optimization Phase 36 Iter 12         0.00        0.00      0.01         8      32911.90  949438272.00        8088              0.04      1558

Clock-opt optimization Phase 37 Iter  1         0.00        0.00      0.01         8      32911.90  949438272.00        8088              0.04      1558
Clock-opt optimization summary            SETUP-COST    R2R-COST HOLD-COST LDRC-COST          AREA     LEAKAGE     INSTCNT            ELAPSE       MEM
Clock-opt optimization Phase 37 Iter  2         0.00        0.00      0.01         8      32911.90  949438272.00        8088              0.04      1558
Clock-opt optimization Phase 37 Iter  3         0.00        0.00      0.01         8      32911.90  949438272.00        8088              0.04      1558
Clock-opt optimization Phase 37 Iter  4         0.00        0.00      0.01         8      32911.90  949438272.00        8088              0.04      1558
Clock-opt optimization Phase 37 Iter  5         0.00        0.00      0.01         8      32911.90  949438272.00        8088              0.04      1558
Clock-opt optimization Phase 37 Iter  6         0.00        0.00      0.01         8      32911.90  949438272.00        8088              0.04      1558
Clock-opt optimization Phase 37 Iter  7         0.00        0.00      0.01         8      32911.90  949438272.00        8088              0.04      1558
Clock-opt optimization Phase 37 Iter  8         0.00        0.00      0.01         8      32911.90  949438272.00        8088              0.04      1558
Clock-opt optimization Phase 37 Iter  9         0.00        0.00      0.01         8      32911.90  949438272.00        8088              0.04      1558
Clock-opt optimization Phase 37 Iter 10         0.00        0.00      0.01         8      32911.90  949438272.00        8088              0.04      1558
PBO-MultiScenePg: 0 total problems
Clock-opt optimization Phase 37 Iter 11         0.00        0.00      0.01         8      32911.90  949438272.00        8088              0.04      1558
Clock-opt optimization Phase 37 Iter 12         0.00        0.00      0.01         8      32911.90  949438272.00        8088              0.04      1558
Clock-opt optimization Phase 37 Iter 13         0.00        0.00      0.01         8      32911.90  949438272.00        8088              0.04      1558
Clock-opt optimization Phase 37 Iter 14         0.00        0.00      0.01         8      32911.90  949438272.00        8088              0.04      1558

Corner Scaling is off, multiplier is 1.000000
ndr _snps_autoNdr_delay_1w3s is auto ndr
ndr _snps_autoNdr_power is auto ndr
Clock-opt optimization Phase 38 Iter  1         0.00        0.00      0.01         8      32911.90  949438272.00        8088              0.04      1558
Clock-opt optimization Phase 38 Iter  2         0.00        0.00      0.01         8      32911.90  949438272.00        8088              0.04      1558
Clock-opt optimization Phase 38 Iter  3         0.00        0.00      0.01         1      32923.59  950069248.00        8088              0.04      1558
Corner Scaling is off, multiplier is 1.000000
ndr _snps_autoNdr_delay_1w3s is auto ndr
ndr _snps_autoNdr_power is auto ndr
Clock-opt optimization Phase 38 Iter  4         0.00        0.00      0.01         0      32924.10  950156160.00        8088              0.04      1558
Corner Scaling is off, multiplier is 1.000000
ndr _snps_autoNdr_delay_1w3s is auto ndr
ndr _snps_autoNdr_power is auto ndr
Clock-opt optimization Phase 38 Iter  5         0.00        0.00      0.01         0      32924.10  950156160.00        8088              0.04      1558
Clock-opt optimization Phase 38 Iter  6         0.00        0.00      0.01         0      32924.10  950156160.00        8088              0.04      1558
INFO: Restore MV PD Boundary Restriction

Clock-opt optimization Phase 39 Iter  1         0.00        0.00      0.01         0      32924.10  950156160.00        8094              0.04      1558
Corner Scaling is off, multiplier is 1.000000
ndr _snps_autoNdr_delay_1w3s is auto ndr
ndr _snps_autoNdr_power is auto ndr
Clock-opt optimization Phase 39 Iter  2         0.00        0.00      0.01         0      32924.10  950156160.00        8094              0.04      1558
Clock-opt optimization Phase 39 Iter  3         0.00        0.00      0.01         0      32924.10  950156160.00        8094              0.04      1558
GR Routing Service: Setting costIdx to 3 

Clock-opt optimization Phase 40 Iter  1         0.00        0.00      0.01         0      32924.10  950156160.00        8094              0.04      1558
Clock-opt optimization Phase 40 Iter  2         0.00        0.00      0.01         0      32924.10  950156160.00        8094              0.04      1558

Clock-opt optimization Phase 41 Iter  1         0.00        0.00      0.01         0      32924.10  950156160.00        8094              0.04      1558


Clock-opt route preserve complete         CPU:   155 s (  0.04 hr )  ELAPSE:   157 s (  0.04 hr )  MEM-PEAK:  1558 MB


Information: Runtime Summary (clock_opt / final_opto)  (FLW-9000)
----------------------------------------------------------------------------
    Elapse (Hrs)   Elapse (%)       CPU/Elapse       Category
----------------------------------------------------------------------------
      0.01           38.1%             1.0           Logic Restructure 
      0.01           23.3%             1.0           Power/Area Opt 
      0.00            7.5%             1.0           Global Route 
      0.00            7.1%             1.0           Init 
      0.00            5.4%             1.0           ECO Route 
      0.00            4.8%             1.0           DFT Opt 
      0.00            3.9%             1.0           LDRC 
      0.00            3.5%             1.0           Placement 
      0.00            1.7%             1.0           Setup Opt 
      0.00            1.4%             1.0           Other 
      0.00            1.4%             1.0           CCD 
      0.00            1.2%             1.0           Full Timing Update 
      0.00            0.5%             1.0           Power CCD 
      0.00            0.2%             1.0           Hold Opt 
      0.00            0.1%             1.0           Legalize 
      0.00            0.0%             1.0           DRC CCD 
      0.00            0.0%             1.0           TNS CCD 
----------------------------------------------------------------------------
      0.03          100.0%             1.0           Total 
----------------------------------------------------------------------------

Host Options:
-------------
Max cores: 1

Machine Spec:
-------------
INTEL(R) XEON(R) GOLD 6526Y / 64 CPUs  
Sockets: 2, Cores: 16, HT/SMT, not-VM
----------------------------------------------------------------------------

Information: Ending   clock_opt / final_opto (FLW-8001)
Information: Time: 2026-10-09 21:16:32 / Session:  00:02:37 / Command:  00:02:23 / CPU:  00:02:22 / Memory: 1559 MB (FLW-8100)


Clock-opt optimization complete                 0.00        0.00      0.01         0      32924.10  950156160.00        8094              0.04      1558
INFO: Sending timing info to router
Information: The netlist change observers are enabled for incremental extraction. (TIM-127)
nplDplc2Placer::setParam(effort,1)
nplDplc2Placer::setParam(debug,0)
nplDplc2Placer::setParam(site_check,2)
nplDplc2Placer::setParam(app_firm_wgt,0)
Warning: Routing direction of metal layer PO is neither "horizontal" nor "vertical".  PDC checks will not be performed on this layer. (PDC-003)
PDC app_options settings =========
	place.legalize.enable_prerouted_net_check: 1
	place.legalize.num_tracks_for_access_check: 1
	place.legalize.use_eol_spacing_for_access_check: 0
	place.legalize.allow_touch_track_for_access_check: 1
	place.legalize.reduce_conservatism_in_eol_check: 0
	place.legalize.preroute_shape_merge_distance: 0.0
	place.legalize.enable_non_preferred_direction_span_check: 0

Layer M1: cached 0 shapes out of 6041 total shapes.
Cached 1442 vias out of 75010 total vias.

Legalizing Top Level Design filtro_pdm ... 
Information: Initializing classic cellmap without advanced rules enabled and without PDC enabled
Information: The following app options are used in cellmap
        place.legalize.enable_color_aware_placement : false
        place.legalize.use_nll_query_cm : false
        place.legalize.enable_advanced_legalizer : false
        place.legalize.enable_prerouted_net_check : true
        place.legalize.enable_advanced_prerouted_net_check : false
        place.legalize.always_continue : true
        place.legalize.limit_legality_checks : false
        place.common.pnet_aware_density : 1.0000
        place.common.pnet_aware_min_width : 0.0000
        place.common.pnet_aware_layers : {}
        place.common.use_placement_model : false
        place.common.enable_advanced_placement_model : true
        cts.placement.cell_spacing_rule_style : maximum
Total 0.0177 seconds to build cellmap data
Information: Creating classic rule checker.
Warning: Routing direction of metal layer PO is neither "horizontal" nor "vertical".  PDC checks will not be performed on this layer. (PDC-003)
=====> Processed 63 ref cells (8 fillers) from library

Bounds/Regions In This Design:
        Area    Num Cells  Exclusive Name
 (square um)
     47906.1         8094        Yes DEFAULT_VA

Starting legalizer.
Warning: Exclusive bound 'DEFAULT' has no cells.
Optimizing Exclusive Bound 'DEFAULT_VA' (2/2)
    Done Exclusive Bound 'DEFAULT_VA' (2/2) (0 sec)
Legalization complete (0 total sec)

****************************************
  Report : Placement Attempts
  Site   : unit
****************************************

number of cells:                   8094
number of references:                63
number of site rows:                130
number of locations attempted:   154747
number of locations failed:           0  (0.0%)

Legality of references at locations:
0 references had failures.

Legality of references in rows:
0 references had row failures.

****************************************
  Report : Cell Displacements
****************************************

number of cells aggregated:        8059 (129065 total sites)
avg row height over cells:        1.672 um
rms cell displacement:            0.020 um ( 0.01 row height)
rms weighted cell displacement:   0.020 um ( 0.01 row height)
max cell displacement:            1.672 um ( 1.00 row height)
avg cell displacement:            0.001 um ( 0.00 row height)
avg weighted cell displacement:   0.001 um ( 0.00 row height)
number of cells moved:               18
number of large displacements:        0
large displacement threshold:     3.000 row height

Displacements of worst 10 cells:
Cell: u_fir/copt_gre_mc_inst_2231 (NBUFFX2_RVT)
  Input location: (120.504,178.872)
  Legal location: (120.504,180.544)
  Displacement:   1.672 um ( 1.00 row height)
Cell: u_fir/copt_gre_mc_inst_2235 (NBUFFX2_RVT)
  Input location: (176.896,213.984)
  Legal location: (175.984,213.984)
  Displacement:   0.912 um ( 0.55 row height)
Cell: copt_gre_mc_inst_2230 (NBUFFX2_RVT)
  Input location: (86.608,11.672)
  Legal location: (87.216,11.672)
  Displacement:   0.608 um ( 0.36 row height)
Cell: u_fir/HFSINV_268_677 (INVX0_RVT)
  Input location: (42.224,172.184)
  Legal location: (41.768,172.184)
  Displacement:   0.456 um ( 0.27 row height)
Cell: u_fir/intadd_61_U3 (FADDX1_RVT)
  Input location: (173.552,213.984)
  Legal location: (173.096,213.984)
  Displacement:   0.456 um ( 0.27 row height)
Cell: u_fir/intadd_44_U9 (FADDX1_RVT)
  Input location: (115.032,203.952)
  Legal location: (114.576,203.952)
  Displacement:   0.456 um ( 0.27 row height)
Cell: u_fir/HFSBUF_132_398 (NBUFFX2_RVT)
  Input location: (43.288,172.184)
  Legal location: (43.744,172.184)
  Displacement:   0.456 um ( 0.27 row height)
Cell: u_fir/intadd_52_U4 (FADDX2_RVT)
  Input location: (183.584,213.984)
  Legal location: (183.888,213.984)
  Displacement:   0.304 um ( 0.18 row height)
Cell: u_fir/copt_gre_mc_inst_2233 (NBUFFX2_RVT)
  Input location: (107.888,188.904)
  Legal location: (107.584,188.904)
  Displacement:   0.304 um ( 0.18 row height)
Cell: u_fir/U3464 (AO22X1_RVT)
  Input location: (176.896,213.984)
  Legal location: (177.2,213.984)
  Displacement:   0.304 um ( 0.18 row height)

Legalization succeeded.
Total Legalizer CPU: 0.432
Total Legalizer Wall Time: 0.433
----------------------------------------------------------------

Clock-opt legalization complete           CPU:   156 s (  0.04 hr )  ELAPSE:   158 s (  0.04 hr )  MEM-PEAK:  1558 MB
rtapi Thread-server 0: shutdown 

No. startProblems      =    24 

No. doRoutes           =     0 
No. doUnroutes         =     0 
No. redoRoutes         =     0 
No. redoUnroutes       =     0 
No. undoRoutes         =     0 
No. undoUnroutes       =     0 
No. commitRoutes       =     0 
No. commitUnroutes     =     0 
No. uncommitRoutes     =     0 
No. uncommitUnroutes   =     0 
No. doRoute fails      =     0 
No. doUnroute fails    =     0 

No. viaLadderQueries   =     0 
No. doDelVias          =     0 
No. doAddVias          =     0 
No. redoDelVias        =     0 
No. redoAddVias        =     0 
No. undoDelVias        =     0 
No. undoAddVias        =     0 
No. commitChangeVias   =     0 
No. uncommitChangeVias =     0 
No. doDelVias fails    =     0 
No. doAddVias fails    =     0 

Updating congestion ...
Updating congestion ...
GR Routing Service: Wrote GR congmap to NDM 
Information: The netlist change observers are disabled for incremental extraction. (TIM-126)
Information: The netlist change observers are enabled for incremental extraction. (TIM-127)
INFO: Running refresh_via_ladders
INFO: wire-opt feature for router enabled
Information: Forcing rerun of global router after global_route_opt due to app option route.global.force_rerun_after_global_route_opt being set. (ZRT-608)
Warning: Please run the command "check_routability" before running Zroute commands. (ZRT-762)
INFO: wire-opt feature for router enabled
Information: The net parasitics of block filtro_pdm are cleared. (TIM-123)
Start Global Route ... 
[Init] Elapsed real time: 0:00:00 
[Init] Elapsed cpu  time: sys=0:00:00 usr=0:00:00 total=0:00:00
[Init] Stage (MB): Used    0  Alloctr    0  Proc    0 
[Init] Total (MB): Used    0  Alloctr    0  Proc 5687 
Printing options for 'route.common.*'
common.verbose_level                                    :	 0                   

Printing options for 'route.global.*'
global.force_rerun_after_global_route_opt               :	 true                
global.timing_driven                                    :	 false               

Begin global routing.
Cell Min-Routing-Layer = M1
Cell Max-Routing-Layer = MRDL
Turn off antenna since no rule is specified
Information: Option route.detail.force_end_on_preferred_grid will be ignored since none of the layers have preferred grid. (ZRT-703)
Warning: Cannot find a default contact code for layer CO. (ZRT-022)
Info: number of net_type_blockage: 0 
Information: Via ladder engine would be activated for pattern must join connection in certain commands. Please refer to man-page for the command list. (ZRT-619)
Information: AutoNdr rule can't be found. Check the settings.
Information: When applicable Min-max layer allow_pin_connection mode will allow paths of length 3.55 outside the layer range. (ZRT-707)
Information: When applicable Min-max layer allow_pin_connection mode will allow paths of length 3.55 outside the layer range on clock nets. (ZRT-718)
Information: When applicable layer based tapering will taper up to 0.00 in distance from the pin. (ZRT-706)
Warning: Standard cell pin AOINVX2_RVT/VDDG has no valid via regions. (ZRT-044)
Warning: Standard cell pin AOBUFX1_RVT/VDDG has no valid via regions. (ZRT-044)
Warning: Standard cell pin AOBUFX2_RVT/VDDG has no valid via regions. (ZRT-044)
Warning: Standard cell pin AOBUFX4_RVT/VDDG has no valid via regions. (ZRT-044)
Warning: Standard cell pin AOINVX1_RVT/VDDG has no valid via regions. (ZRT-044)
Warning: Standard cell pin AOINVX4_RVT/VDDG has no valid via regions. (ZRT-044)
Current Stage stats:
[End of Read DB] Elapsed real time: 0:00:00 
[End of Read DB] Elapsed cpu  time: sys=0:00:00 usr=0:00:00 total=0:00:00
[End of Read DB] Stage (MB): Used    0  Alloctr    0  Proc    0 
[End of Read DB] Total (MB): Used    0  Alloctr    0  Proc 5687 
Loading parastics information to the router ...
parastics information loaded to the router.
[End of Loading Timing] Elapsed real time: 0:00:00 
[End of Loading Timing] Elapsed cpu  time: sys=0:00:00 usr=0:00:00 total=0:00:00
Constructing data structure ...
Design statistics:
Design Bounding Box (0.00um,0.00um,240.40um,237.36um)
Number of routing layers = 10
layer M1, dir Ver, min width = 0.05um, min space = 0.05um pitch = 0.152um
layer M2, dir Hor, min width = 0.056um, min space = 0.056um pitch = 0.152um
layer M3, dir Ver, min width = 0.056um, min space = 0.056um pitch = 0.304um
layer M4, dir Hor, min width = 0.056um, min space = 0.056um pitch = 0.304um
layer M5, dir Ver, min width = 0.056um, min space = 0.056um pitch = 0.608um
layer M6, dir Hor, min width = 0.056um, min space = 0.056um pitch = 0.608um
layer M7, dir Ver, min width = 0.056um, min space = 0.056um pitch = 1.216um
layer M8, dir Hor, min width = 0.056um, min space = 0.056um pitch = 1.216um
layer M9, dir Ver, min width = 0.16um, min space = 0.16um pitch = 2.432um
layer MRDL, dir Hor, min width = 2um, min space = 2um pitch = 4.864um
Current Stage stats:
[End of Build Tech Data] Elapsed real time: 0:00:00 
[End of Build Tech Data] Elapsed cpu  time: sys=0:00:00 usr=0:00:00 total=0:00:00
[End of Build Tech Data] Stage (MB): Used    0  Alloctr    0  Proc    0 
[End of Build Tech Data] Total (MB): Used    0  Alloctr    0  Proc 5687 
Net statistics:
Total number of nets     = 12009
Number of nets to route  = 12001
57 nets are with PSV shapes
 of which 0 are open nets
 and 0 are open nets with PSV only
8 open nets
 of which 8 are without routing or PSV shapes
12001 nets are fully connected,
 of which 8 are detail routed and 11963 are global routed.
Current Stage stats:
[End of Build All Nets] Elapsed real time: 0:00:00 
[End of Build All Nets] Elapsed cpu  time: sys=0:00:00 usr=0:00:00 total=0:00:00
[End of Build All Nets] Stage (MB): Used    0  Alloctr    0  Proc    0 
[End of Build All Nets] Total (MB): Used    0  Alloctr    0  Proc 5687 
Net length statistics: 
Net Count(Ignore Fully Rted) 61, Total Half Perimeter Wire Length (HPWL) 2014 microns
HPWL   0 ~   50 microns: Net Count       44	Total HPWL          584 microns
HPWL  50 ~  100 microns: Net Count       13	Total HPWL          926 microns
HPWL 100 ~  200 microns: Net Count        4	Total HPWL          504 microns
HPWL 200 ~  300 microns: Net Count        0	Total HPWL            0 microns
HPWL 300 ~  400 microns: Net Count        0	Total HPWL            0 microns
HPWL 400 ~  500 microns: Net Count        0	Total HPWL            0 microns
HPWL 500 ~  600 microns: Net Count        0	Total HPWL            0 microns
HPWL 600 ~  700 microns: Net Count        0	Total HPWL            0 microns
HPWL 700 ~  800 microns: Net Count        0	Total HPWL            0 microns
HPWL 800 ~  900 microns: Net Count        0	Total HPWL            0 microns
HPWL 900 ~ 1000 microns: Net Count        0	Total HPWL            0 microns
HPWL     > 1000 microns: Net Count        0	Total HPWL            0 microns
Number of partitions: 1 (1 x 1)
Size of partitions: 144 gCells x 142 gCells
Average gCell capacity  1.75	 on layer (1)	 M1
Average gCell capacity  10.94	 on layer (2)	 M2
Average gCell capacity  5.43	 on layer (3)	 M3
Average gCell capacity  5.49	 on layer (4)	 M4
Average gCell capacity  2.74	 on layer (5)	 M5
Average gCell capacity  2.74	 on layer (6)	 M6
Average gCell capacity  1.36	 on layer (7)	 M7
Average gCell capacity  1.36	 on layer (8)	 M8
Average gCell capacity  0.67	 on layer (9)	 M9
Average gCell capacity  0.33	 on layer (10)	 MRDL
Average number of tracks per gCell 10.99	 on layer (1)	 M1
Average number of tracks per gCell 11.00	 on layer (2)	 M2
Average number of tracks per gCell 5.50	 on layer (3)	 M3
Average number of tracks per gCell 5.51	 on layer (4)	 M4
Average number of tracks per gCell 2.76	 on layer (5)	 M5
Average number of tracks per gCell 2.76	 on layer (6)	 M6
Average number of tracks per gCell 1.39	 on layer (7)	 M7
Average number of tracks per gCell 1.39	 on layer (8)	 M8
Average number of tracks per gCell 0.70	 on layer (9)	 M9
Average number of tracks per gCell 0.35	 on layer (10)	 MRDL
Number of gCells = 204480
Current Stage stats:
[End of Build Congestion Map] Elapsed real time: 0:00:00 
[End of Build Congestion Map] Elapsed cpu  time: sys=0:00:00 usr=0:00:00 total=0:00:00
[End of Build Congestion Map] Stage (MB): Used    0  Alloctr    0  Proc    0 
[End of Build Congestion Map] Total (MB): Used    0  Alloctr    0  Proc 5687 
Current Stage stats:
[End of Add Nets Demand] Elapsed real time: 0:00:00 
[End of Add Nets Demand] Elapsed cpu  time: sys=0:00:00 usr=0:00:00 total=0:00:00
[End of Add Nets Demand] Stage (MB): Used    0  Alloctr    0  Proc    0 
[End of Add Nets Demand] Total (MB): Used    0  Alloctr    0  Proc 5687 
Number of user frozen nets = 0
Information: RC layer preference is turned on for this design. (ZRT-613)
Total stats:
[End of Build Data] Elapsed real time: 0:00:00 
[End of Build Data] Elapsed cpu  time: sys=0:00:00 usr=0:00:00 total=0:00:00
[End of Build Data] Stage (MB): Used    0  Alloctr    0  Proc    0 
[End of Build Data] Total (MB): Used    0  Alloctr    0  Proc 5687 
Number of partitions: 1 (1 x 1)
Size of partitions: 144 gCells x 142 gCells
Current Stage stats:
[End of Blocked Pin Detection] Elapsed real time: 0:00:00 
[End of Blocked Pin Detection] Elapsed cpu  time: sys=0:00:00 usr=0:00:00 total=0:00:00
[End of Blocked Pin Detection] Stage (MB): Used    0  Alloctr    0  Proc    0 
[End of Blocked Pin Detection] Total (MB): Used    0  Alloctr    0  Proc 5687 
Information: Using 1 threads for routing. (ZRT-444)
Information: Multiple gcell levels ON
Information: Buffer distance is estimated to be ~862.0000um (515 gCells)

Start GR phase 0
Number of partitions: 1 (1 x 1)
Size of partitions: 144 gCells x 142 gCells
[rtAllBotParts] Elapsed real time: 0:00:00 
[rtAllBotParts] Elapsed cpu  time: sys=0:00:00 usr=0:00:00 total=0:00:00
[rtTop] Elapsed real time: 0:00:00 
[rtTop] Elapsed cpu  time: sys=0:00:00 usr=0:00:00 total=0:00:00
[updNetsDmd] Elapsed real time: 0:00:00 
[updNetsDmd] Elapsed cpu  time: sys=0:00:00 usr=0:00:00 total=0:00:00
Current Stage stats:
[End of Initial Routing] Elapsed real time: 0:00:00 
[End of Initial Routing] Elapsed cpu  time: sys=0:00:00 usr=0:00:00 total=0:00:00
[End of Initial Routing] Stage (MB): Used    0  Alloctr    0  Proc    0 
[End of Initial Routing] Total (MB): Used    0  Alloctr    0  Proc 5687 
Initial. Routing result:
Initial. Both Dirs: Dmd-Cap  =     0 Max = 0 GRCs =     0 (0.00%)
Initial. H routing: Dmd-Cap  =     0 Max = 0 (GRCs =  0) GRCs =     0 (0.00%)
Initial. V routing: Dmd-Cap  =     0 Max = 0 (GRCs =  0) GRCs =     0 (0.00%)
Initial. Both Dirs: Overflow =     1 Max = 1 GRCs =     1 (0.00%)
Initial. H routing: Overflow =     0 Max = 0 (GRCs =  0) GRCs =     0 (0.00%)
Initial. V routing: Overflow =     1 Max = 1 (GRCs =  1) GRCs =     1 (0.00%)
Initial. M1         Overflow =     0 Max = 0 (GRCs =  0) GRCs =     0 (0.00%)
Initial. M2         Overflow =     0 Max = 0 (GRCs =  0) GRCs =     0 (0.00%)
Initial. M3         Overflow =     1 Max = 1 (GRCs =  1) GRCs =     1 (0.00%)
Initial. M4         Overflow =     0 Max = 0 (GRCs =  0) GRCs =     0 (0.00%)
Initial. M5         Overflow =     0 Max = 0 (GRCs =  0) GRCs =     0 (0.00%)
Initial. M6         Overflow =     0 Max = 0 (GRCs =  0) GRCs =     0 (0.00%)
Initial. M7         Overflow =     0 Max = 0 (GRCs =  0) GRCs =     0 (0.00%)
Initial. M8         Overflow =     0 Max = 0 (GRCs =  0) GRCs =     0 (0.00%)
Initial. M9         Overflow =     0 Max = 0 (GRCs =  0) GRCs =     0 (0.00%)
Initial. MRDL       Overflow =     0 Max = 0 (GRCs =  0) GRCs =     0 (0.00%)

Initial. Total Wire Length = 205805.68
Initial. Layer M1 wire length = 1339.63
Initial. Layer M2 wire length = 72832.12
Initial. Layer M3 wire length = 75769.96
Initial. Layer M4 wire length = 8877.32
Initial. Layer M5 wire length = 36941.57
Initial. Layer M6 wire length = 1131.32
Initial. Layer M7 wire length = 8626.17
Initial. Layer M8 wire length = 30.10
Initial. Layer M9 wire length = 257.49
Initial. Layer MRDL wire length = 0.00
Initial. Total Number of Contacts = 69459
Initial. Via VIA12SQ_C count = 33343
Initial. Via VIA23SQ_C count = 30657
Initial. Via VIA34SQ_C count = 2452
Initial. Via VIA45SQ_C count = 2288
Initial. Via VIA56SQ_C count = 338
Initial. Via VIA67SQ_C count = 357
Initial. Via VIA78SQ_C count = 12
Initial. Via VIA89_C count = 12
Initial. Via VIA9RDL count = 0
Initial. completed.

Start GR phase 1
Fri Oct  9 21:16:34 2026
Number of partitions: 1 (1 x 1)
Size of partitions: 144 gCells x 142 gCells
10% of nets complete Elapsed cpu time: 0:00:00 Elapsed real time: 0:00:00
20% of nets complete Elapsed cpu time: 0:00:00 Elapsed real time: 0:00:00
30% of nets complete Elapsed cpu time: 0:00:00 Elapsed real time: 0:00:00
40% of nets complete Elapsed cpu time: 0:00:00 Elapsed real time: 0:00:00
50% of nets complete Elapsed cpu time: 0:00:00 Elapsed real time: 0:00:00
60% of nets complete Elapsed cpu time: 0:00:00 Elapsed real time: 0:00:00
70% of nets complete Elapsed cpu time: 0:00:00 Elapsed real time: 0:00:00
80% of nets complete Elapsed cpu time: 0:00:00 Elapsed real time: 0:00:00
90% of nets complete Elapsed cpu time: 0:00:00 Elapsed real time: 0:00:00
[rtAllParts] Elapsed real time: 0:00:00 
[rtAllParts] Elapsed cpu  time: sys=0:00:00 usr=0:00:00 total=0:00:00
[updNetsDmd] Elapsed real time: 0:00:00 
[updNetsDmd] Elapsed cpu  time: sys=0:00:00 usr=0:00:00 total=0:00:00
Current Stage stats:
[End of Phase1 Routing] Elapsed real time: 0:00:00 
[End of Phase1 Routing] Elapsed cpu  time: sys=0:00:00 usr=0:00:00 total=0:00:00
[End of Phase1 Routing] Stage (MB): Used    0  Alloctr    0  Proc    0 
[End of Phase1 Routing] Total (MB): Used    0  Alloctr    0  Proc 5687 
phase1. Routing result:
phase1. Both Dirs: Dmd-Cap  =     0 Max = 0 GRCs =     0 (0.00%)
phase1. H routing: Dmd-Cap  =     0 Max = 0 (GRCs =  0) GRCs =     0 (0.00%)
phase1. V routing: Dmd-Cap  =     0 Max = 0 (GRCs =  0) GRCs =     0 (0.00%)
phase1. Both Dirs: Overflow =     0 Max = 0 GRCs =     0 (0.00%)
phase1. H routing: Overflow =     0 Max = 0 (GRCs =  0) GRCs =     0 (0.00%)
phase1. V routing: Overflow =     0 Max = 0 (GRCs =  0) GRCs =     0 (0.00%)
phase1. M1         Overflow =     0 Max = 0 (GRCs =  0) GRCs =     0 (0.00%)
phase1. M2         Overflow =     0 Max = 0 (GRCs =  0) GRCs =     0 (0.00%)
phase1. M3         Overflow =     0 Max = 0 (GRCs =  0) GRCs =     0 (0.00%)
phase1. M4         Overflow =     0 Max = 0 (GRCs =  0) GRCs =     0 (0.00%)
phase1. M5         Overflow =     0 Max = 0 (GRCs =  0) GRCs =     0 (0.00%)
phase1. M6         Overflow =     0 Max = 0 (GRCs =  0) GRCs =     0 (0.00%)
phase1. M7         Overflow =     0 Max = 0 (GRCs =  0) GRCs =     0 (0.00%)
phase1. M8         Overflow =     0 Max = 0 (GRCs =  0) GRCs =     0 (0.00%)
phase1. M9         Overflow =     0 Max = 0 (GRCs =  0) GRCs =     0 (0.00%)
phase1. MRDL       Overflow =     0 Max = 0 (GRCs =  0) GRCs =     0 (0.00%)

phase1. Total Wire Length = 205809.00
phase1. Layer M1 wire length = 1339.63
phase1. Layer M2 wire length = 72835.40
phase1. Layer M3 wire length = 75770.01
phase1. Layer M4 wire length = 8877.32
phase1. Layer M5 wire length = 36941.57
phase1. Layer M6 wire length = 1131.32
phase1. Layer M7 wire length = 8626.17
phase1. Layer M8 wire length = 30.10
phase1. Layer M9 wire length = 257.49
phase1. Layer MRDL wire length = 0.00
phase1. Total Number of Contacts = 69459
phase1. Via VIA12SQ_C count = 33343
phase1. Via VIA23SQ_C count = 30657
phase1. Via VIA34SQ_C count = 2452
phase1. Via VIA45SQ_C count = 2288
phase1. Via VIA56SQ_C count = 338
phase1. Via VIA67SQ_C count = 357
phase1. Via VIA78SQ_C count = 12
phase1. Via VIA89_C count = 12
phase1. Via VIA9RDL count = 0
phase1. completed.

Start GR phase 2
Fri Oct  9 21:16:34 2026
Number of partitions: 1 (1 x 1)
Size of partitions: 144 gCells x 142 gCells
[rtAllParts] Elapsed real time: 0:00:00 
[rtAllParts] Elapsed cpu  time: sys=0:00:00 usr=0:00:00 total=0:00:00
[updNetsDmd] Elapsed real time: 0:00:00 
[updNetsDmd] Elapsed cpu  time: sys=0:00:00 usr=0:00:00 total=0:00:00
Current Stage stats:
[End of Phase2 Routing] Elapsed real time: 0:00:00 
[End of Phase2 Routing] Elapsed cpu  time: sys=0:00:00 usr=0:00:00 total=0:00:00
[End of Phase2 Routing] Stage (MB): Used    0  Alloctr    0  Proc    0 
[End of Phase2 Routing] Total (MB): Used    0  Alloctr    0  Proc 5687 
phase2. Routing result:
phase2. Both Dirs: Dmd-Cap  =     0 Max = 0 GRCs =     0 (0.00%)
phase2. H routing: Dmd-Cap  =     0 Max = 0 (GRCs =  0) GRCs =     0 (0.00%)
phase2. V routing: Dmd-Cap  =     0 Max = 0 (GRCs =  0) GRCs =     0 (0.00%)
phase2. Both Dirs: Overflow =     0 Max = 0 GRCs =     0 (0.00%)
phase2. H routing: Overflow =     0 Max = 0 (GRCs =  0) GRCs =     0 (0.00%)
phase2. V routing: Overflow =     0 Max = 0 (GRCs =  0) GRCs =     0 (0.00%)
phase2. M1         Overflow =     0 Max = 0 (GRCs =  0) GRCs =     0 (0.00%)
phase2. M2         Overflow =     0 Max = 0 (GRCs =  0) GRCs =     0 (0.00%)
phase2. M3         Overflow =     0 Max = 0 (GRCs =  0) GRCs =     0 (0.00%)
phase2. M4         Overflow =     0 Max = 0 (GRCs =  0) GRCs =     0 (0.00%)
phase2. M5         Overflow =     0 Max = 0 (GRCs =  0) GRCs =     0 (0.00%)
phase2. M6         Overflow =     0 Max = 0 (GRCs =  0) GRCs =     0 (0.00%)
phase2. M7         Overflow =     0 Max = 0 (GRCs =  0) GRCs =     0 (0.00%)
phase2. M8         Overflow =     0 Max = 0 (GRCs =  0) GRCs =     0 (0.00%)
phase2. M9         Overflow =     0 Max = 0 (GRCs =  0) GRCs =     0 (0.00%)
phase2. MRDL       Overflow =     0 Max = 0 (GRCs =  0) GRCs =     0 (0.00%)

phase2. Total Wire Length = 205809.00
phase2. Layer M1 wire length = 1339.63
phase2. Layer M2 wire length = 72835.40
phase2. Layer M3 wire length = 75770.01
phase2. Layer M4 wire length = 8877.32
phase2. Layer M5 wire length = 36941.57
phase2. Layer M6 wire length = 1131.32
phase2. Layer M7 wire length = 8626.17
phase2. Layer M8 wire length = 30.10
phase2. Layer M9 wire length = 257.49
phase2. Layer MRDL wire length = 0.00
phase2. Total Number of Contacts = 69459
phase2. Via VIA12SQ_C count = 33343
phase2. Via VIA23SQ_C count = 30657
phase2. Via VIA34SQ_C count = 2452
phase2. Via VIA45SQ_C count = 2288
phase2. Via VIA56SQ_C count = 338
phase2. Via VIA67SQ_C count = 357
phase2. Via VIA78SQ_C count = 12
phase2. Via VIA89_C count = 12
phase2. Via VIA9RDL count = 0
phase2. completed.

Start GR phase 3
Fri Oct  9 21:16:34 2026
Number of partitions: 1 (1 x 1)
Size of partitions: 144 gCells x 142 gCells
[rtAllParts] Elapsed real time: 0:00:00 
[rtAllParts] Elapsed cpu  time: sys=0:00:00 usr=0:00:00 total=0:00:00
[updNetsDmd] Elapsed real time: 0:00:00 
[updNetsDmd] Elapsed cpu  time: sys=0:00:00 usr=0:00:00 total=0:00:00
Current Stage stats:
[End of Phase3 Routing] Elapsed real time: 0:00:00 
[End of Phase3 Routing] Elapsed cpu  time: sys=0:00:00 usr=0:00:00 total=0:00:00
[End of Phase3 Routing] Stage (MB): Used    0  Alloctr    0  Proc    0 
[End of Phase3 Routing] Total (MB): Used    0  Alloctr    0  Proc 5687 
phase3. Routing result:
phase3. Both Dirs: Dmd-Cap  =     0 Max = 0 GRCs =     0 (0.00%)
phase3. H routing: Dmd-Cap  =     0 Max = 0 (GRCs =  0) GRCs =     0 (0.00%)
phase3. V routing: Dmd-Cap  =     0 Max = 0 (GRCs =  0) GRCs =     0 (0.00%)
phase3. Both Dirs: Overflow =     0 Max = 0 GRCs =     0 (0.00%)
phase3. H routing: Overflow =     0 Max = 0 (GRCs =  0) GRCs =     0 (0.00%)
phase3. V routing: Overflow =     0 Max = 0 (GRCs =  0) GRCs =     0 (0.00%)
phase3. M1         Overflow =     0 Max = 0 (GRCs =  0) GRCs =     0 (0.00%)
phase3. M2         Overflow =     0 Max = 0 (GRCs =  0) GRCs =     0 (0.00%)
phase3. M3         Overflow =     0 Max = 0 (GRCs =  0) GRCs =     0 (0.00%)
phase3. M4         Overflow =     0 Max = 0 (GRCs =  0) GRCs =     0 (0.00%)
phase3. M5         Overflow =     0 Max = 0 (GRCs =  0) GRCs =     0 (0.00%)
phase3. M6         Overflow =     0 Max = 0 (GRCs =  0) GRCs =     0 (0.00%)
phase3. M7         Overflow =     0 Max = 0 (GRCs =  0) GRCs =     0 (0.00%)
phase3. M8         Overflow =     0 Max = 0 (GRCs =  0) GRCs =     0 (0.00%)
phase3. M9         Overflow =     0 Max = 0 (GRCs =  0) GRCs =     0 (0.00%)
phase3. MRDL       Overflow =     0 Max = 0 (GRCs =  0) GRCs =     0 (0.00%)

phase3. Total Wire Length = 205809.00
phase3. Layer M1 wire length = 1339.63
phase3. Layer M2 wire length = 72835.40
phase3. Layer M3 wire length = 75770.01
phase3. Layer M4 wire length = 8877.32
phase3. Layer M5 wire length = 36941.57
phase3. Layer M6 wire length = 1131.32
phase3. Layer M7 wire length = 8626.17
phase3. Layer M8 wire length = 30.10
phase3. Layer M9 wire length = 257.49
phase3. Layer MRDL wire length = 0.00
phase3. Total Number of Contacts = 69459
phase3. Via VIA12SQ_C count = 33343
phase3. Via VIA23SQ_C count = 30657
phase3. Via VIA34SQ_C count = 2452
phase3. Via VIA45SQ_C count = 2288
phase3. Via VIA56SQ_C count = 338
phase3. Via VIA67SQ_C count = 357
phase3. Via VIA78SQ_C count = 12
phase3. Via VIA89_C count = 12
phase3. Via VIA9RDL count = 0
phase3. completed.
[End of Whole Chip Routing] Elapsed real time: 0:00:01 
[End of Whole Chip Routing] Elapsed cpu  time: sys=0:00:00 usr=0:00:01 total=0:00:01
[End of Whole Chip Routing] Stage (MB): Used    0  Alloctr    0  Proc    0 
[End of Whole Chip Routing] Total (MB): Used    0  Alloctr    0  Proc 5687 

Congestion utilization per direction:
Average vertical track utilization   = 38.07 %
Peak    vertical track utilization   = 100.00 %
Average horizontal track utilization = 19.90 %
Peak    horizontal track utilization = 68.42 %

[End of Global Routing] Elapsed real time: 0:00:01 
[End of Global Routing] Elapsed cpu  time: sys=0:00:00 usr=0:00:01 total=0:00:01
[End of Global Routing] Stage (MB): Used    0  Alloctr    0  Proc    0 
[End of Global Routing] Total (MB): Used    0  Alloctr    0  Proc 5687 
Total number of open nets = 0, of which 0 are frozen
Updating the database ...
Updating congestion ...
Information: Extraction observers are detached as design net change threshold is reached.
[End of dbOut] Elapsed real time: 0:00:00 
[End of dbOut] Elapsed cpu  time: sys=0:00:00 usr=0:00:00 total=0:00:00
[End of dbOut] Stage (MB): Used    0  Alloctr    0  Proc    0 
[End of dbOut] Total (MB): Used    0  Alloctr    0  Proc 5687 
Information: Maximum hot spot size per layer
	M4	0
	M5	0
	M6	0
	M7	0
	M8	0
	M9	0
	MRDL	0
Maximum hot spot size is 0 
CONG_HS metric is 0.000 


Clock-opt Incremental Global-routing complete  CPU:   158 s (  0.04 hr )  ELAPSE:   160 s (  0.04 hr )  MEM-PEAK:  1558 MB
INFO: place.legalize.enable_advanced_legalizer not set - need to revert CLO
INFO: First Clock-opt did not mark run with CLO enabled/disabled property
[Tim-Power] Info: Destroyed power manager, requires activity propagation and power calculation during next update.
Information: The stitching and editing of coupling caps is turned OFF for design 'filtro_pdm.dlib:filtro_pdm/place.design'. (TIM-125)
Information: Design filtro_pdm has 12009 nets, 11975 global routed, 32 detail routed. (NEX-024)
Information: build GR coup map successfully (NEX-012)
Information: The RC mode used is GR for design 'filtro_pdm'. (NEX-022)
Information: Activity propagation will be performed for scenario default.
Information: Doing activity propagation for mode 'default' and corner 'default' with effort level 'medium'. (POW-024)
Information: Timer-derived activity data is cached on scenario default (POW-052)
Information: Running switching activity propagation in scalar mode!

 **** Information : No. of simulation cycles = 6 ****
Information: Update timing completed net estimation for all the timing graph nets (TIM-111)
Information: Net estimation statistics: timing graph nets = 12007, routed nets = 12007, across physical hierarchy nets = 0, parasitics cached nets = 12007, delay annotated nets = 0, parasitics annotated nets = 0, multi-voltage nets = 0. (TIM-112)
[Non-Incremental Power-Update] SCENE[default_late] PROP[late] InstanceSize[8094]
Co-efficient Ratio Summary:
4.193421605155  6.578038173730  2.479639287277  7.744187540401  -0.485050100353  3.179565833434  5.567214754426  2.894454587461  6.565921217863  9.017937505874  3.104670600933  84.619536698516  0.784536070820  7.442890811238  3.181183749079  6.992315460832
4.646239500641  3.823702212269  3.871840296193  1.424294066690  -9.687527999646  6.131807232694  1.465787932186  8.763589381122  1.911351036960  9.637341410942  7.001484238813  70.020247044037  5.023902746944  6.345691629962  1.220143495077  5.967902596778
6.224305671704  0.238797715000  3.284509589705  9.611151237147  -0.128739789272  0.513551216632  7.835139826750  8.372519299733  3.443640824458  6.760973162271  7.389438336496  55.894130361759  1.480644417731  2.106100666767  9.078090026983  1.314343830187
8.805817928323  0.072343539122  6.270037326705  0.450494780240  -3.928173731613  9.852544054160  0.210066110066  4.718589855457  0.746653063562  4.878808820782  6.857253478475  87.319323235409  0.272560102677  8.236335740626  1.425313446381  6.766684399187
4.740224950513  6.567966215027  5.706185626119  8.134461036181  -4.723121171581  6.753657767486  0.418221079584  5.624697562041  7.273871193921  1.608673380650  4.886823459472  31.875481533684  8.432796878949  1.154719468601  4.924472920001  0.405224390953
4.590768921970  4.170951209159  0.006744354660  9.230842681426  -9.005588446071  9.326522482444  6.379456735048  7.070545116827  1.601288871734  3.371851099395  6.270837336178  48.757824494677  2.630959546964  9.532514852994  6.656299009097  9.409850758072
6.136993113139  7.763510072170  9.625254751594  7.417690064932  -2.209371201703  1.043513581151  9.666269582673  0.883342434938  3.292435021621  6.918317961214  2.422527731115  53.806281423519  1.419587786139  2.866745422019  5.692879303132  5.858500224802
5.513631359359  5.213535407563  4.512012804123  4.775181265300  -0.522000517760  3.135331833523  4.650816448322  7.371884048373  1.125482936801  0.550338671494  1.242254012305  27.646231676272  7.014530411049  7.845063474711  0.998512847436  4.042482846769
7.943493242169  3.877015511999  8.999723005082  0.262507546850  -3.017919714214  1.169627813033  4.141833553751  5.565094379098  9.360291467026  4.254590202175  0.846490784714  81.185841345773  4.040614343935  1.421798892074  0.044460741463  7.138106552498
4.361330991019  8.619745279820  6.103190282792  4.529562340725  -9.547726036300  8.696336740310  3.784709364151  5.702741133615  6.476694424697  6.650523956592  1.087480018964  69.925893001463  8.327838243612  3.421412655657  8.038100530247  9.639342477774
4.187540401048  5.050000353317  9.565833784556  7.214754587289  -4.454387561656  5.921217863901  7.937505874310  4.670800933986  3.439509851607  8.123964085274  4.208341023831  77.100313479699  2.253567236041  6.239317141382  3.702249069387  1.840351393142
4.294066690968  7.527899646613  1.807232944146  5.787932247876  -3.589181222191  1.351036960963  7.341410942700  1.484438813840  4.500644403750  2.060531697663  4.588422896212  16.160069477596  7.840693172209  4.305488204023  8.797742800328  4.509644905961
1.151237147012  8.739689272051  3.551216982783  5.139826811837  -2.519099833344  3.640824458676  0.973162271738  9.438536496698  1.999976475914  8.734708739540  0.639328776790  63.809687583131  4.281934016233  5.817733123007  2.343566622627  0.037480505045
0.494780240392  8.173631613985  2.544054410021  0.066110127471  -8.589655557074  6.653063564625  8.808820784957  7.253678675913  3.418263840902  7.926377223101  3.652836362614  10.066260181676  6.522492009020  0.224765813656  7.966242027570  6.185780919813
4.461036181472  3.121071581675  3.657767486041  8.221079584562  -4.697562141727  3.871193921160  8.673380650488  6.823459472458  9.024093668484  3.949944850324  5.490208160149  19.176650401040  5.162492800480  0.768735670417  0.951235559000  6.744418460923
0.842681426900  5.588346071932  6.522482444637  9.456735048707  -0.545116927160  1.288871734337  1.851099395627  0.837336178527  7.268389467726  3.765211699695  3.270746299466  42.280073497940  9.798853511822  6.993928539776  3.510009270962  5.254815394741
7.690064932220  9.371101703104  3.513581151966  6.269582673088  -3.342434038329  2.435021623839  8.317961216514  2.527731315678  2.104082351914  1.628035616128  6.693803201956  88.860377532585  8.448329341760  3.631164759521  3.535434663451  2.012968923477
5.181265300052  2.000417760313  5.331833872465  0.816448557737  -1.884848473112  5.482936801055  0.338671494124  2.254212305316  6.109007627270  1.123308107178  4.525608471109  84.537721236404  2.320941614543  3.493057769387  7.015548299899  9.723169882026
2.507546850301  7.919614214116  9.627813033414  1.833553751556  -5.094379198936  0.291367026425  4.590202092084  6.499784714951  1.774674577340  4.731712747214  2.198150207400  30.485725263713  8.044657343285  1.330706619861  9.745206120610  3.190346592452
9.562340725954  7.726936300869  6.336740310378  4.709364151570  -2.741133715647  6.694424697665  0.523956592108  7.480218964738  2.389440146383  2.453161041934  2.160516565780  24.125314047963  9.280572629267  7.540216648505  0.000380617956  5.833848356721
4.754587289445  4.387461656592  1.217863901793  7.505874310467  -0.800933086343  9.509851607812  3.964085274420  8.341123831811  5.604907969922  5.026083246462  3.950067838237  98.264747187184  0.299498097278  4.066405568752  7.899673913180  7.232008946578
7.932247876358  9.181122191135  1.036960963734  1.410942700148  -4.438813940450  0.644403750206  0.531697663458  8.422996212201  1.679507759678  4.739677862243  0.567173102387  83.767588128450  9.582000816964  1.237952612873  9.689209351355  1.216046583513
9.826811837251  9.099733344364  0.824458676097  3.162271738943  -8.536496798199  9.976175914614  4.708776321804  9.326676890780  6.332698313142  8.863018788058  1.792833000723  39.581600427003  7.329000990898  4.780055992817  3.631640285254  4.054574821006
6.110127471858  9.655457074665  3.063562487880  8.820782685725  -3.678475013341  8.263540902533  6.377260982106  2.834062714253  8.674638167665  2.919918747402  2.495052065679  52.267505370618  5.629414768295  1.036996072312  1.071518975365  7.767540841822
1.079584562469  7.562041727387  1.193921160867  3.380650488682  -3.459472558902  4.093368484135  9.944897111380  0.206860249244  4.522000104051  6.919095345907  6.892198741709  47.228088200674  4.357965523084  2.681231300558  8.346008032652  2.482508437945
6.735048707054  5.116827160128  8.871734337185  1.099395627083  -7.336178627726  8.389467726376  5.211699695327  0.745299466562  6.230909794097  9.555807261369  9.311313177635  06.198039562525  4.754890105112  0.064747820937  1.101730404351  3.581215766626
9.582673088334  2.434938329243  5.021621691831  7.961214242252  -7.731115778210  4.082351914162  8.035616128669  3.802201956928  4.260313258584  4.502480255136  3.135935152135  21.523422051201  2.807429831961  1.265115652200  0.417797613533  1.833936265081
6.448557737188  4.848373112548  2.936801055033  8.671494124225  -4.212305416610  9.007627270953  3.308107178293  5.607471209985  8.514743640423  2.764676979434  9.324216138770  01.637858499972  3.008388480603  7.546665901791  9.614241416962  7.813197214183
3.553751556509  4.379098936029  1.367026425459  0.202092084649  -9.784714051177  4.674577340473  1.712747214219  8.159207400444  3.314146371380  4.135249843613  3.099101186197  31.395789210319  0.285098816309  2.340530554772  6.936337169633  6.740474178470
9.364151570274  1.133615647669  4.424697665052  3.956592108748  -0.218964838238  9.440146383245  3.161041934216  0.515565780381  7.373024796392  8.727777441875  4.040104050500  96.479276556583  3.787852185828  4.587094045438  7.461683892121  7.863065593750
5.874310467080  0.933986343950  9.851607812396  4.085274420834  -1.123831911560  4.907969922343  6.083246462136  0.064138337022  1.226938718402  9.619314242940  6.669096075278  85.762572780723  2.947442932146  2.247681958918  1.122128435103  6.960027534141
0.942700148443  8.813840450064  4.403750206053  1.697663458842  -2.996212301167  9.507759678473  9.677862243056  7.170402387977  1.500032845095  8.970596111512  3.714701487396  75.398910955121  6.985089977335  6.811642851909  9.733371664082  4.458730897316
2.271738943853  6.496698199997  6.175914873470  8.776321063932  -6.676790880633  2.698313142627  3.018788058910  2.832300823435  3.912262700373  2.670504504947  8.024039981736  25.544753654405  4.413211982320  0.127279558965  5.457004065306  3.562541680882
0.782685725367  8.475913341826  3.540902792637  7.260982365283  -4.062614353867  4.638167665291  9.918747402249  5.051365679662  1.502757061856  2.611981344610  3.618147931210  65.412443765776  7.489231708816  9.584360169756  2.041757787119  3.921224667338
0.650488682345  9.472458902409  3.368484394994  4.897111549020  -6.860149344452  2.000104051432  9.095345907420  2.197041809512  0.915900067443  5.466092308426  8.142690755883  30.902700052248  2.447827821382  5.048505754511  6.827190528887  1.734491985109
9.395627083733  6.178527726838  9.467726376521  1.699695327074  -5.299466662623  0.909794097955  5.807261369931  1.313977635100  7.217096252547  5.159474176900  6.493222793711  95.646921551358  1.154157716182  2.673886134243  4.938359743502  1.621755631796
1.214242252773  1.115678210408  2.351914162803  5.616128669380  -2.201956028426  0.313258584450  2.480255136313  5.935952135354  0.756345120128  0.412347751812  6.530005120004  01.603130733183  3.875656171878  8.557535988484  8.373142048293  6.801119833867
1.494124225421  2.305316610900  7.627270112330  8.107178452560  -7.471109085851  4.743640423276  4.676979434932  4.216938770155  1.199989997230  0.508202625075  4.685030079196  08.157933162781  3.036605273589  3.751354309437  9.098966529136  7.026589259020
2.092084649978  4.714951177467  4.577340473171  2.747214219815  -9.207400544331  4.146371380413  5.249843613309  9.101986197452  7.982061031902  8.279245295623  4.072595377269  20.243686833674  0.313569560160  4.151378074113  3.615677169442  4.697729852395
6.592108748021  8.964738238944  0.146383245316  1.041934216051  -5.565780481737  3.024796392872  7.777441875404  0.104850500003  5.331795658337  8.455672147545  8.728944443874  55.599319321786  3.904984840711  4.310265880093  3.986373450985  1.607976196408
5.274420834112  3.831811560490  7.969922502608  3.246462395006  -4.138237122122  6.938718402961  9.314242940666  9.096875278996  4.661318072329  4.414657879322  4.787635891811  17.106741103696  0.966926551140  2.700947843881  3.840481164440  3.750360853169
7.663458842299  6.212201167950  7.759678473967  7.862243056717  -0.402387077150  0.032845095897  0.596111512371  4.701287396892  7.205135512169  8.278351398268  1.183725190997  28.359970082445  8.679289726373  1.738742253649  6.698120097617  5.914937270877
6.321063932667  6.790780633269  8.313142886301  8.788058179283  -2.300723535391  2.262700373267  0.504504947802  4.039281736316  1.398525440544  1.002100661101  2.747185896554  42.089271306356  2.480072292124  2.685524767847  5.913372926354  0.902856437726
0.982365283406  2.614253867463  8.167665291991  8.747402249505  -1.365679762150  2.757061856261  1.981344610361  8.147231210715  8.167536577674  8.604182210795  8.456246975620  36.732993119392  1.163059748111  0.488481745947  2.458933509336  8.484458794489
7.111549020686  0.149244452200  0.104051691909  5.345907689219  -7.041709612091  5.900067443546  6.092308426814  2.690055883460  7.193265224824  4.463794567350  4.870705451168  12.175734887173  4.330377519085  5.627882133617  8.527757938946  7.726430321169
9.695327074529  9.466562623090  9.794097955580  7.261369931131  -3.977635200721  7.096252547515  9.474176900649  3.222093711017  0.310435135811  5.196662695826  7.308833424349  23.334859502162  1.694023106277  4.242051173111  5.678241508235  1.914226603561
Information: The net parasitics of block filtro_pdm are cleared. (TIM-123)
Information: The stitching and editing of coupling caps is turned OFF for design 'filtro_pdm.dlib:filtro_pdm/place.design'. (TIM-125)
Information: Design filtro_pdm has 12009 nets, 11975 global routed, 32 detail routed. (NEX-024)
Information: build GR coup map successfully (NEX-012)
Information: The RC mode used is GR for design 'filtro_pdm'. (NEX-022)
Information: Update timing completed net estimation for all the timing graph nets (TIM-111)
Information: Net estimation statistics: timing graph nets = 12007, routed nets = 12007, across physical hierarchy nets = 0, parasitics cached nets = 12007, delay annotated nets = 0, parasitics annotated nets = 0, multi-voltage nets = 0. (TIM-112)

Clock-opt final QoR
___________________
Scenario Mapping Table
1: default

Pathgroup Mapping Table
1: **default**
2: **async_default**
3: **clock_gating_default**
4: **in2reg_default**
5: **reg2out_default**
6: **in2out_default**
7: clk

-------------------------------------------------------------------------------------------------------------------------------------------------------------
PATHGROUP QOR 
-------------------------------------------------------------------------------------------------------------------------------------------------------------
Scene  PG      WNS        TNS    NSV       WHV        THV    NHV
    1   1   0.0000     0.0000      0   0.0000     0.0000      0
    1   2   0.0000     0.0000      0   0.0000     0.0000      0
    1   3   0.0000     0.0000      0   0.0000     0.0000      0
    1   4   0.0000     0.0000      0   0.0000     0.0000      0
    1   5   0.0000     0.0000      0   0.0000     0.0000      0
    1   6   0.0000     0.0000      0   0.0000     0.0000      0
    1   7   0.0000     0.0000      0   0.0000     0.0000      0
----------------------------------------------------------------------------------------------------------------------------------------------------------------------
SCENARIO QOR 
----------------------------------------------------------------------------------------------------------------------------------------------------------------------
Scene  PG      WNS        TNS   R2RTNS    NSV       WHV        THV    NHV  MaxTrnV   MaxTranC  MaxCapV    Leakage
    1   *   0.0000     0.0000   0.0000      0   0.0000     0.0000      0        0     0.0000        0  950635392
----------------------------------------------------------------------------------------------------------------------------------------------------------------------
DESIGN QOR 
----------------------------------------------------------------------------------------------------------------------------------------------------------------------
Scene  PG      WNS        TNS   R2RTNS    NSV       WHV        THV    NHV  MaxTrnV   MaxTranC  MaxCapV    Leakage         Area    InstCnt     BufCnt     InvCnt
    *   *   0.0000     0.0000   0.0000      0   0.0000     0.0000      0        0     0.0000        0  950635392     32924.10       8094        311       1648
----------------------------------------------------------------------------------------------------------------------------------------------------------------------

Clock-opt final QoR Summary         WNS        TNS   R2RTNS    NSV      WHV        THV    NHV  MaxTrnV  MaxCapV    Leakage         Area    InstCnt
Clock-opt final QoR Summary      0.0000     0.0000   0.0000      0   0.0000     0.0000      0        0        0  950635392     32924.10       8094

Clock-opt optimization summary            SETUP-COST    R2R-COST HOLD-COST LDRC-COST          AREA     LEAKAGE     INSTCNT            ELAPSE       MEM
Clock-opt command complete                CPU:   163 s (  0.05 hr )  ELAPSE:   165 s (  0.05 hr )  MEM-PEAK:  1558 MB
Clock-opt command statistics  CPU=111 sec (0.03 hr) ELAPSED=111 sec (0.03 hr) MEM-PEAK=1.521 GB
1
[Tim-Power] Info: Destroyed power manager, requires activity propagation and power calculation during next update.
Information: Activity propagation will be performed for scenario default.
Information: Doing activity propagation for mode 'default' and corner 'default' with effort level 'medium'. (POW-024)
Information: Timer-derived activity data is cached on scenario default (POW-052)
Information: Running switching activity propagation in scalar mode!

 **** Information : No. of simulation cycles = 6 ****
[Non-Incremental Power-Update] SCENE[default_late] PROP[late] InstanceSize[8094]

Information: Runtime Summary (All Commands) (FLW-9000)
----------------------------------------------------------------------------
    Elapse (Hrs)   Elapse (%)       CPU/Elapse       Category
----------------------------------------------------------------------------
      0.01           25.9%             1.0           Logic Restructure 
      0.01           16.0%             1.0           Power/Area Opt 
      0.00           10.7%             1.0           Trial CTS 
      0.00            8.2%             1.0           Init 
      0.00            7.0%             1.0           Other 
      0.00            5.1%             1.0           Global Route 
      0.00            4.0%             1.0           Final CTS 
      0.00            3.7%             1.0           ECO Route 
      0.00            3.6%             1.0           LDRC 
      0.00            3.3%             1.0           DFT Opt 
      0.00            2.7%             1.0           Full Timing Update 
      0.00            2.5%             1.0           Detail Route 
      0.00            2.4%             1.0           Placement 
      0.00            2.1%             1.0           Power CCD 
      0.00            1.3%             1.0           Setup Opt 
      0.00            1.0%             1.0           CCD 
      0.00            0.5%             1.0           TNS CCD 
      0.00            0.1%             1.0           Hold Opt 
      0.00            0.0%             1.0           Legalize 
      0.00            0.0%             1.0           DRC CCD 
      0.00            0.0%             1.0           CUS 
----------------------------------------------------------------------------
      0.04          100.0%             1.0           Total 
----------------------------------------------------------------------------

Host Options:
-------------
Max cores: 1

Machine Spec:
-------------
INTEL(R) XEON(R) GOLD 6526Y / 64 CPUs  
Sockets: 2, Cores: 16, HT/SMT, not-VM
----------------------------------------------------------------------------

Information: Running auto PG connection. (NDM-099)
Information: Ending   'clock_opt' (FLW-8001)
Information: Time: 2026-10-09 21:16:41 / Session:  00:02:46 / Command:  00:02:32 / CPU:  00:02:32 / Memory: 1559 MB (FLW-8100)
1
# ------------------------------------------------------------
# 5. Conexao PG das celulas inseridas
# ------------------------------------------------------------
connect_pg_net -automatic
Information: Connecting to PG and tie pins in automatic mode. (MV-396)
****************************************
Report : Power/Ground Connection Summary
Design : filtro_pdm
Version: X-2025.06-SP3
Date   : Fri Oct  9 21:16:41 2026
****************************************
P/G net name                  P/G pin count(previous/current)
--------------------------------------------------------------------------------
Power net VDD                 8094/8094
Ground net VSS                8094/8094
--------------------------------------------------------------------------------
Information: connections of 0 power/ground pin(s) are created or changed. (MV-382)

1
check_legality
Information: The command 'check_legality' cleared the undo history. (UNDO-016)

************************

running check_legality

Warning: Routing direction of metal layer PO is neither "horizontal" nor "vertical".  PDC checks will not be performed on this layer. (PDC-003)
PDC app_options settings =========
	place.legalize.enable_prerouted_net_check: 1
	place.legalize.num_tracks_for_access_check: 1
	place.legalize.use_eol_spacing_for_access_check: 0
	place.legalize.allow_touch_track_for_access_check: 1
	place.legalize.reduce_conservatism_in_eol_check: 0
	place.legalize.preroute_shape_merge_distance: 0.0
	place.legalize.enable_non_preferred_direction_span_check: 0

Layer M1: cached 0 shapes out of 5987 total shapes.
Cached 1442 vias out of 75000 total vias.

check_legality for block design filtro_pdm ... 
Information: Initializing classic cellmap without advanced rules enabled and without PDC enabled
Information: The following app options are used in cellmap
        place.legalize.enable_color_aware_placement : false
        place.legalize.use_nll_query_cm : false
        place.legalize.enable_advanced_legalizer : false
        place.legalize.enable_prerouted_net_check : true
        place.legalize.enable_advanced_prerouted_net_check : false
        place.legalize.always_continue : true
        place.legalize.limit_legality_checks : false
        place.common.pnet_aware_density : 1.0000
        place.common.pnet_aware_min_width : 0.0000
        place.common.pnet_aware_layers : {}
        place.common.use_placement_model : false
        place.common.enable_advanced_placement_model : true
        cts.placement.cell_spacing_rule_style : maximum
Total 0.0316 seconds to build cellmap data
Information: Creating classic rule checker.
Warning: Routing direction of metal layer PO is neither "horizontal" nor "vertical".  PDC checks will not be performed on this layer. (PDC-003)
=====> Processed 63 ref cells (8 fillers) from library
Design has no advanced rules
Checking legality
Checking cell legality:
0%....10%....20%....30%....40%....50%....60%....70%....80%....90%....100%
Sorting rows.
Checking spacing rule legality.
0%....10%....20%....30%....40%....50%....60%....70%....80%....90%....100%
Checking packing rule legality.


****************************************
  Report : Legality
****************************************

VIOLATIONS BY CATEGORY:
   MOVABLE  APP-FIXED USER-FIXED  DESCRIPTION
         0          0          0  Two objects overlap.
         0          0          0  A cell violates a pnet.
         0          0          0  A cell is illegal at a site.
         0          0          0  A cell is not aligned with a site.
         0          0          0  A cell has an illegal orientation.
         0          0          0  A cell spacing rule is violated.
         0          0          0  A layer rule is violated.
         0          0          0  A cell is in the wrong region.
         0          0          0  Two cells violate cts margins.
         0          0          0  Two cells violate coloring.

         0          0          0  TOTAL

TOTAL 0 Violations.

VIOLATIONS BY SUBCATEGORY:
     MOVABLE  APP-FIXED USER-FIXED  DESCRIPTION

         0          0          0    Two objects overlap.
           0          0          0    Two cells overlap.
           0          0          0    Two cells have overlapping keepout margins.
           0          0          0    A cell overlaps a blockage.
           0          0          0    A cell keepout margin overlaps a blockage.

         0          0          0    A cell violates a pnet.

         0          0          0    A cell is illegal at a site.
           0          0          0    A cell violates pin-track alignment rules.
           0          0          0    A cell is illegal at a site.
           0          0          0    A cell violates legal index rule.
           0          0          0    A cell has the wrong variant for its location.

         0          0          0    A cell is not aligned with a site.
           0          0          0    A cell is not aligned with the base site.
           0          0          0    A cell is not aligned with an overlaid site.

         0          0          0    A cell has an illegal orientation.

         0          0          0    A cell spacing rule is violated.
           0          0          0    A spacing rule is violated in a row.
           0          0          0    A spacing rule is violated between adjacent rows.
           0          0          0    A cell violates vertical abutment rule.
           0          0          0    A cell violates metal spacing rule.

         0          0          0    A layer rule is violated.
           0          0          0    A layer VTH rule is violated.
           0          0          0    A layer OD rule is violated.
           0          0          0    A layer OD max-width rule is violated.
           0          0          0    A layer ALL_OD corner rule is violated.
           0          0          0    A layer max-vertical-length rule is violated.
           0          0          0    A layer TPO rule is violated.
           0          0          0    Filler cell insertion cannot satisfy layer rules.

         0          0          0    A cell is in the wrong region.
           0          0          0    A cell is outside its hard bound.
           0          0          0    A cell is in the wrong voltage area.
           0          0          0    A cell violates an exclusive movebound.

         0          0          0    Two cells violate cts margins.

         0          0          0    Two cells violate coloring.


check_legality for block design filtro_pdm succeeded!


check_legality succeeded.

**************************

1
# ------------------------------------------------------------
# 6. Relatorios
#
# Apos o CTS a analise de hold passa a ser significativa.
# ------------------------------------------------------------
report_clock_qor > pnr/reports/cts/clock_qor.rpt
report_qor       > pnr/reports/cts/qor.rpt
report_timing -delay_type max -max_paths 10 \
    > pnr/reports/cts/timing_max.rpt
report_timing -delay_type min -max_paths 10 \
    > pnr/reports/cts/timing_min.rpt
report_utilization > pnr/reports/cts/utilization.rpt
# ------------------------------------------------------------
# 7. Salvar checkpoint
# ------------------------------------------------------------
save_block -label cts
Information: Saving 'filtro_pdm.dlib:filtro_pdm/place.design' to 'filtro_pdm.dlib:filtro_pdm/cts.design'. (DES-028)
1
puts "CTS: script executado ate o final."
CTS: script executado ate o final.
puts "Relatorios em pnr/reports/cts/"
Relatorios em pnr/reports/cts/
Information: 716 out of 726 POW-005 messages were not printed due to limit 10  (MSG-3913)
Information: 37 out of 47 POW-080 messages were not printed due to limit 10  (MSG-3913)
Information: 39056 out of 39066 POW-109 messages were not printed due to limit 10  (MSG-3913)
fc_shell> exit
Maximum memory usage for this session: 1558.59 MB
Maximum memory usage for this session including child processes: 1558.59 MB
CPU usage for this session:    164 seconds (  0.05 hours)
Elapsed time for this session:    244 seconds (  0.07 hours)
Thank you for using Fusion Compiler.
